gesture,participant_id,session_id,repetition_id,recording_id,window_id,segment_id,source_file,n_muestras,fs_hz,duracion_s,acc_mag_energy,acc_mag_entropy,acc_mag_kurtosis,acc_mag_mean,acc_mag_skewness,acc_mag_variance,ax_energy,ax_entropy,ax_kurtosis,ax_mean,ax_skewness,ax_variance,ay_energy,ay_entropy,ay_kurtosis,ay_mean,ay_skewness,ay_variance,az_energy,az_entropy,az_kurtosis,az_mean,az_skewness,az_variance,gx_energy,gx_entropy,gx_kurtosis,gx_mean,gx_skewness,gx_variance,gy_energy,gy_entropy,gy_kurtosis,gy_mean,gy_skewness,gy_variance,gyro_mag_energy,gyro_mag_entropy,gyro_mag_kurtosis,gyro_mag_mean,gyro_mag_skewness,gyro_mag_variance,gz_energy,gz_entropy,gz_kurtosis,gz_mean,gz_skewness,gz_variance
abajo,01,01,001,abajo_p01_s01_r001,0,abajo_p01_s01_r001_w00,abajo/participante_01_sesion_01_rep_001.csv,45,30.303030303030305,1.4849999999999999,1.2276244444444442,3.622098307720394,-0.9310767965069706,0.995484279473101,0.2897677306548696,0.24201357317014605,0.02947111111111111,3.5295472624674935,-0.2946350837119298,-0.05599999999999999,-0.9228214423029177,0.02693363636363636,0.02362,3.3587379656176615,1.5030399385619457,0.05488888888888889,0.8232719731914084,0.02107555555555556,1.1745333333333332,3.7609571982867696,-0.8751420626085906,-0.9697777777777777,-0.28841304423461245,0.23938404040404038,1102.9151577777777,3.2443991427792915,1.891859107295529,-3.699333333333333,0.9974623866247373,1113.98532,1783.339777777778,3.395437620159956,-0.45883638548308214,4.724,0.6850875070096624,1801.0468654545455,3248.3463822222216,3.707838097718698,-0.5220804790408273,49.7401233511259,0.3226828037691927,791.8634774014807,362.09144666666674,3.486189909917875,-0.10809236419782708,-5.627333333333333,0.3132840420353908,337.93421545454544
abajo,01,01,001,abajo_p01_s01_r001,1,abajo_p01_s01_r001_w01,abajo/participante_01_sesion_01_rep_001.csv,45,30.303030303030305,1.4849999999999999,0.9815488888888889,3.4308515766806953,0.3841691358917858,0.8887083478686242,0.37507348242779703,0.1961042331656344,0.027424444444444442,3.281519274495712,0.06574943322379045,-0.08111111111111113,-1.0590835518077006,0.021319191919191925,0.021877777777777777,3.05122675597795,2.3537422623016298,0.066,0.9864109118673827,0.01792,0.9322466666666668,3.4493330297022307,0.4381279915329066,-0.8544444444444443,-0.1375436325903769,0.2067661616161616,1020.516357777778,3.302886574907055,1.9758242647810587,0.6264444444444446,0.9556841634936367,1043.3085597979798,512.625142222222,3.142847935009375,2.2031541428204147,-7.439555555555557,0.07719298242674391,467.6708407070706,1915.9275444444443,3.365552889298336,0.6605494488786512,36.59035174427741,0.8970482950691266,590.1890151216469,382.78604444444437,3.243469276557816,0.7847947921796155,-4.490222222222223,0.5893848042801372,370.8654022222222
abajo,01,01,001,abajo_p01_s01_r001,2,abajo_p01_s01_r001_w02,abajo/participante_01_sesion_01_rep_001.csv,45,30.303030303030305,1.4849999999999999,1.555037777777778,3.4138580962335205,-0.5581969689473212,1.060930413923065,0.4583212676077987,0.4392249899224207,0.07549777777777779,3.2977440559091216,-0.5335358505374814,-0.1551111111111111,-0.8665418776820666,0.052607373737373744,0.042715555555555555,3.1999546983348472,1.0911676517324036,0.10533333333333333,1.0669757008776675,0.03233909090909091,1.4368244444444445,3.3846387021479583,-0.44027844412051476,-1.0073333333333332,-0.3671844721078448,0.43169727272727276,1987.531128888889,3.5382219185911197,-0.10517216148419495,4.534666666666666,0.3048344804335358,2011.6717436363635,1930.117511111111,3.0380223321614483,2.3043235128106367,1.0146666666666666,1.1854772541222063,1972.9308709090908,4331.519355555555,3.503321019543808,-0.16822548107458646,54.01612780672208,0.6677756505127145,1445.9085944216806,413.87071555555565,3.5717724742428296,0.18497970153831833,-1.2666666666666666,0.17176053549509115,421.63595909090907
abajo,01,01,002,abajo_p01_s01_r002,0,abajo_p01_s01_r002_w00,abajo/participante_01_sesion_01_rep_002.csv,45,30.303030303030305,1.4849999999999999,1.464246666666667,3.3560056754751253,-1.368676245318407,1.056188866483063,0.2082763342611082,0.35663701191534164,0.16843555555555556,3.087896085113555,-1.5494236490539726,-0.25022222222222223,-0.40784693715236764,0.10822949494949494,0.09397333333333331,3.379113144914916,-0.39924046741523833,0.1853333333333334,0.8331702371607294,0.060980000000000006,1.2018377777777778,3.2938560869833498,-0.5260381459548134,-0.9144444444444446,0.32626711733025454,0.3739388888888888,1775.2046666666668,2.736925370012605,3.2371287899240837,-0.014666666666667705,1.2804515436130368,1815.5500072727273,3128.6869311111113,3.387787801038542,0.04390235030145151,3.3953333333333338,0.7663356756147487,3188.003157272728,5527.554253333334,2.9900070337076508,1.2832239103226097,58.642254335133075,0.9972948071644901,2136.109356641149,623.6626555555554,3.450775953397135,0.0956137339517853,-4.1113333333333335,-0.36402637488478823,620.5495845454544
abajo,01,01,002,abajo_p01_s01_r002,1,abajo_p01_s01_r002_w01,abajo/participante_01_sesion_01_rep_002.csv,45,30.303030303030305,1.4849999999999999,1.546348888888889,3.3050448306281925,-1.7526555163258424,1.1046516600834848,-0.11178557676579315,0.33350481691740996,0.17542000000000002,3.522315530038771,-1.2364026064576972,-0.3104444444444444,0.10513803313924298,0.08084070707070706,0.0969088888888889,3.541884074955132,-0.43164553130767747,0.22155555555555556,0.3179820635401918,0.04890888888888889,1.27402,3.2952367557856417,-1.7280087778642896,-1.0046666666666666,0.06477020573551394,0.27068000000000003,1230.1380688888887,3.4026083756407086,-0.16876036492853874,1.9917777777777776,-0.32566478025398043,1254.0384104040406,2254.1301911111113,3.8057574745312923,-0.8514583350036622,6.827555555555555,-0.21254030904912408,2257.6854643434344,4236.762817777777,3.6714942749764825,-0.4512110026034195,60.70970298649054,-0.11570998483447437,563.6196624578319,752.4945577777778,3.4552144187353506,-0.09367839704068803,-3.150888888888889,-0.01322843554207549,759.4429673737374
abajo,01,01,002,abajo_p01_s01_r002,2,abajo_p01_s01_r002_w02,abajo/participante_01_sesion_01_rep_002.csv,45,30.303030303030305,1.4849999999999999,1.2154888888888888,3.563255043792553,-1.6171423926151134,0.9985128332855688,0.18192178398164596,0.22342603362229896,0.13581111111111113,3.700093307816549,-1.2264268067978539,-0.27133333333333326,-0.12920948611060645,0.06360272727272728,0.07621111111111112,3.6220983077203943,-1.1189896570017421,0.1962222222222222,0.0055728016004276855,0.03856494949494949,1.0034666666666667,3.6707789429502484,-1.4787742847299497,-0.9111111111111113,-0.24401315123005182,0.1772828282828283,806.0505111111112,3.3935778877170035,0.4841876347732037,-1.1457777777777782,0.33164419740373985,823.0271976767675,1723.0315777777776,3.734994206863861,-0.7719177355095814,4.014222222222222,0.22045112157918298,1745.7111794949494,3029.2876,3.795437620159955,-0.8595942063268529,50.176859325969545,-0.058150949036743324,523.1969879132685,500.2055111111111,3.602173931003955,-0.10209778091488975,0.18311111111111142,0.6559233293915211,511.53952646464654
abajo,01,01,003,abajo_p01_s01_r003,0,abajo_p01_s01_r003_w00,abajo/participante_01_sesion_01_rep_003.csv,45,30.303030303030305,1.4849999999999999,1.2774800000000004,3.4076208754003225,-1.5992853980324935,0.9776945173636032,0.29107082845568305,0.32890237232435887,0.3144733333333333,3.244624955341051,-1.669464303443055,-0.36422222222222234,-0.2769010365956685,0.18594767676767682,0.0927511111111111,3.6429562190843874,-1.255735920060531,0.1791111111111111,0.4416814265393076,0.062049191919191914,0.8702555555555558,3.4009009225003854,-1.3270707952948393,-0.8219999999999998,-0.3372480298772497,0.19899363636363637,1790.1234,3.6130678197966906,-0.08612247444697996,-1.4724444444444442,-0.21817132143258203,1828.5906552525257,6068.532268888889,3.407107817926895,-0.757574283298478,-1.7522222222222235,0.45124712276354145,6203.313394949495,8590.616053333331,3.708767963940175,-1.5179345836419889,82.07227858032532,-0.019548442060089318,1896.9107133751445,731.9603844444446,3.5944291411018052,0.03222282185010128,-4.3051111111111116,-0.42084419253636435,729.6406391919191
abajo,01,01,003,abajo_p01_s01_r003,1,abajo_p01_s01_r003_w01,abajo/participante_01_sesion_01_rep_003.csv,45,30.303030303030305,1.4849999999999999,1.3321800000000001,3.315999696368898,-1.8127414848638237,1.0286005317967646,0.13459949284470005,0.2803918765780366,0.30083777777777776,3.368219256122181,-1.540986297777903,-0.37755555555555553,-0.12334644378045145,0.16188707070707073,0.10343999999999999,3.5269112210503373,-1.3767001854754437,0.21911111111111115,0.17908868364886554,0.056690101010100996,0.9279022222222221,3.5292217560741044,-1.596788404582798,-0.8719999999999998,-0.2955523192209943,0.17132545454545453,1797.6660800000002,3.6162169186872744,-0.010814698186720761,0.17911111111111147,-0.3011996559185072,1838.4893173737373,5248.6976933333335,3.6220983077203943,-0.7106774882052589,-3.8444444444444437,0.2728073645779085,5352.870620707071,8021.347008888889,3.7283365088565357,-1.4532010211171478,79.40193037997186,0.039764966739389694,1755.695925841693,974.9832355555556,3.632062330291653,-0.31216971020979933,-3.352444444444444,0.014130655578828227,985.6476325252526
abajo,01,01,003,abajo_p01_s01_r003,2,abajo_p01_s01_r003_w02,abajo/participante_01_sesion_01_rep_003.csv,45,30.303030303030305,1.4849999999999999,1.2265666666666668,3.3546590005056007,-1.7816190831996477,0.9364364660973591,0.13961220879686692,0.3576000800758873,0.25547777777777775,3.5599487192286197,-1.6570923841114258,-0.34688888888888897,-0.07693555789205855,0.13821737373737375,0.11821333333333334,3.7023125404856567,-1.0090879613113353,0.2222222222222223,0.34497581458524035,0.0703949494949495,0.8528755555555555,3.495996706815784,-1.6129288130345274,-0.7835555555555557,-0.20810265538016479,0.24434616161616163,1907.7990044444448,3.5940733093017263,-0.39492411710482545,5.151111111111112,-0.6107780622780368,1924.0210828282825,4780.6648911111115,3.7976568528290637,-0.976363440370966,9.068222222222222,0.1618381112812884,4805.214787676767,8151.617704444445,3.6220983077203943,-1.0520965135483193,83.23602450601129,-0.050732890650202186,1251.1860636263843,1463.1538088888888,3.717442620063801,-1.2330168081542425,4.581333333333334,-0.09369976639066854,1474.9416754545457
abajo,01,01,004,abajo_p01_s01_r004,0,abajo_p01_s01_r004_w00,abajo/participante_01_sesion_01_rep_004.csv,47,31.25,1.504,1.438227659574468,2.650038477920462,1.988607263183792,1.07807166899283,0.9958411071726447,0.28198889991751463,0.20866595744680855,2.4045026125732036,0.911150083490182,-0.09978723404255319,-1.5632370153298187,0.20302821461609621,0.02007659574468085,2.3705129907468265,6.7800805675401925,-0.0702127659574468,2.6183793123184844,0.015476040703052732,1.209485106382979,2.5416914102160404,1.685960131486116,-0.9519148936170212,0.39145027272878974,0.3099375578168363,572.255659574468,3.014377599529159,1.7409481504528515,6.070212765957445,1.373426849397652,547.0474847363553,9615.517146808512,2.8520452344722353,2.2917819036903655,33.612553191489354,1.7294687862740996,8670.185445513414,10306.092089361704,2.365402946087412,2.803073864893177,59.52606826493382,1.8973769521203767,6909.755357721012,118.31928297872338,2.5072077646822266,4.746023710202246,-0.4308510638297872,-0.9583853772047195,120.70177317298796
abajo,01,01,004,abajo_p01_s01_r004,1,abajo_p01_s01_r004_w01,abajo/participante_01_sesion_01_rep_004.csv,47,31.25,1.504,1.5099936170212767,3.2477879915731367,-0.8847748236371578,1.0050064763368485,0.5658639124164706,0.5108241995323176,0.4495063829787233,3.564678480713159,-1.5555604240193106,-0.32382978723404254,-0.37682522810503766,0.3521328399629972,0.029389361702127654,3.349296500789455,-0.40567536939831017,0.008723404255319154,0.9470082545435563,0.029950508788159115,1.0310978723404254,3.426097361947685,-0.6851958467052199,-0.7561702127659573,-0.33112427370187814,0.4692893617021276,1682.7878765957446,3.725351225059826,-0.44869227964633085,-0.966382978723404,-0.25654683501825676,1718.4160235892691,16473.23669148936,3.690213257944864,-0.013085530752094954,-3.6414893617021273,0.6872045858846242,16817.801817298798,18555.657506382973,3.3563126529582763,0.12889261097879956,112.87385074829459,0.878549996048465,5941.567656757188,399.63293829787233,3.4822465023955593,0.10672307093412625,-5.380212765957447,-0.2101177645620747,378.7446456059204
abajo,01,01,004,abajo_p01_s01_r004,2,abajo_p01_s01_r004_w02,abajo/participante_01_sesion_01_rep_004.csv,47,31.25,1.504,1.8531021276595745,3.4887679170010237,-1.708501885538584,1.1828992367579068,-0.20018272490348576,0.4637178608009871,0.5994319148936171,3.521784599202447,-1.362752162254601,-0.5423404255319149,0.4918815822236195,0.31193570767807594,0.03980212765957447,3.753967777569325,-1.3621325853194561,0.09851063829787236,-0.2994228616834241,0.030752081406105452,1.2138680851063832,3.5876639160632875,-1.5608051613026184,-0.9302127659574467,0.07124546663983891,0.35614995374653097,1611.1280127659575,3.628092310316269,-0.45215101545542735,-3.0523404255319155,-0.3022024343444615,1636.6332139685476,15386.6564,3.7375656513317295,-1.302502132008664,-14.708510638297872,0.26199036611152376,15500.10559555967,17994.24787234042,3.752392587757688,-1.184789955210752,120.44440075110663,-0.21520179400394135,3563.207117439585,996.4634595744682,3.8417485652091714,-0.8980763034386778,-2.1238297872340426,0.135596500679065,1013.5169980573543
abajo,01,01,005,abajo_p01_s01_r005,0,abajo_p01_s01_r005_w00,abajo/participante_01_sesion_01_rep_005.csv,47,31.25,1.504,1.5413361702127661,3.1916388511252625,-0.9828662618797037,1.114073689492617,-0.0618644060019906,0.30670154947553274,0.4138574468085106,2.870378154564597,-1.6221579824962127,-0.34617021276595744,-0.45431052470966665,0.30041544865864944,0.0329,3.3195363779605893,-0.9168435462728532,0.10276595744680855,0.601208120221068,0.02282479185938945,1.0945787234042552,3.511203744926408,-0.03192465277503631,-0.9421276595744681,0.684639169326033,0.21147363552266424,1226.348944680851,2.5151996549429225,1.7267421695359761,-3.0910638297872333,0.4370431262017164,1243.2463184088808,10078.040146808511,2.7088773435354905,0.36683103829657915,6.170851063829791,0.7081506888762261,10258.22076012951,12434.287738297873,2.9511397621067577,-0.3878740579677338,80.97626531593552,0.8180153501562528,6004.89593712416,1129.8986468085109,3.151760064297024,-0.23859292766039752,-2.765106382978723,-0.24409251294606063,1146.649634227567
abajo,01,01,005,abajo_p01_s01_r005,1,abajo_p01_s01_r005_w01,abajo/participante_01_sesion_01_rep_005.csv,47,31.25,1.504,1.574768085106383,3.340650288947611,-1.6829406318700584,1.0748213230748114,0.05624641987874022,0.4286473652781413,0.527163829787234,3.428460111551308,-1.7592475601430833,-0.4717021276595744,-0.05237421385033545,0.3112839962997224,0.05329574468085107,3.496926415925193,-0.5457783131233516,0.11723404255319146,0.5025262430140921,0.04041174838112859,0.9943085106382981,3.667630407123156,-1.5188768269432564,-0.8665957446808509,-0.022295884971819436,0.24860989824236818,2677.9796702127655,3.528737633300181,-0.700802897342546,12.149999999999999,0.10658353197953234,2585.364934782608,14147.1113212766,3.5304891932285187,-1.0335273746935616,26.713829787234047,0.1820630125628362,13725.514850231268,18558.584944680853,3.6897220327043487,-0.8177993664532761,115.99749831604159,0.18149439721008037,5214.103705820367,1733.4939531914893,3.6497848636918824,-0.6998249087118564,6.356595744680851,-0.11630399847795464,1729.893896854764
abajo,01,01,005,abajo_p01_s01_r005,2,abajo_p01_s01_r005_w02,abajo/participante_01_sesion_01_rep_005.csv,47,31.25,1.504,1.2765191489361705,3.4560954371437926,-1.2659423836252666,0.9317498105922536,0.5935259442897752,0.41723886199306687,0.41527659574468084,3.351970905450578,-1.4721375799801966,-0.321276595744681,-0.5683797856039452,0.3188418131359852,0.06548510638297873,3.5641872554726435,-0.8827952828967507,0.11872340425531917,0.6479194441421067,0.052507030527289535,0.7957574468085106,3.6388633193944933,-1.1787631768442435,-0.7578723404255322,-0.4908462141302687,0.22619972247918596,2644.1563234042555,3.649293638451367,-0.5533266555113223,-4.371914893617021,0.5823014688200081,2682.1088288621645,11865.349280851058,3.8634411185847854,-0.8767779006869088,-16.087659574468084,0.2543916402225879,11858.852500925066,15942.792114893613,3.806060990669466,-1.4326660645380345,107.39167416638034,0.043004579370578444,4505.686096258133,1433.2865106382978,3.483568419333923,-0.0802014006135483,0.8587234042553192,0.4757257568556554,1463.6914765957442
abajo,01,01,006,abajo_p01_s01_r006,0,abajo_p01_s01_r006_w00,abajo/participante_01_sesion_01_rep_006.csv,47,31.25,1.504,1.012451063829787,3.304277822042362,0.944096438709003,1.0014513658077473,-0.12748674652611333,0.009753752398358078,0.014240425531914897,3.5654442916544813,0.013228870914102853,-0.11042553191489364,-0.6394810623226914,0.0020911193339500462,0.006831914893617022,3.3212295557047,0.8464998467702958,0.07170212765957445,0.41869379225595565,0.0017274745605920438,0.9913787234042553,3.3433537285725845,0.7921346288342734,-0.991063829787234,0.10640007532464169,0.00937058279370953,130.4083765957447,3.470925885892592,0.2259605824948654,-3.2534042553191487,-0.5040583649755198,122.4286012025902,261.58237446808505,3.506063853007554,0.28552633131096306,5.7017021276595745,0.08105800627072961,234.05281443108234,449.69958936170207,3.6845821407854937,-0.8340520320932119,18.130742863197312,0.3075867771558234,123.60566025532897,57.70883829787234,3.430896563845188,-0.14863663239368075,4.591914893617021,0.4491258635289935,37.419311470860315
abajo,01,01,006,abajo_p01_s01_r006,1,abajo_p01_s01_r006_w01,abajo/participante_01_sesion_01_rep_006.csv,47,31.25,1.504,1.0612574468085108,3.643263449086419,0.08968437485186564,1.0196179267918717,0.531162974335323,0.02210709387257251,0.03261702127659574,3.5325556082806715,-0.2201769253154322,-0.15319148936170215,0.012805277333957147,0.009348288621646623,0.006604255319148936,3.3033875245962676,1.4872084168275723,0.06595744680851064,0.1805592000518346,0.00230286771507863,1.0220361702127663,3.5637881832670657,0.10054427229247587,-1.0006382978723405,-0.5711640251325326,0.021210453283996303,210.64675957446806,3.614852301657472,-0.020360439450694212,-1.097234042553192,-0.31529085182760475,213.9959421831637,414.87714255319145,3.6685207045692496,-0.6774175438183452,-0.5546808510638298,-0.0011572910718066665,423.58185152636446,707.3418148936169,3.7453215657274805,-0.49076866113978035,24.482388796127925,0.002085181246122742,110.30128967947404,81.81791276595746,3.7635661813643315,-0.5832999704659558,-3.5019148936170206,-0.13307731336368034,71.06655929694728
abajo,01,01,006,abajo_p01_s01_r006,2,abajo_p01_s01_r006_w02,abajo/participante_01_sesion_01_rep_006.csv,47,31.25,1.504,1.0130382978723405,3.80695128811556,-0.4531633391330474,0.9924644830901432,0.479189663865267,0.02866238566993236,0.033055319148936176,3.602490852489245,-0.5996750206579291,-0.1472340425531915,0.2348272410163536,0.011624791859389453,0.008917021276595747,3.711073896058612,-0.21178090477241307,0.07340425531914893,0.12525212903131977,0.00360555041628122,0.9710659574468085,3.720954607690743,-0.288716433774729,-0.9721276595744679,-0.5987154649183384,0.026599722479185937,264.15053617021283,3.511694970166924,-0.38982174838014627,1.3391489361702127,-0.2790609617762558,268.06063404255315,441.85758936170214,3.855685204189035,-0.974497443435383,-3.578510638297873,0.22102865533572214,438.37906512488433,822.3650127659574,3.734891246670607,-0.5158710704440064,26.87841848645835,-0.04714078741898426,102.08771139870144,116.35688723404253,3.698518779765358,-1.0428879361888581,-1.6346808510638298,0.09518077449174994,116.15611239592968
abajo,01,01,007,abajo_p01_s01_r007,0,abajo_p01_s01_r007_w00,abajo/participante_01_sesion_01_rep_007.csv,47,31.25,1.504,1.135655319148936,3.748336660409954,-0.5262950388235219,1.0552832637615646,0.49375679233748715,0.02251152090353883,0.009619148936170214,3.3572029504043703,-0.40170025254730124,-0.06872340425531916,-0.34146856660624625,0.005002682701202591,0.018517021276595744,3.2984377874796,1.5612767908260814,0.13042553191489362,0.4970506995406214,0.001538945420906568,1.10751914893617,3.6441537465325125,-0.45826893863304985,-1.0421276595744682,-0.5298340734504583,0.021956244218316382,84.01572340425531,3.5339955131515084,-0.20268811521517494,-3.3434042553191494,-0.5163863358159806,74.42079250693801,594.6270170212766,3.420272577663287,0.8228451469054541,-3.1906382978723404,-1.2467860155291992,597.1522104532839,920.3843234042554,3.0607109091014295,2.0927058591586905,24.230954093934994,1.6086704977556376,340.4896476910411,241.74158297872341,3.067144906558816,3.048408786391507,-0.8195744680851069,-1.6479366293339757,246.3105302497688
abajo,01,01,007,abajo_p01_s01_r007,1,abajo_p01_s01_r007_w01,abajo/participante_01_sesion_01_rep_007.csv,47,31.25,1.504,1.0470808510638299,3.7687982263181237,-0.9513872970714177,1.0009669202289155,-0.1390051139932893,0.046127512098906025,0.020106382978723407,3.679291713647475,-1.136690536120875,0.01702127659574468,0.09802361461280837,0.020247456059204437,0.016293617021276595,3.466525756200667,-1.0554471940946888,0.06553191489361702,-0.5075866590121467,0.012260037002775214,1.0106808510638299,3.707908266156973,-0.964937438282989,-0.981276595744681,0.1748682832149076,0.04881572617946346,230.77070425531917,3.5378460354186907,0.25182839175212335,-1.5074468085106385,0.6048805010457219,233.46566290471782,733.7019468085109,3.461444246466039,0.15400581638355781,-7.91127659574468,-0.9999445335436548,685.7030765957448,1455.4347936170216,3.538245107624269,0.0613848556832437,32.50046157376664,0.8840416846478192,407.8320691767292,490.96214255319154,3.5694776826106627,0.21078369796494378,-1.3108510638297879,-0.040989408309664875,499.87954708603144
abajo,01,01,007,abajo_p01_s01_r007,2,abajo_p01_s01_r007_w02,abajo/participante_01_sesion_01_rep_007.csv,47,31.25,1.504,1.0324000000000002,3.7643980966261985,-0.8899491232210126,0.9951970256472886,-0.1952827583313596,0.042895551450242,0.016361702127659573,3.3528937501833638,1.597739548696918,0.08127659574468085,-0.6516932529762269,0.009967900092506938,0.012846808510638298,3.759598894728695,-1.1164883009161575,0.04893617021276595,-0.346198205121565,0.010679278445883442,1.0031914893617022,3.6471688412149867,-0.9211612990512057,-0.9787234042553191,0.24311253267639812,0.046276595744680855,269.3288340425532,3.6632302774312304,-0.5450909954710839,1.209787234042553,0.43151166590193885,273.68840647548564,508.85056808510643,2.977847311291559,2.8091234494452886,4.027021276595744,-1.1193629044307825,503.34309528214607,1225.9262829787233,3.4560954371437926,1.8658734945859967,30.610351801569067,1.2838334300748602,295.2137900316596,447.7468808510639,3.3432663114245065,0.6094904788760109,0.1931914893617019,-0.0764553927209021,457.44237437557825
abajo,01,01,008,abajo_p01_s01_r008,0,abajo_p01_s01_r008_w00,abajo/participante_01_sesion_01_rep_008.csv,46,30.76923076923077,1.4949999999999999,0.9792695652173913,3.56584212022416,-0.9022653863164996,0.9864927746792816,-0.5077030536159653,0.006237161183473017,0.14688478260869567,3.473072414373093,-1.5421384270816965,-0.2115217391304348,-0.2952189461023754,0.10441318840579708,0.0156304347826087,3.141308828963527,1.0806292391983163,0.10130434782608698,-0.8553213993322106,0.005487149758454107,0.816754347826087,3.4805180578665476,-0.6606644760120721,-0.9015217391304349,0.5073850852709443,0.004102077294685989,509.8421108695652,3.152055211607716,1.9442328955116164,-5.97804347826087,-1.4907879066020202,484.64077608695646,1951.2103978260873,3.553014066620183,-1.3399373779768018,35.371521739130436,0.09175688338987575,715.6228665217391,2879.023941304348,3.5440260859274124,-1.366162529955685,44.83601773745716,0.015755009446688326,888.0611315230144,417.97143260869564,3.699357543051905,-1.141017388608114,15.436739130434786,0.23564683394062144,183.67137357487923
abajo,01,01,008,abajo_p01_s01_r008,1,abajo_p01_s01_r008_w01,abajo/participante_01_sesion_01_rep_008.csv,46,30.76923076923077,1.4949999999999999,1.0730434782608693,3.777068555456201,-0.5413882901303735,1.035304660704184,-0.3076127325251445,0.0012141319580655319,0.5298891304347826,3.345777923345592,-0.5034774276071539,-0.6910869565217392,0.7524390304191504,0.05344990338164251,0.01552391304347826,3.544527989977505,-1.2805498980741574,0.0010869565217391313,0.14315642833736494,0.01586768115942029,0.5276304347826087,3.567601772338816,-1.6984542913005303,-0.691304347826087,0.15872837903761888,0.050833816425120755,825.4919913043478,3.6257309789668435,-0.18265252309715674,-7.350434782608697,-0.7679496211691617,788.6067242512077,2319.2611695652176,3.4274231650228777,-0.09526639012866056,39.340869565217396,-1.027053784996804,788.7028658937197,3712.8037152173915,3.68920238197867,-0.6197999346620677,56.7228337579163,-0.27482421811939506,506.331042260053,568.0505543478263,3.6701188915748095,0.18988326388124488,8.78630434782609,-0.767820259526715,501.7592193719806
abajo,01,01,008,abajo_p01_s01_r008,2,abajo_p01_s01_r008_w02,abajo/participante_01_sesion_01_rep_008.csv,46,30.76923076923077,1.4949999999999999,1.0851804347826088,3.602245860239539,-0.09393145698431882,1.0394917321751251,0.06594608266842891,0.004740426267103798,0.6898152173913044,3.0475583413253813,1.6565258955234459,-0.8141304347826086,1.5817732893183434,0.02760700483091787,0.011884782608695655,3.8790241192799577,-1.2802174343339974,-0.01717391304347826,-0.08467659520227003,0.011847391304347825,0.3834804347826087,3.6758724243246013,-1.4554712459301637,-0.5993478260869566,-0.10839951223305201,0.02480178743961353,516.1136521739131,3.1088357295434523,2.2592918519826988,2.3126086956521736,-0.5540307447655111,522.1158374879228,3235.838682608696,3.7500008924597545,-1.3413353354169908,-20.120869565217394,0.353126803344882,2893.9001636714975,4165.032130434782,3.7272752064246077,-1.015030289140284,59.90003145612142,-0.494639258795148,589.8409922569019,413.07979565217386,3.7020304355826466,-0.019897195748553198,-13.977826086956522,-0.44876221223286017,222.53795516908215
abajo,01,01,009,abajo_p01_s01_r009,0,abajo_p01_s01_r009_w00,abajo/participante_01_sesion_01_rep_009.csv,47,31.25,1.504,0.9660319148936167,3.74532156572748,-0.15139339380024364,0.9819527493653758,-0.4763593172396509,0.0018398588401656651,0.019889361702127656,3.460894639041296,-0.6233153801035134,0.1365957446808511,0.2935703043217814,0.0012577243293246994,0.025653191489361703,3.1797911635891025,0.24766117096922668,0.15765957446808515,-0.02884572174315786,0.0008139685476410731,0.9204893617021276,3.3030433222520754,-0.06614155615322348,-0.9582978723404254,0.6411667225979697,0.002201387604070305,54.06574468085107,3.7965209690586867,-0.9197694389586881,-3.263404255319148,-0.061675862467274904,44.35976207215541,105.04852765957446,3.7292601295112364,-0.607083249327323,2.3187234042553198,0.3686516503115922,101.83883311748379,215.52074680851064,3.6888317352582547,-0.6434659188153731,13.596431861875606,0.008169174561108196,31.324261073751575,56.406474468085115,3.294737800431582,0.439577693955588,5.5755319148936175,-0.22375308327399088,25.870351341350602
abajo,01,01,009,abajo_p01_s01_r009,1,abajo_p01_s01_r009_w01,abajo/participante_01_sesion_01_rep_009.csv,47,31.25,1.504,1.045027659574468,3.548957734518267,-0.6248479636762161,1.021530268231161,-0.10819320945063704,0.0015362569807797204,0.013504255319148933,3.5555410436307993,-1.5141898685613013,0.026595744680851064,-0.3592473735767012,0.013075115633672528,0.01307446808510638,3.517384469510522,-1.0529503987977706,0.09936170212765957,-0.001799990085225898,0.003271322849213692,1.0184489361702127,3.7318761519881325,-0.7007806411691533,-1.0082978723404254,-0.07539052275298004,0.0018231267345050909,74.01557659574469,3.756642182230448,-0.9033542768061684,-6.3023404255319155,-0.2904152859839082,35.04164875115634,389.9903404255319,3.514369374828047,-0.316911736487973,10.212340425531915,0.7921912190492069,291.909279185939,514.4766744680851,3.380529075775849,0.3905563494100761,19.06227551046613,1.1127815487460835,154.39124697967188,50.470757446808506,3.7322752241937103,-0.6308639275734995,3.0042553191489367,0.1594294736416819,42.346190194264565
abajo,01,01,009,abajo_p01_s01_r009,2,abajo_p01_s01_r009_w02,abajo/participante_01_sesion_01_rep_009.csv,47,31.25,1.504,1.0869914893617023,3.3072929167248364,1.5531041867303248,1.0403511923031146,0.2268039674076928,0.004762209644650874,0.01653404255319149,3.5926101408571136,-0.17907845648930065,-0.09808510638297872,0.26236894062192045,0.007063644773358003,0.00856595744680851,3.516494172064428,-0.21849960489427245,0.07617021276595745,0.5702297514574514,0.002824144310823312,1.0618914893617022,3.314499223695844,1.5450385177127304,-1.027872340425532,0.16026100915383268,0.005486679000925072,102.42257234042553,3.495292843929329,0.803713227466563,0.027446808510638222,0.6897690107502319,104.64838029602221,742.317765957447,3.271411675060103,1.0869150753406123,9.315319148936169,0.1886851074340355,669.793521091582,928.1805382978723,2.9413568564538375,3.6415366166468424,25.2166293639899,1.4781672405298585,298.65653620436154,83.4402,3.3748979586164785,0.823340427187397,-3.6523404255319147,-0.09663106012992558,71.62453570767809
abajo,01,01,010,abajo_p01_s01_r010,0,abajo_p01_s01_r010_w00,abajo/participante_01_sesion_01_rep_010.csv,47,31.25,1.504,0.9814021276595745,3.1824655682502256,2.8952363877862695,0.9871710521667016,-1.6735718042906338,0.007045342324176403,0.008063829787234043,2.9668673848099427,1.2297408704261867,0.08340425531914894,0.4178161799571245,0.0011316373728029602,0.01293617021276596,3.1448360651631395,2.0057152532667466,0.10042553191489362,-0.539154223225935,0.002912858464384829,0.9604021276595746,3.0445036735528803,3.1638470779556984,-0.9763829787234044,1.7568598704916318,0.007232284921369107,115.60005531914895,3.0489586731061915,4.565212550668199,-3.757021276595745,1.2640719770106839,103.69103876040704,119.7510829787234,3.4644009589642857,0.7579397408351585,0.4214893617021277,-0.0801534238518109,122.17285208140609,351.6934234042553,3.5147100648493983,-0.5044226622717707,15.74384930381642,0.7156972406599172,106.08168973130005,116.34228510638299,3.3341288743421464,1.0038843720628847,3.5936170212765957,0.23470310478796136,105.67664098057355
abajo,01,01,010,abajo_p01_s01_r010,1,abajo_p01_s01_r010_w01,abajo/participante_01_sesion_01_rep_010.csv,47,31.25,1.504,1.054036170212766,3.649784863691883,-0.5083699677171696,1.0257537411863669,0.019135776111634296,0.0019059855387411734,0.009495744680851065,3.6423696393174834,-1.2795316251162712,-0.006595744680851065,-0.23595068845295863,0.009657724329324702,0.006091489361702129,3.705783468920593,-1.1124140491150523,0.03723404255319149,0.19651979331012476,0.004807400555041628,1.0384489361702127,3.6741518217286204,-0.5371829990833139,-1.0180851063829788,0.025428038369128207,0.0019940795559667004,72.77964680851065,3.5004327358481833,0.32860271843689404,-5.340000000000001,0.5698215142185329,45.22630869565218,285.1213361702128,3.80695128811556,-1.183704718151235,10.669787234042555,0.31120403550191916,175.0003890841813,411.64415106382984,3.6519096609282635,-0.9450048175920842,17.53433367355337,0.5969743428071116,106.45632181198123,53.74316808510637,3.384925693144933,1.5055844726381205,0.34574468085106386,-0.8499278300399238,54.78935975948196
abajo,01,01,010,abajo_p01_s01_r010,2,abajo_p01_s01_r010_w02,abajo/participante_01_sesion_01_rep_010.csv,47,31.25,1.504,1.1146404255319147,3.0457930432045526,3.862178316471325,1.0510254938369281,1.7246862110047434,0.010202920246251313,0.020223404255319155,3.3551365353522176,1.524832582351345,-0.11765957446808512,-1.042751648583038,0.006518316373728029,0.0029042553191489366,3.411292961913278,0.4133833307482875,0.0006382978723404252,0.6835917000818881,0.0029669750231267346,1.0915127659574468,3.1707782130115145,3.148209704177253,-1.0393617021276595,-1.283490894870361,0.011484366327474559,194.72137021276595,3.0880055446725634,4.845234855502183,1.6217021276595747,1.868328098764177,196.26735356151713,530.8666255319148,3.185608661760314,0.578431901799767,8.594893617021278,0.015360063989132549,466.9290907493062,818.1932489361703,3.133573830844399,2.608325366596395,22.709855784437273,1.3416732667733637,309.0308230815839,92.60525319148935,3.1487740045784,1.551117829166798,0.40021276595744676,-0.8819910935100977,94.45475864939873
abajo,01,01,011,abajo_p01_s01_r011,0,abajo_p01_s01_r011_w00,abajo/participante_01_sesion_01_rep_011.csv,47,31.25,1.504,0.9673872340425531,3.57243439510891,-0.39697938320634796,0.9807538512494488,-0.6002845934344877,0.005628880721533984,0.01716595744680851,3.2546536085227933,-1.2446883731170357,0.11744680851063827,-0.5459726354287654,0.0034455134135060127,0.010027659574468085,3.3072929167248364,-1.5810276862097155,-0.06148936170212766,0.26035756247598535,0.006382516188714153,0.9401936170212767,3.4996298555501673,-0.509608617235743,-0.9661702127659575,0.4913346501889405,0.006854579093432009,166.13555957446806,3.2751700442923477,0.7013315838563026,5.173829787234044,0.8049037162812852,142.39676327474558,148.00043617021277,3.2734768665482377,-0.8879529055710371,5.655531914893617,0.581176317270802,118.53746873265497,495.3855872340425,3.3007131199351454,-0.8555339839877041,17.509096794555894,0.3974824780148632,192.92183660058717,181.24959148936168,3.100095845673744,-0.6855400023389433,10.048936170212766,0.5630454758207681,82.0134401480111
abajo,01,01,011,abajo_p01_s01_r011,1,abajo_p01_s01_r011_w01,abajo/participante_01_sesion_01_rep_011.csv,47,31.25,1.504,1.172455319148936,3.0431186385434295,3.471663301795804,1.0785517210173436,1.2832404095657002,0.00938110215771125,0.011723404255319148,3.343266311424507,0.1476425626881479,-0.022553191489361697,-0.7218207342721109,0.01145855689176688,0.005457446808510638,3.0652985685801326,1.6926455707312478,0.0448936170212766,0.7127033608491007,0.003516836262719705,1.1552744680851066,3.054098565025046,3.7740836128552253,-1.0708510638297875,-1.2384083766395213,0.00873839037927844,185.60887446808513,3.5676935753956336,0.11058375388912678,7.040212765957446,0.60231043332231,139.0017629972248,530.4989021276597,3.6497848636918824,-0.10889186607766854,13.221276595744683,-0.09189850137200495,363.42928529139687,986.1128297872337,3.49775833118706,-0.1588444192170262,28.644774766644034,0.45967980960604826,169.18948462406428,270.00505319148937,3.308036191274607,1.200702230865728,6.3589361702127665,-0.9814206506456659,234.5596140610546
abajo,01,01,011,abajo_p01_s01_r011,2,abajo_p01_s01_r011_w02,abajo/participante_01_sesion_01_rep_011.csv,47,31.25,1.504,1.063695744680851,3.284739100866979,0.052628631339620924,1.0186730743675267,-0.11498509684781379,0.02656614946205929,0.01578936170212766,3.7557518847843543,-0.09657885622094486,-0.06872340425531916,-0.7358153883578239,0.011307030527289548,0.0075255319148936186,3.2191714390636386,1.6561047878012465,0.05638297872340425,0.5560623375028709,0.004440980573543015,1.04038085106383,3.3247358756276895,0.19159067529168006,-1.0078723404255316,0.12103879204966093,0.02510841813135984,180.5561744680851,3.5698183726320143,0.1263839552128787,-1.6153191489361702,-0.4796717266698222,181.81532978723405,717.861640425532,3.5108630549050575,-0.40388239435617823,0.7406382978723406,-0.06601676342256568,732.9068582793709,1196.449110638298,3.4847119896532903,-0.8560065711829714,29.470335281250865,0.5157211661459624,335.07776315871854,298.0312957446808,3.62280188317825,-0.34843995857765453,-7.9631914893617015,-0.5548818747167666,239.71928741905643
abajo,01,01,012,abajo_p01_s01_r012,0,abajo_p01_s01_r012_w00,abajo/participante_01_sesion_01_rep_012.csv,47,31.25,1.504,0.9219297872340425,2.8078282124591403,4.305903453068332,0.957736977442343,-2.100474197104097,0.004771183823074261,0.006344680851063831,2.860226269787956,0.36852770043960925,0.06808510638297872,1.3450251480174436,0.0017462534690101759,0.000972340425531915,2.5786017465905093,4.434697528527392,0.01,0.9215358402529951,0.000891304347826087,0.9146127659574469,2.830561598500013,4.090603002986952,-0.9536170212765958,2.057759126392839,0.005340980573543017,39.97721914893617,2.9094768680634897,3.166071150151766,1.4389361702127659,0.9536415156963535,38.7307401480111,228.48748723404253,2.1457467603574307,2.8178159976927004,-2.997659574468086,-1.494305080653145,224.27329657724323,347.6609255319148,2.2271160035281365,0.701038955307304,11.359087372603494,1.394024061311859,223.38493045420245,79.19621914893617,2.249039376788778,0.3311997676484548,3.658936170212766,1.3220877142221783,67.23902275670676
abajo,01,01,012,abajo_p01_s01_r012,1,abajo_p01_s01_r012_w01,abajo/participante_01_sesion_01_rep_012.csv,47,31.25,1.504,1.0675382978723404,3.33470751673074,0.5017696136906964,1.0235028175822969,0.4132073903510129,0.02041463419242763,0.006519148936170213,3.5578128637635027,-0.4511451566646629,0.05489361702127662,0.10659259775056273,0.0035820536540240528,0.003368085106382979,3.5959694378837805,-0.389549000100597,0.03808510638297873,-0.23429287160551085,0.0019592969472710456,1.0576510638297874,3.418341447551934,0.4957471296519693,-1.0182978723404255,-0.356875027298283,0.021170952821461617,79.59592340425532,3.5599376609998834,-0.5305752295387602,0.32808510638297855,0.1553608417417428,81.21628973172987,485.2577021276595,3.5421830470395292,0.4651134308659852,4.554042553191491,-0.5084248837252732,474.61662460684556,746.7073680851064,3.7322752241937107,-0.8166890381896996,23.475920868360205,0.1353903915990405,199.84043154297905,181.8537425531915,3.386709800359962,0.254637113308382,8.190851063829786,-0.7039311803132507,117.25856447733578
abajo,01,01,012,abajo_p01_s01_r012,2,abajo_p01_s01_r012_w02,abajo/participante_01_sesion_01_rep_012.csv,47,31.25,1.504,1.132225531914894,3.645044043978607,-0.7141565691946559,1.051832221045076,0.023642045475840597,0.026437000049020977,0.00977872340425532,3.5147100648493987,0.4705337635434361,-0.02978723404255319,-1.0141919335593899,0.009084736355226643,0.008638297872340425,3.431387789085704,1.8010932953888208,0.06680851063829786,1.1329186456490836,0.004265679925994449,1.113808510638298,3.618002681280746,-0.6546179742542164,-1.0434042553191487,-0.09945293217130266,0.025662072155411657,242.2117765957447,3.2745620546833782,2.510871161849077,-2.058936170212766,1.1616937099673754,243.14587493061984,393.36483404255324,3.675042119174715,-0.48450574068891994,5.807659574468085,0.30905738462971577,367.4540965772434,1038.6156468085107,3.7991953737198094,-0.9209166714872774,29.53152327333285,0.25939546545793546,170.12444909478674,403.0390361702127,3.635163332346476,-0.9710309690385421,-4.906170212765957,-0.4289444836620375,387.20697631822395
abajo,01,01,013,abajo_p01_s01_r013,0,abajo_p01_s01_r013_w00,abajo/participante_01_sesion_01_rep_013.csv,47,31.25,1.504,1.0668617021276594,3.329329672444643,0.026826772341994154,1.0178471955008386,-0.6325374540256089,0.031519414580883344,0.01863404255319149,3.4900024167913095,-1.6662909592259731,0.0034042553191489374,-0.19160596642544275,0.019027289546716005,0.006676595744680851,3.396590511992093,-0.25697520744983304,0.048936170212765966,0.07072229333912733,0.004374930619796485,1.0415510638297871,3.5064045430289053,0.1941122087250342,-1.0048936170212763,0.7008667183707182,0.03242987974098057,215.67006382978727,3.4379092036911687,1.0050956655649639,-4.9646808510638305,-0.9567299787153204,195.17466022201663,442.43392127659575,3.5650191707345105,-1.2428331184901695,11.887446808510642,0.20189492121307903,307.66867160037003,893.0990021276597,3.3441566088706005,-0.5850453458684846,25.24964845521675,0.37237260997636346,261.10978229857807,234.99501702127657,3.4566450445685355,-0.5650270219556948,5.565106382978724,-0.0918581226950247,208.45992553191493
abajo,01,01,013,abajo_p01_s01_r013,1,abajo_p01_s01_r013_w01,abajo/participante_01_sesion_01_rep_013.csv,47,31.25,1.504,1.1744425531914893,3.6259675130798885,-0.7164636767366326,1.067716585831987,-0.16804419591118203,0.03517218999883489,0.03933829787234042,3.4961831413754227,0.5661262697679561,-0.1546808510638298,-0.7540390595891282,0.015747178538390378,0.01013404255319149,3.4202725776632863,-0.04387442322367674,0.05170212765957447,0.8084635975401961,0.007623126734505087,1.1249702127659573,3.6315986302392584,-0.8837804735499457,-1.0446808510638297,0.05144741537550467,0.034342830712303415,338.13588936170214,3.370648364143718,2.276488615286146,-0.9178723404255319,1.1505113164502199,344.6258649398705,706.8087787234043,3.863441118584786,-0.9707599434364527,5.1876595744680865,-0.2613631708485636,694.677335707678,1388.9148276595745,3.3224640554949865,1.5021952818576443,34.90210848231244,0.9221955977426115,174.4697739995216,343.97015957446814,3.617661991259395,-0.8254345817836919,-7.06276595744681,0.38281542297433163,300.480703052729
abajo,01,01,013,abajo_p01_s01_r013,2,abajo_p01_s01_r013_w02,abajo/participante_01_sesion_01_rep_013.csv,47,31.25,1.504,0.9852382978723404,3.216497034402515,1.8439771924079134,0.9798967167688314,1.0737659434662379,0.025585085867091996,0.030293617021276593,3.048467447865676,0.7348030458752604,-0.10297872340425536,-1.3115663642911721,0.02011702127659575,0.008480851063829788,3.1405242399267252,2.0534747841693957,0.06382978723404255,1.3938178022699317,0.004502405180388529,0.946463829787234,3.2160058091619996,2.317142231959135,-0.9612765957446808,-1.174522097907837,0.022898334875115632,301.36352127659575,3.170125867932663,2.5885717764190996,2.728723404255319,0.915937147057537,300.3071026827012,393.3786382978724,3.2724956396312246,1.6927058768140153,-7.657872340425531,0.4446798785820816,342.01249102682704,912.130244680851,3.3488974285838764,0.5755730526823286,24.583004458730347,0.921250479782058,314.49757421208847,217.388085106383,3.436527681004559,-0.7436904701847737,-7.781276595744681,-0.7254702028927797,160.24938094357077
abajo,01,01,014,abajo_p01_s01_r014,0,abajo_p01_s01_r014_w00,abajo/participante_01_sesion_01_rep_014.csv,47,31.25,1.504,1.1945297872340426,3.3570524151852057,-0.01354877470773852,1.0574148002865331,-0.8960148309020992,0.07806467796401294,0.058493617021276596,3.6436625212919966,-0.5389470467752231,-0.17872340425531918,0.04028840080301076,0.027128769657724327,0.009329787234042554,3.4682514812314684,0.6943368180829346,0.01936170212765958,0.9101163326421066,0.009149583718778909,1.1267063829787236,3.428028492059037,0.048773869515272406,-1.0268085106382976,0.9059546320893319,0.07394394079555967,295.20525531914893,3.661105480194851,-0.039680255146818944,1.488085106382978,0.11976479915708559,299.36022451433854,1269.3136489361702,3.5920605334323716,-0.05692467167327209,10.589574468085107,-0.20873991687956422,1182.3305302497686,1801.0125595744682,3.5751087997700335,-0.059880592600658034,37.31420057234701,0.6062443518534616,417.54697337810654,236.4936553191489,3.4817552771550435,0.3377876839143492,0.9480851063829786,0.34514303691106113,240.71641581868644
abajo,01,01,014,abajo_p01_s01_r014,1,abajo_p01_s01_r014_w01,abajo/participante_01_sesion_01_rep_014.csv,47,31.25,1.504,1.0529744680851065,3.456645044568535,-0.1772197810381848,1.0045678968483256,0.37737251235434177,0.04477036976568291,0.050070212765957446,3.2296017581205123,-0.23057348221650997,-0.1742553191489362,-0.8815874595444628,0.02013367252543941,0.007478723404255321,3.1400368632656366,2.0946178099419175,0.03468085106382979,1.5046891057106995,0.006412395929694726,0.9954255319148936,3.5168348620857786,0.0992498681133287,-0.9791489361702128,-0.3102603962674593,0.03749056429232193,276.7750382978723,3.3936628344576962,0.2507810586729171,-0.20000000000000034,0.12201899308391914,282.75101739130434,483.57806808510657,2.3363254268652676,6.644874765916281,-5.64340425531915,-0.2982732465119147,461.5502751156338,856.7809510638297,2.8712684520106917,3.1521892417232458,21.172644114779335,1.6553483477857154,417.38052904083264,96.42784468085105,2.9475819365078326,3.499672701472809,-4.217234042553191,-1.5799925987157812,80.35240740055501
abajo,01,01,014,abajo_p01_s01_r014,2,abajo_p01_s01_r014_w02,abajo/participante_01_sesion_01_rep_014.csv,47,31.25,1.504,0.938155319148936,2.8650254716854597,2.5839855814762256,0.9656535403213556,-1.8712431377652252,0.005791788761893467,0.008495744680851066,2.98712003331472,3.973961949581681,-0.08872340425531915,1.4750548772327488,0.0006374653098982423,0.0008978723404255318,3.220493356002003,-0.031414176802773586,0.011489361702127656,-0.8131984779147715,0.0007825161887141538,0.9287617021276596,2.8224722801960977,2.590604141044224,-0.9608510638297871,1.8770079176131762,0.005647086031452359,65.09923617021278,2.8630286732766934,3.325184655677557,0.25340425531914895,-2.0239467893141847,66.44882728954673,8.56673404255319,3.8039361934330858,-0.8774514901910808,-1.382340425531915,-0.20067864052069212,6.800561794634598,89.82778510638298,2.62447487699102,4.502279971917944,7.232986535217997,2.2612903853795374,38.32716242877591,16.161814893617024,2.7854845375686925,7.238868378110396,0.5993617021276596,-2.2783470927653218,16.146114801110084
abajo,01,01,015,abajo_p01_s01_r015,0,abajo_p01_s01_r015_w00,abajo/participante_01_sesion_01_rep_015.csv,47,31.25,1.504,1.0701553191489364,3.6429192467422262,-0.605915913854806,1.0116535279328382,-0.1241224932246557,0.047727946799760355,0.01057872340425532,3.5611721607901696,-0.5733153273980962,0.02297872340425532,-0.5536754325185823,0.010269195189639225,0.004563829787234043,3.060652526917203,3.0903296953115014,-0.008297872340425533,1.0760866429484397,0.004592691951896394,1.0550127659574469,3.6471688412149867,-0.5810520149856053,-1.002978723404255,0.18769729939788973,0.05011267345050878,623.4594021276596,3.067361110075394,2.0132280642771043,-5.012978723404254,0.040755546013374944,611.3366083256243,718.7920723404254,3.575999097216127,-0.5945432590566702,9.179574468085105,-0.6288157563512067,648.3215606845514,1658.0833382978722,3.362342842323225,1.027710819579987,36.59967579385357,1.0723722568178073,325.4720063888268,315.8318638297872,3.1944928259694008,2.1249112196634137,0.0812765957446807,-0.3326371579249771,322.6910244218317
abajo,01,01,015,abajo_p01_s01_r015,1,abajo_p01_s01_r015_w01,abajo/participante_01_sesion_01_rep_015.csv,47,31.25,1.504,1.0126148936170212,3.605106874966141,0.46794737560836097,1.002193251762411,-0.24925540969867194,0.00840235321149034,0.046404255319148935,3.6046156497256248,-1.4022047043137635,-0.17404255319148937,0.289177257059394,0.01646373728029602,0.003361702127659575,3.3754475660412218,0.7773661611665523,0.0021276595744680834,-0.3066924862504178,0.003430157261794634,0.9628489361702128,3.6974779471000994,0.004517190066612997,-0.9763829787234044,0.04183237887636032,0.009732284921369105,506.3081595744681,3.1766182475742766,1.3265038582420914,2.3061702127659576,0.8532658046394339,511.88081979648473,588.373285106383,3.673261524282527,-1.0153630758431487,13.24340425531915,0.1711201900108185,421.9634751156337,1384.3775702127662,3.673660596488105,-0.5505335508289724,31.15661396195488,0.6978407228875844,422.6352152610601,289.6961255319149,2.78206563479378,3.3032035481647073,-3.4768085106382984,-0.05450868742199136,283.6428830712303
abajo,01,01,015,abajo_p01_s01_r015,2,abajo_p01_s01_r015_w02,abajo/participante_01_sesion_01_rep_015.csv,47,31.25,1.504,1.2402361702127658,2.800164451098327,3.658969677427894,1.0593972485913792,1.6432016800563718,0.12047697988738566,0.13831702127659573,2.5926854084666964,4.00951693930811,-0.32489361702127656,-1.8053352775910152,0.03347335800185013,0.013708510638297871,2.9968032292423956,2.3714287441022446,0.05765957446808512,1.3610911445739837,0.010609620721554117,1.0882106382978727,2.9878858442560414,3.4554716389108204,-0.9874468085106385,-1.5249721266843788,0.11561942645698428,980.1849106382978,3.2645568565464744,0.9562382853011631,-0.06638297872340485,0.49234114497425496,1001.4887757631824,2473.7090063829787,2.8440070122393606,3.474065904368132,2.507872340425532,1.0132040587292,2521.0591388529137,3904.4367021276607,2.813892172674799,3.138543540940578,45.774908357651526,1.6278773827537412,1848.422607562705,450.542785106383,3.2309236750588766,1.4914830742650231,-5.610851063829787,-0.3792045785011725,428.1711601295097
abajo,01,01,016,abajo_p01_s01_r016,0,abajo_p01_s01_r016_w00,abajo/participante_01_sesion_01_rep_016.csv,47,31.25,1.504,0.9347127659574468,3.5138197674033043,0.10857482355561432,0.9646079799729446,-0.9141846586365729,0.004336476384961099,0.028499999999999998,2.9017603774627236,1.9009216513379794,0.15085106382978725,-1.6929633922902614,0.005868825161887142,0.005168085106382979,3.482587192416911,-1.3125761286463582,-0.022765957446808503,0.47353283127301155,0.004750878815911193,0.9010446808510635,3.5212933739619308,0.02955162495270436,-0.946595744680851,0.8414923977183117,0.0051098982423681775,119.8870744680851,3.47483127802116,0.3714602604507169,5.492553191489361,0.4878457759259942,91.6693455134135,309.24950638297867,3.524250086460178,-1.219719073703328,7.9506382978723416,0.5373783592477385,251.38548436632746,465.47684255319155,3.40015521409931,-1.3358928937607353,17.87958090740277,0.5127880059620868,148.96693845771745,36.34026170212766,3.6016005550431505,-1.10491951704117,3.320212765957447,0.2098743314821049,25.86680647548566
abajo,01,01,016,abajo_p01_s01_r016,1,abajo_p01_s01_r016_w01,abajo/participante_01_sesion_01_rep_016.csv,47,31.25,1.504,1.0105000000000002,3.341482204209478,1.18643305481885,1.0025101502814888,-1.3716812399469527,0.0055923855082951005,0.04202553191489362,3.7105826708180962,-1.3747444780648523,-0.05787234042553192,-0.00482499724942292,0.03951711378353377,0.013900000000000003,3.5221836714080252,-0.8244535404619975,0.09510638297872341,-0.3979947670838882,0.004960314523589269,0.9545744680851063,3.397480809438187,0.7996473293622923,-0.9740425531914894,1.1405810134654242,0.005941998149861241,167.06263191489364,3.1252683090239057,2.5368342837924605,10.078936170212765,-0.5209320006944239,66.9011053654024,594.572219148936,3.3112308561400963,1.9484342744074983,22.054255319148936,-1.2917980802587479,110.53382497687325,833.2870148936169,3.863441118584786,-0.6126609226244479,27.813791308687957,-0.44788452359778197,60.977419841900755,71.65216382978726,3.716213787977467,-0.5000823452415801,6.819787234042555,-0.14161940115272303,25.689245605920444
abajo,01,01,016,abajo_p01_s01_r016,2,abajo_p01_s01_r016_w02,abajo/participante_01_sesion_01_rep_016.csv,47,31.25,1.504,1.1813382978723403,2.9989902572424305,5.850933621110105,1.0836181566366447,2.2396669413914845,0.007264553446691755,0.09650851063829786,3.616427491469109,-0.8308489804340526,-0.2904255319148936,0.6406981452653102,0.012425901942645699,0.031027659574468087,3.1877559953882444,1.3831485679083944,0.17042553191489362,-0.5281225480296758,0.0020259019426456986,1.0538021276595746,2.967299004302213,5.275208191508806,-1.022340425531915,-1.9048361045617788,0.008809620721554123,112.5229829787234,3.4465589278558544,1.052894026035485,2.202553191489362,-1.011182354132501,110.01243246993523,609.760614893617,3.4153263528694606,0.6568916662049067,8.302340425531913,-1.2477746146641369,552.5889704902868,817.6392638297873,3.277786066769244,0.7751790964148739,25.753443391048272,0.5349083989737002,157.75592640633437,95.3556659574468,3.5534162463944186,-0.47691138255118215,1.49936170212766,-0.28871384515989273,95.13165827937095
abajo,01,01,017,abajo_p01_s01_r017,0,abajo_p01_s01_r017_w00,abajo/participante_01_sesion_01_rep_017.csv,47,31.25,1.504,0.9468425531914895,3.631107404998743,-0.896758251905688,0.9702782054401315,-0.3785799511229305,0.005520208483700535,0.0429063829787234,3.2003733674226176,0.3527732267163133,0.168936170212766,-1.1745384755790478,0.014679278445883442,0.020708510638297872,3.3628924497479677,-1.660570510172485,0.046170212765957445,-0.13626695646473747,0.018980666049953743,0.883227659574468,3.6167716938133005,-0.9933310009220966,-0.9363829787234043,0.2547570918114172,0.006554024051803886,233.2337468085106,3.35019031055839,0.25011910177785035,9.505744680851066,0.23986849998410623,145.98053367252544,481.8274638297872,3.6554743630354802,-1.2277967745454992,13.863404255319148,0.07731799090137022,295.92986641998147,1253.2047978723406,3.190554886554141,-0.8880079104034051,31.088672578240434,-0.6496270506058335,292.93182726476454,538.1435872340426,3.610796374309738,-0.9725558510549095,18.530212765957447,0.14860474024294562,199.00903691026826
abajo,01,01,017,abajo_p01_s01_r017,1,abajo_p01_s01_r017_w01,abajo/participante_01_sesion_01_rep_017.csv,47,31.25,1.504,1.1152148936170214,3.072435333696835,1.424119549045182,1.0525097562763932,0.06096939644348578,0.0075998045287251625,0.06337446808510637,3.7022771489976027,-1.5234773992444186,-0.12638297872340426,0.25877491834587524,0.0484322849213691,0.043523404255319156,3.141271363055923,1.5454823047105464,0.20255319148936168,-0.25061573395214465,0.0025498612395929697,1.0083170212765957,3.026189441272642,1.6782535483269996,-1.0014893617021277,0.4668693642974041,0.0054520814061054575,93.51920851063831,3.174002225097381,0.6758029267602694,3.350638297872341,0.21847909586652353,84.08139740980572,753.6786425531918,3.4140918530791735,1.2703877373745067,22.190212765957444,-1.1656532013658736,266.95294995374655,1119.0807829787234,3.786640257426556,-0.5528106934690591,31.203018624760784,-0.6212181448545618,148.61442063115436,271.8829319148936,3.50517355556146,0.5953016392969546,11.00595744680851,-0.44385383522984284,154.02904634597596
abajo,01,01,017,abajo_p01_s01_r017,2,abajo_p01_s01_r017_w02,abajo/participante_01_sesion_01_rep_017.csv,47,31.25,1.504,1.1651063829787234,3.3618516170827086,0.22780154188426183,1.068408861469209,-0.546884526780682,0.024122124402200257,0.08717446808510639,3.1956947784729945,0.763279403106043,-0.26723404255319144,1.1962593848576721,0.01610305272895467,0.05677021276595744,3.2698212349701024,1.6918456179868517,0.22978723404255313,-0.7933374757072015,0.004054301572617947,1.0211617021276596,3.367289067117052,0.15345689764380488,-1.0012765957446808,0.21236375217134434,0.019011378353376504,508.9409127659575,2.9467500212459656,1.8222208725158193,-6.69127659574468,-0.32483141738582993,474.2583331174838,979.8693340425533,3.6736605964881046,-1.1485620272066892,-4.484893617021275,-0.17511811123681495,980.6193037927843,1876.274506382979,3.574218502323939,-0.43168391085696145,38.77699460276057,0.17568732358336156,380.71961326394495,387.46425957446814,3.8634411185847854,-1.0957873920816645,-9.537446808510639,-0.17685111115963534,302.94704986123963
abajo,01,01,018,abajo_p01_s01_r018,0,abajo_p01_s01_r018_w00,abajo/participante_01_sesion_01_rep_018.csv,45,30.303030303030305,1.4849999999999999,0.9246977777777777,3.2254046322843286,1.9708247832081813,0.9566895710099657,-1.5422658534357179,0.009657452555331084,0.05441111111111111,2.812137953575214,2.2860209074032607,0.21755555555555553,-1.8010154414683235,0.0072416161616161625,0.0017711111111111109,3.216216918687274,1.0493653604886557,-0.029555555555555557,-1.0140857128968956,0.000917979797979798,0.8685155555555555,3.32554324176603,1.6396232392765118,-0.9257777777777777,1.356901633501838,0.011711313131313133,151.03513555555554,2.8988577361860037,1.3628901086344847,1.5980000000000003,0.27978218661265514,151.85611181818183,469.1450911111111,3.159531910480571,-1.0049451055462315,10.25711111111111,0.7426351774205927,372.2080528282828,633.3871866666667,3.3591887681984773,-0.9913628818421505,18.701280141628885,0.7031831848618909,290.0958829066879,13.206959999999999,3.349224745627218,0.7476947157507041,0.14933333333333326,0.863115255361469,13.48431090909091
abajo,01,01,018,abajo_p01_s01_r018,1,abajo_p01_s01_r018_w01,abajo/participante_01_sesion_01_rep_018.csv,45,30.303030303030305,1.4849999999999999,1.0432,3.5754346306068414,-0.14180669845706095,1.0101039947116286,-0.6214129141398369,0.023410145319147122,0.03168222222222223,3.5023911533223315,-1.6646720321735848,0.01711111111111112,0.2911540884763746,0.03210282828282828,0.007573333333333333,3.427545252116762,0.3611886771335491,-0.03911111111111112,-0.1410217753176969,0.006181010101010103,1.0039444444444443,3.6692750423073752,-0.24249748315917685,-0.9886666666666667,0.6732700534103817,0.027084545454545462,876.3086933333335,3.178227897697348,3.0568754653897585,-2.775111111111111,-1.6261151743098445,888.34853010101,1003.2556155555558,3.4656914987800373,-0.223407394894239,18.173555555555556,-0.5305416789458702,688.272437070707,1995.3310844444443,3.3327749741947525,2.07817986501603,38.67367110417353,1.1414988867166385,511.0345715836265,115.76677555555555,3.4107089973429363,1.0327366203128134,1.8077777777777773,-0.610134206604974,115.05550404040405
abajo,01,01,018,abajo_p01_s01_r018,2,abajo_p01_s01_r018_w02,abajo/participante_01_sesion_01_rep_018.csv,45,30.303030303030305,1.4849999999999999,1.2104222222222223,3.393638864664974,0.7338088297244125,1.0855502023400876,-0.24438155073005327,0.032730320885744596,0.019504444444444446,3.367638434303047,-0.20467130660829502,-0.052222222222222246,0.99830566980915,0.01715858585858586,0.012188888888888888,3.7364371305587643,-0.605563145215644,0.014,-0.2837370297173115,0.012265454545454546,1.1787288888888887,3.374426151548691,0.5210701368700104,-1.0702222222222222,0.23937088990993194,0.03411131313131313,1332.7907,3.404827608309816,1.4023471068617877,0.9277777777777775,-0.46796261733713573,1362.2010631313133,1435.641826666667,3.482883585353941,-0.9878236522181578,-5.028000000000001,0.04895652877935033,1442.4147027272725,3031.099677777778,3.5413100405337343,-0.09142641457381107,49.31203659619677,0.5403099461186248,613.0459682520633,262.66715111111114,3.6711384431764045,-0.9319169800254219,-5.7444444444444445,0.06782151534517877,234.88824797979802
abajo,01,01,019,abajo_p01_s01_r019,0,abajo_p01_s01_r019_w00,abajo/participante_01_sesion_01_rep_019.csv,47,31.25,1.504,0.9711851063829788,3.609414851623129,-0.9527504252238508,0.980098162289771,0.08184678307772494,0.01082297471700069,0.01919148936170213,3.3318176960939248,-0.3047195387116117,0.08765957446808509,-0.9610677458770355,0.011757446808510638,0.015153191489361704,3.203817431604489,-0.7804187831230731,0.1025531914893617,0.7595786715820516,0.0047368177613321,0.9368404255319149,3.5912286181705046,-0.9299702231739455,-0.9623404255319151,-0.05118289183408041,0.010974838112858468,293.9510978723405,2.7463455129673835,6.044577368336249,1.348085106382979,-1.8221770271318583,298.4844984273821,388.04534893617017,3.5682431828203764,-1.230965460789921,11.503404255319149,0.4122898692483543,261.2761055504163,835.245129787234,3.2061250975298687,-0.9954980644650333,21.83204320933309,0.613065749804474,366.402823855939,153.2486829787234,3.3477213109778177,-0.9741335360219705,7.598085106382978,0.7074524703890797,97.59425929694726
abajo,01,01,019,abajo_p01_s01_r019,1,abajo_p01_s01_r019_w01,abajo/participante_01_sesion_01_rep_019.csv,47,31.25,1.504,1.1844914893617022,3.34203181163422,0.8436959838416094,1.0836448902034583,-0.27125868280922744,0.010427094369324635,0.03155744680851064,3.58261144129251,-1.0573953823580833,-0.11617021276595746,0.5885597486495932,0.018454579093432007,0.03704893617021278,3.513134875037761,-0.3846465276155784,0.17425531914893616,-0.025990576238269426,0.0068293246993524495,1.1158851063829787,3.3745863035589787,0.6292921575011059,-1.052340425531915,0.3754746017127097,0.008648751156336726,367.8773574468085,3.020558324113272,4.524096562830111,3.9923404255319146,-1.5765437437579075,359.58941396854766,559.4784553191489,3.633723427475639,0.33634778740255245,13.189787234042551,-0.773621394699316,393.88857604070296,1226.0438957446806,3.719720107900456,-0.9103601953119189,31.5634749334612,0.18480986607350186,234.78640121443547,298.6880829787234,3.5205500994121603,0.06088187650267196,1.292127659574468,-0.5272672815112254,303.4754127659574
abajo,01,01,019,abajo_p01_s01_r019,2,abajo_p01_s01_r019_w02,abajo/participante_01_sesion_01_rep_019.csv,47,31.25,1.504,1.0871255319148936,3.6394129268192366,-0.5959271095592715,1.0271555790821676,-0.4196718785820096,0.032774273237776916,0.056461702127659566,3.164279334797601,0.7222300135122137,-0.21127659574468086,0.061222040347661794,0.012080943570767808,0.04937872340425532,3.797070576483429,-0.8410283557114884,0.20255319148936168,0.1524205675078189,0.008532469935245143,0.9812851063829789,3.582611441292511,-0.6861911112645376,-0.9740425531914892,0.42852958883007214,0.03323330249768732,776.1092851063827,3.304277822042362,0.513983091846153,-0.8302127659574464,-0.6711000924300193,792.2769890841814,1370.4638765957448,3.3377226114132137,0.7747294780132865,-3.05404255319149,-0.29202473271270074,1390.7266289546717,2455.739206382979,3.561663386030685,-0.039927318466324024,40.578235176041446,0.9923394139302483,826.7361676065215,309.1660446808511,3.4548644496763474,0.9898504342960575,-6.387872340425532,0.30869532754608686,274.1950692876966
abajo,01,01,020,abajo_p01_s01_r020,0,abajo_p01_s01_r020_w00,abajo/participante_01_sesion_01_rep_020.csv,47,31.25,1.504,0.9925191489361704,2.675120899107138,8.082866693533157,0.9884208101729977,1.70293006364982,0.015881352060801768,0.0318127659574468,3.247238384148394,-0.3612321947049546,0.12127659574468086,-0.6881886151731665,0.017476595744680853,0.028323404255319144,3.0709919165031567,0.7507200239675931,0.13191489361702127,0.5208435832897954,0.011159296947271047,0.9323829787234045,2.58160645244185,9.233432359848466,-0.9578723404255319,-1.9619367142598054,0.015186679000925072,460.72281489361706,3.1733942354884106,1.7886841468153376,1.5414893617021275,-0.15270420595008632,468.3106825161887,453.5017617021277,2.8524703553922057,6.956537229944464,14.358297872340424,-1.4595523057940347,252.71802312673458,1224.018019148936,3.2239996759249925,1.3001485528293841,27.869520538431487,1.1115347474792403,457.0319276744226,309.7934425531915,3.240863992439253,2.6731772598978996,4.3289361702127644,-1.130041435102786,297.38100971322854
abajo,01,01,020,abajo_p01_s01_r020,1,abajo_p01_s01_r020_w01,abajo/participante_01_sesion_01_rep_020.csv,47,31.25,1.504,1.0823808510638295,2.6528752259839394,10.11438356831312,1.0345513915917695,1.8208175438974543,0.012346970724131242,0.04032553191489363,3.4991982360578966,-1.3219665511485583,-0.12702127659574466,0.21496552767431984,0.024717021276595755,0.05740851063829787,3.0697609290357124,2.5670851346311387,0.21702127659574455,-1.3574265628531366,0.010534412580943574,0.9846468085106383,2.7038248687647135,12.677582857041099,-0.9863829787234042,-2.529006857836269,0.011949676225716932,574.5632680851065,3.3883433723558265,0.9541612849556032,6.252765957446807,-0.6034469003536806,547.106755226642,663.1102340425532,3.1769589375956278,3.8173987790063624,17.880851063829788,-1.2126270063768145,350.85029925994445,1602.0838510638296,3.3736634588261922,1.46418854441389,35.49680790377855,0.9806412310329242,349.49657709098915,364.41034893617024,3.235664494772153,2.7329904059643795,7.05404255319149,-1.336055120738718,321.4910680851064
abajo,01,01,020,abajo_p01_s01_r020,2,abajo_p01_s01_r020_w02,abajo/participante_01_sesion_01_rep_020.csv,47,31.25,1.504,1.156795744680851,3.025170357458048,2.6575730500646877,1.065894520305552,-0.9886558621517387,0.02111384705178371,0.056248936170212774,3.1327125683621557,0.5055738467193933,-0.18276595744680854,1.2457095966572382,0.023342183163737283,0.0941,3.5481258192564,0.07354127902907459,0.29510638297872344,-0.24002896534993706,0.007164662349676226,1.0064468085106384,3.134496675577185,2.5572609840224025,-0.9944680851063831,0.928721626111033,0.017860037002775206,398.4369617021277,3.453138724645545,0.25527622722860377,-0.477021276595745,-0.7485977335583138,406.86613876040707,1163.8406276595742,3.833443043388678,-0.8340882934899372,-6.855531914893617,-0.28437621381397415,1141.1214904717854,1890.686089361702,3.7801188428210915,-0.9096693543973364,38.40600582488778,0.27266664177420513,424.7009973738752,328.4085,3.6263082031012392,-0.462670471935402,-6.693829787234042,0.0142669067180698,289.766385013876
abajo,01,01,021,abajo_p01_s01_r021,0,abajo_p01_s01_r021_w00,abajo/participante_01_sesion_01_rep_021.csv,47,31.25,1.504,0.8927276595744681,1.5095571411833353,6.47624034838436,0.9316078452937382,-2.7150848646866956,0.025374362208618356,0.007121276595744681,2.259896079411998,7.034528099321458,0.07255319148936172,2.1726970324858703,0.0018976873265494916,0.03148936170212766,1.9900128799023222,9.721196919584418,0.16808510638297874,-2.774849314883239,0.0033071230342275677,0.854117021276596,1.4166417962129887,5.860174542733645,-0.9095744680851066,2.6260568367935626,0.027373728029602223,106.45579574468084,2.474290833885454,8.630118703508348,4.769361702127659,2.82602515215367,85.5287452358927,154.84022340425528,1.688022381365403,7.088185121499015,-2.3848936170212767,-1.042305919292705,152.3949516188714,321.9042404255319,1.8637084181724042,3.7038382057359645,9.718757687207109,2.217484853923502,232.3945544307734,60.60822127659575,2.028513656366792,9.694951432159174,0.17531914893616987,2.4245325778995834,61.894386308973175
abajo,01,01,021,abajo_p01_s01_r021,1,abajo_p01_s01_r021_w01,abajo/participante_01_sesion_01_rep_021.csv,47,31.25,1.504,1.025059574468085,2.865238262645743,2.0121365141559178,0.9883049792493365,-0.8371746193802354,0.04936312164294667,0.02674893617021277,3.404005736366492,-0.731632715693002,-0.038723404255319144,-0.5360418731964512,0.025798334875115635,0.15091914893617023,3.1543177045896926,0.203325799804845,0.33361702127659576,0.38565377189453853,0.040480111008325624,0.847391489361702,3.04917487662277,0.7662754265487526,-0.8965957446808508,1.0759225181325256,0.04445337650323773,2217.8802255319147,2.646412193562702,4.809263732168148,8.560851063829785,0.6605102911825929,2191.213620999075,1092.6857872340427,3.153977014568341,0.5323685899683266,11.262978723404258,-0.29914594929326804,986.8274257169287,3672.451208510638,2.7514270227020106,4.4788831714953306,45.59570994432694,1.557749232652643,1628.1233658613444,361.8851957446808,3.4405836083522923,-1.3213091251675397,10.834893617021276,0.2540885776220655,249.80528205365408
abajo,01,01,021,abajo_p01_s01_r021,2,abajo_p01_s01_r021_w02,abajo/participante_01_sesion_01_rep_021.csv,47,31.25,1.504,1.3255404255319148,3.3583094513670426,0.3239370692792365,1.1328172383790935,-0.5148861593268945,0.04318434583184209,0.045425531914893624,3.7400311385894605,-0.6667076527790012,-0.17829787234042552,0.5089902935144609,0.013931822386678998,0.24268723404255316,3.0502222078603287,3.154431780681925,0.47638297872340435,0.3674933459190193,0.016088806660499538,1.0374276595744683,3.42095747002883,-0.32676704064417894,-0.9976595744680854,0.6245775428025808,0.043018316373728036,2528.796989361702,3.1635135238562797,3.4374940576063437,-1.9631914893617042,0.9223773973545161,2579.8329308973175,1865.9736702127661,3.5828647141657837,-0.9692681370551663,1.8036170212765947,-0.40001403868907426,1903.2145627197037,5585.055842553193,3.130841043999049,4.486129696782231,65.96637333209878,1.2705137506390227,1260.308506571258,1190.2851829787235,3.4510139274091647,-0.5950320242914757,-2.4323404255319145,-0.8614786283111477,1210.1160530989823
abajo,01,01,022,abajo_p01_s01_r022,0,abajo_p01_s01_r022_w00,abajo/participante_01_sesion_01_rep_022.csv,47,31.25,1.504,0.9842297872340424,3.6632302774312313,-0.7049403869117219,0.9887958856543663,-0.6337339749358253,0.006654059480671373,0.023763829787234042,3.346622096128332,-1.470244197394749,-0.06574468085106383,-0.34998548934449775,0.019864107308048103,0.033246808510638305,3.5521817466041328,-1.5969255046643547,0.1323404255319149,0.14741840049921384,0.016074838112858463,0.92721914893617,3.5899357361959914,-0.4345969190050005,-0.9606382978723403,0.5537442677900152,0.00448871415356152,281.4464085106383,3.412311258186986,0.9206888333120342,10.375744680851065,-0.536537209008624,177.56838149861238,437.0577531914894,3.6123715641213754,-0.872019027578327,14.138297872340424,-0.14009034723463024,242.32207530064758,797.4543744680851,3.628982607762363,-0.6811345972812721,24.801238640873475,0.03478175090197406,186.3171306149325,78.95021276595745,3.6858166405757804,-0.6926695960638227,3.5140425531914894,-0.11193036097011673,68.04958112858465
abajo,01,01,022,abajo_p01_s01_r022,1,abajo_p01_s01_r022_w01,abajo/participante_01_sesion_01_rep_022.csv,47,31.25,1.504,1.065127659574468,3.6238427158435083,-0.1769211193285738,1.0313840218448276,-0.039196710900697866,0.0014045429502142614,0.13335957446808513,3.6845821407854937,-1.1434905123418067,-0.3282978723404255,-0.08804870973499726,0.026136170212765954,0.0554936170212766,3.446646345003932,-0.35233598639316055,0.22978723404255325,-0.08096903918878987,0.0027499537465309905,0.8762744680851063,3.5429859273375452,0.020242255085785477,-0.9329787234042554,0.8380467951517101,0.005951803885291396,302.6539468085106,3.410527150971957,0.579466993123301,6.074680851063831,-0.6910360919898673,271.52942109158187,613.0512936170213,3.1887707793391113,1.768380408690625,22.703404255319146,-0.2683573246727951,99.72861424606843,1113.255714893617,3.497816713371287,0.1998829300286067,31.276459502407857,0.43250305473666106,137.97442188542004,197.55047446808513,3.543326617358896,0.5690133459140863,7.515106382978723,0.4589266491949087,144.14046901017574
abajo,01,01,022,abajo_p01_s01_r022,2,abajo_p01_s01_r022_w02,abajo/participante_01_sesion_01_rep_022.csv,47,31.25,1.504,1.1583212765957447,3.349787726029971,0.21880943562508914,1.0721037771009718,1.1321806986309448,0.009108567019869536,0.2242446808510638,3.4262478971668497,-1.1469141078674918,-0.45851063829787225,0.3889973934884566,0.014317298797409806,0.08615106382978724,3.162963916431537,2.0517561502893242,0.2751063829787235,1.53060380311568,0.010695097132284918,0.8479255319148936,3.7015338744478323,-0.7496042393723132,-0.9138297872340425,-0.2907191973137445,0.013119796484736353,803.9562234042554,3.2134819397200407,2.324049899500439,4.9121276595744705,0.2594603809436562,796.779991026827,1526.1580978723405,3.417451150105841,0.2644118588997886,-4.758297872340427,-0.9946451404712626,1536.201844865865,2779.853729787234,3.290341183062498,1.8811213204776855,44.29468935813081,1.366236601528441,835.6132293333611,449.7394085106382,3.3515718332450004,1.9728333533684346,1.4365957446808528,-1.1970383479987086,457.4076794634598
abajo,01,01,023,abajo_p01_s01_r023,0,abajo_p01_s01_r023_w00,abajo/participante_01_sesion_01_rep_023.csv,47,31.25,1.504,0.9691489361702127,3.5100601746070414,0.020439191182872296,0.980779397690864,-0.47121236722561016,0.007377681175257987,0.005759574468085105,3.423972564711305,0.30887302017686524,0.015957446808510637,-0.28732573639143527,0.0056246068455134135,0.026310638297872342,3.407258783416209,-0.6895288404767661,0.12382978723404256,0.4282396971886584,0.011215448658649398,0.9370787234042554,3.4061889157870997,0.3017166007169614,-0.9648936170212767,0.7819543764450544,0.006190749306197967,295.0296085106383,2.965485862123333,1.0315162159138165,4.613617021276596,-0.63747830921719,279.69510619796483,608.2341234042553,3.2401898985097373,0.3134728412621741,5.405106382978724,-0.3923730814451327,591.6063168362627,1113.2090319148938,3.379844183410305,-0.6783653390788209,27.387162722823177,0.22926473921296328,371.0469662108568,209.94529999999997,3.2399736949931586,1.538284355009214,4.376382978723403,0.9695625641357263,194.94023663274746
abajo,01,01,023,abajo_p01_s01_r023,1,abajo_p01_s01_r023_w01,abajo/participante_01_sesion_01_rep_023.csv,47,31.25,1.504,1.0704744680851064,3.4088049382639958,0.3391388870701708,1.0332505886056962,-0.44402693203162397,0.002930030301329613,0.11945106382978724,3.537695500199526,-1.666710915997948,-0.24255319148936175,-0.11883374370688603,0.06193681776133213,0.058523404255319156,3.3094177139612166,0.5805462034551847,0.2238297872340425,-1.3123043475013076,0.008606753006475487,0.8925000000000001,3.7218449051368365,-1.0869931848501708,-0.941063829787234,-0.1840094458249099,0.007048843663274747,244.76456382978722,3.588554213509381,-0.425086742786172,12.10489361702128,0.49262709674547195,100.37168205365403,1166.9680893617021,3.7140889907410863,-0.5687456767858294,28.857021276595745,0.3293384003901124,341.50650832562445,1716.2503212765962,3.5412018201225166,-0.21125714566562603,38.06332500393407,-0.2258284436879538,273.247385071951,304.5176680851064,3.5066134604322965,0.35091885796751976,12.590212765957448,0.45343838091251376,149.17821517113782
abajo,01,01,023,abajo_p01_s01_r023,2,abajo_p01_s01_r023_w02,abajo/participante_01_sesion_01_rep_023.csv,47,31.25,1.504,1.1598893617021278,3.3010538099564957,0.21257971492555594,1.0688101023518146,-0.28966557624648415,0.017915507830500606,0.19765531914893616,3.612371564121376,-0.45830259907251936,-0.4217021276595744,0.7613979493630546,0.02025356151711379,0.08838297872340425,2.847355920434894,2.119846769510808,0.27617021276595743,-0.851060110142236,0.012376318223866789,0.8738510638297871,3.8069512881155596,-0.9063587284413668,-0.9280851063829787,-0.457123858190097,0.012781036077705827,562.7433765957446,3.41150837788897,0.742855519697136,-3.7772340425531916,-0.8625474503242873,560.3992682701203,2051.634480851064,3.8599347986617953,-1.0542336235633505,-2.1336170212765957,-0.19514620121292156,2091.5839453283993,3104.7389744680845,3.583755011611878,-0.23607077477832217,50.6469684919832,-0.35684452644918996,551.3545039323235,490.3611170212767,3.7831339375035657,-1.081292080842139,-4.256808510638297,-0.3753791348616085,482.5068004625346
abajo,01,01,024,abajo_p01_s01_r024,0,abajo_p01_s01_r024_w00,abajo/participante_01_sesion_01_rep_024.csv,47,31.25,1.504,1.003987234042553,3.687597235467969,-0.05581843738633108,0.9963117882753197,-0.8414482332839391,0.011596794903278617,0.0785276595744681,3.6554743630354802,-1.5803360365574826,-0.2276595744680851,0.020690847509966845,0.027279185938945415,0.07744468085106382,3.5434771525780606,-1.3510727668603293,0.24276595744680848,-0.32954019591843636,0.018911748381128583,0.8480148936170213,3.718338585213847,-0.9222047309443124,-0.9159574468085105,0.0331890911401182,0.009233302497687328,599.4806595744681,3.806060990669466,-0.8699273930592621,10.76127659574468,0.14784213472132032,494.1902722479184,529.465819148936,3.565228088137902,-0.2945231759586373,13.405319148936169,-0.0687634927365498,357.36678630897325,1258.001676595745,3.9081191073105277,-0.886704878576857,31.767742119970105,0.25010509973489353,254.22119887296986,129.05519787234044,3.3441566088706005,-0.19583170642952652,4.007872340425531,0.058095639360500606,115.44850841813135
abajo,01,01,024,abajo_p01_s01_r024,1,abajo_p01_s01_r024_w01,abajo/participante_01_sesion_01_rep_024.csv,47,31.25,1.504,1.0578,3.6280923103162688,0.10545907427997614,1.0274447836981833,0.8601751841647365,0.002204112461206328,0.18903829787234044,3.4110767583966997,0.5924065904590252,-0.42808510638297875,0.6590259075629227,0.005907123034227567,0.10735531914893616,3.7539677775693248,-0.7862221765248432,0.3231914893617021,0.4719898611374184,0.0029656799259944492,0.7614063829787235,3.692338055181245,-0.4376622280383433,-0.8695744680851062,-0.5220772654789061,0.005360684551341349,367.759859574468,2.8690813990331923,1.3873519677515649,3.697446808510639,1.1002397721044042,361.7863281221091,501.22609787234035,3.599475757806771,-0.46412954863518374,11.480851063829787,0.19236828831013472,377.44694273820534,1051.7156659574468,3.6441537465325125,-0.9292925762405666,27.026372362130896,0.35778335431449304,328.2754468770012,182.72970851063835,3.673602214303878,-1.2103409235113745,7.719361702127658,0.5113627508085855,125.8181452358927
abajo,01,01,024,abajo_p01_s01_r024,2,abajo_p01_s01_r024_w02,abajo/participante_01_sesion_01_rep_024.csv,47,31.25,1.504,1.149455319148936,2.8350491453400153,1.5524131090464142,1.065860528880403,1.6168539945312972,0.013687883691630843,0.23188085106382983,3.673660596488104,-0.9119058654640293,-0.4791489361702129,0.416594487034605,0.0023470860314523593,0.09890851063829789,3.015051693458674,4.479805828417392,0.3074468085106383,2.0302581785991447,0.004480296022201666,0.8186659574468084,3.2400611121412366,0.8464421078777145,-0.8959574468085106,-1.348055194277319,0.016272432932469934,196.25698723404255,2.21688273350558,6.413404034777653,-1.0208510638297874,0.8219690573024638,199.45865143385757,837.9101978723403,3.04662495846642,1.4924306046580318,-7.464893617021277,-1.319425661482955,799.1895950971323,1314.7723574468084,2.7618608540817258,0.9103552961427361,25.044712275755085,1.383095008155898,702.4811519599608,280.6051723404255,3.199885990761528,1.190026599057199,1.8593617021276594,-0.7101070375726597,283.1729017576318
abajo,01,01,025,abajo_p01_s01_r025,0,abajo_p01_s01_r025_w00,abajo/participante_01_sesion_01_rep_025.csv,47,31.25,1.504,1.008168085106383,3.5147100648493983,0.7629934553576594,0.9980825579173819,-0.9730620126677629,0.012260146876337575,0.08351914893617021,3.6007976747451345,-1.4246186814599031,-0.20978723404255317,-0.31431304919009645,0.04036734505087881,0.0633404255319149,3.393633799493846,-1.5298866370370534,0.20042553191489362,-0.1506634384694373,0.023673728029602215,0.8613085106382976,3.6197867884957753,0.10283943902565884,-0.9236170212765958,0.4741890175782856,0.008419241443108233,393.60384680851064,3.7878747572168416,-0.6971094571240597,12.337446808510638,0.4006838575280122,246.63888899167435,1065.6887872340426,3.032347629465205,3.0761441947271155,21.96510638297872,1.7788593572328626,595.9016472710455,1538.6086340425534,3.3241897805257885,1.678499664396183,32.02051743854949,1.2395410462329566,524.453686075538,79.31600000000002,3.411417448418051,0.40393333114155006,2.925957446808511,0.8578590733519886,72.29292025901944
abajo,01,01,025,abajo_p01_s01_r025,1,abajo_p01_s01_r025_w01,abajo/participante_01_sesion_01_rep_025.csv,47,31.25,1.504,1.0792787234042556,3.2220036650571124,1.6217336763575956,1.0377494716336544,1.2291660751822195,0.002405947909377058,0.2800212765957447,3.565019170734511,-0.16057473804706746,-0.5080851063829788,0.899423335969589,0.022346253469010167,0.11357872340425532,3.0390779614740606,2.3513577006060498,0.3344680851063831,0.5303621862233748,0.0017469935245143378,0.6856787234042552,3.661105480194851,-0.9054063280986853,-0.8185106382978725,-0.37488368558021407,0.016060777058279373,196.75531063829786,3.4322780865317983,0.45015619045245403,7.89191489361702,0.8412571125949682,137.39631581868642,1077.0380361702128,3.230777875726571,2.573710231058125,21.26361702127659,1.6043101771372654,638.4813366327476,1376.1144574468085,3.0782826543727837,2.3649668033749602,29.362144672929073,1.472486053224844,525.1523723843738,102.32111063829787,3.7483366604099544,-0.8164480543309889,4.326808510638297,0.2970209487958552,85.41722654949119
abajo,01,01,025,abajo_p01_s01_r025,2,abajo_p01_s01_r025_w02,abajo/participante_01_sesion_01_rep_025.csv,47,31.25,1.504,1.0321319148936172,2.6546222638422736,6.8978711500236845,1.0149404417156085,2.595483312100457,0.002071897591214924,0.3882106382978722,3.2950820027757746,-0.0964804812033031,-0.6223404255319149,-0.33572072217956633,0.0009226641998149869,0.11095531914893617,2.9272744181416694,-0.6250157754250791,0.3325531914893617,-0.03712338697705335,0.000371600370027752,0.5329659574468085,3.2248025562230085,3.5836992668041763,-0.7263829787234043,-1.706990643968783,0.005449676225716928,30.67271063829787,3.490892714237404,0.6775515401675314,2.153191489361702,0.6362777699555476,26.602487419056427,201.4266978723404,3.031457332019111,1.8219461113573452,0.5519148936170215,-0.10054174507661802,205.49430712303425,297.2078638297872,3.1405864706903794,0.20166649342167586,13.404803665642117,1.1383167453670522,120.0738656135352,65.10845531914894,3.359964772213571,0.8732744891406514,3.631914893617022,0.9101437281447533,53.04629407955597
abajo,01,01,026,abajo_p01_s01_r026,0,abajo_p01_s01_r026_w00,abajo/participante_01_sesion_01_rep_026.csv,47,31.25,1.504,0.9619361702127661,3.0926879822016122,0.4733710693191986,0.9769429550131739,-0.7228801853188539,0.007682081403391167,0.013736170212765958,3.1595159786927742,0.025823933002507626,-0.05872340425531915,-0.9692848882947155,0.010511378353376505,0.026302127659574473,2.99729707949832,-0.8839049463529762,0.06723404255319149,0.8513809556346904,0.02225522664199815,0.9218978723404254,3.212463643446333,0.21807644611208854,-0.9570212765957448,0.9260757365881093,0.006138760407030528,437.3799765957447,3.1132628001553946,-0.7505950991569401,12.503617021276595,0.18349402530860412,287.14909315448665,470.28472127659575,3.5682431828203764,-0.4587692317522465,10.293404255319148,0.628499239421546,372.2507794634598,1019.5343361702126,3.284651683718901,-1.234741405767502,24.82669482656669,0.24813999977533854,411.934115814364,111.86963829787233,2.8530822185580673,4.751328117693052,0.577021276595745,-1.4888860993824933,113.96139528214617
abajo,01,01,026,abajo_p01_s01_r026,1,abajo_p01_s01_r026_w01,abajo/participante_01_sesion_01_rep_026.csv,47,31.25,1.504,1.0700680851063828,2.648877680820434,5.495685927324187,1.0326472669466773,0.5982856618437655,0.0037883095038092774,0.06572978723404255,3.4880938230715084,-0.8012613618975841,-0.22914893617021279,0.7178240732314556,0.013507955596669747,0.07702340425531916,3.249109908511501,0.41536738856044897,0.24787234042553188,-1.2248450762811036,0.015921461609620723,0.9273148936170212,3.2451135869120136,2.287025216567848,-0.9604255319148933,-0.9449222007450039,0.005004162812210916,441.50237659574464,3.5590473635537885,-1.1459150262218114,15.040212765957447,0.3567842334503961,219.9746890841813,643.2476234042553,3.705783468920593,-0.36052692791644025,16.40531914893617,-0.04126068705536942,382.24602109158184,1327.0233787234042,3.594734938093494,-0.19899937673596302,33.312769846662626,0.43092222939319347,222.00628177683515,242.27337872340425,3.387944300150249,2.0156445382590746,4.681276595744682,-1.3765032763965888,225.14944181313595
abajo,01,01,026,abajo_p01_s01_r026,2,abajo_p01_s01_r026_w02,abajo/participante_01_sesion_01_rep_026.csv,47,31.25,1.504,1.065555319148936,2.9055783524432135,5.655380938295956,1.030694094108131,2.1608034408192576,0.0032951122917194296,0.1190936170212766,3.4696913861023058,-0.05347101366995588,-0.3429787234042553,0.534853816863846,0.0014909343200740065,0.09603617021276596,3.0484090656814486,5.436669619480398,0.30702127659574474,-1.7086272948020405,0.001812673450508788,0.8504255319148939,3.122593904362783,4.527436702199051,-0.9191489361702125,-1.8579797716671835,0.005712303422756708,37.70242340425532,3.174834140359247,0.3741830244571118,1.1972340425531918,0.6141764903581989,37.05751174838113,286.20218723404247,2.9989280264787763,3.218699690439948,5.199148936170213,1.4591635307456023,264.80519056429233,497.8950127659576,2.9837642486108944,4.457408614424517,16.1630396850984,1.8767698059462536,241.7957513583239,173.9904021276596,3.143945767717046,3.3444445331118455,2.4321276595744683,-1.1228984580932073,171.72896493987045
abajo,01,01,027,abajo_p01_s01_r027,0,abajo_p01_s01_r027_w00,abajo/participante_01_sesion_01_rep_027.csv,47,31.25,1.504,0.9692234042553192,3.622801883178249,-0.09018054718312518,0.9801815302746256,-0.4299372113648966,0.008651649615199496,0.03922553191489362,3.446214725511662,-0.5126832640689565,0.17191489361702136,-0.8594851633956707,0.009881036077705827,0.05976170212765958,3.5242500864601776,-1.5587146091127349,0.16212765957446812,0.2103358304759145,0.03420407030527289,0.8702361702127661,3.5304308110442912,0.29494155106947373,-0.9295744680851064,0.7194380261924925,0.006260684551341353,456.29448723404255,3.691653162815702,-1.190595165117499,14.706595744680849,-0.1433346864321525,245.22814902867714,337.1861531914893,3.6914477577351508,-1.1359616741104173,8.828510638297871,-0.20144208988639448,264.8792825161887,1126.2406510638298,3.650675161137977,-0.8371267261205428,30.386878208217546,-0.20969648719540956,207.28868129719197,332.76001063829796,3.5164941720644274,-1.172321168191671,14.737659574468086,-0.33447985833927313,118.07360527289548
abajo,01,01,027,abajo_p01_s01_r027,1,abajo_p01_s01_r027_w01,abajo/participante_01_sesion_01_rep_027.csv,47,31.25,1.504,1.1265489361702126,3.7344000214300905,-0.5421555750393146,1.0600793318481154,0.3595936161533303,0.0028411973664629526,0.021672340425531914,3.3477213109778177,-1.3084502124141335,-0.03489361702127659,0.45902970318918396,0.02089944495837188,0.1524617021276596,3.1354465787715253,0.5749896099554137,0.38191489361702136,-1.3000190559971583,0.006746253469010175,0.9524148936170215,3.785258734739946,-0.8136825314874998,-0.9746808510638298,-0.20100804209442336,0.0024645698427382063,279.7537148936171,3.703658671684212,-0.6772312934664422,7.546382978723404,0.3850849437470823,227.64942358926925,346.4679872340426,3.556431341076893,-0.49205623201389326,13.186808510638295,-0.4384103384860289,176.3277222016651,951.5000978723405,3.54738254470663,-0.6397217276166787,27.791762024440008,0.3645677160424186,183.01193235030507,325.27839574468084,3.6429192467422267,-0.5700235446707484,9.931914893617018,-0.5569787619999614,231.5623201665125
abajo,01,01,027,abajo_p01_s01_r027,2,abajo_p01_s01_r027_w02,abajo/participante_01_sesion_01_rep_027.csv,47,31.25,1.504,1.1241255319148937,3.4801217051591795,0.8836464057075588,1.0542580691982282,-1.1080127109556148,0.012940791433259866,0.025025531914893616,3.262614927999094,-0.24021931946620345,-0.07191489361702129,1.1076561435113894,0.020285383903792784,0.15047021276595746,2.7574832607813513,3.0389136246986705,0.37085106382978733,-1.943410081253093,0.013220999074930621,0.9486297872340426,3.549166651921658,-0.0650253178331992,-0.9689361702127659,0.6431795486357822,0.010005365402405184,406.92159787234044,3.465294768733221,-0.4902115650835004,-13.261489361702127,0.047835971476164876,236.0774216466235,628.8651914893617,3.817381607172434,-0.7174145213510474,-8.82468085106383,-0.4628644970047078,562.9682471785385,1350.3463531914895,3.6611054801948506,-0.7069439474789965,32.10079160781167,0.5338795056386446,326.83956463340957,314.55956382978724,3.7453215657274797,-0.8840819034314169,-11.041914893617022,0.19574392478875244,196.8234114708603
abajo,01,01,028,abajo_p01_s01_r028,0,abajo_p01_s01_r028_w00,abajo/participante_01_sesion_01_rep_028.csv,47,31.25,1.504,1.0378170212765956,3.697628482319264,-0.3085038242224085,1.0156038751969312,-0.18148310595850753,0.006504176699866747,0.040410638297872344,3.729600819532587,-1.2369884340122188,0.07723404255319151,-0.3559050553392559,0.03519435707678076,0.1405446808510638,3.594734938093495,-0.6538468056163227,0.35787234042553184,-0.7580915385455782,0.012743200740055503,0.8568617021276596,3.6784014162013805,-0.5183039991841518,-0.9231914893617018,-0.0510000324219063,0.0046787234042553185,192.8651936170213,3.8899328738579038,-0.7948285133702617,7.739361702127658,0.04347967300298911,135.8580713228492,405.7257765957447,3.6280923103162688,-0.303195047676474,15.653829787234043,-0.55154127497943,164.17650675300646,1182.4259489361702,3.524799693884921,0.2891997487805238,31.172905391688946,0.8583782249495876,215.2558296460451,583.8349787234043,3.7462118631735737,-0.7896424648760236,17.609361702127657,0.49135695105086064,279.69634523589275
abajo,01,01,028,abajo_p01_s01_r028,1,abajo_p01_s01_r028_w01,abajo/participante_01_sesion_01_rep_028.csv,47,31.25,1.504,1.2382617021276598,3.371882863934004,0.7701856133579228,1.106692384912649,0.9718888753824536,0.013787007897577735,0.03201914893617021,3.588554213509381,-0.4666062072440047,-0.13638297872340424,0.6202209119277978,0.013710545790934319,0.21668510638297875,3.308215761457622,1.4166984529212217,0.4608510638297873,0.9803384731965168,0.004394912118408882,0.9895574468085108,3.4340621937468274,1.0376992011011605,-0.988936170212766,-1.0867194630764498,0.011814061054579095,338.97141489361707,3.4509555452249385,0.6168992744430493,-3.791276595744681,-0.42803924958017336,331.65410703052737,598.4156063829786,3.639904152059753,-0.7162757769619557,4.130851063829786,-0.5842619067795772,593.9897557816836,1626.6526510638298,3.669411002015344,-0.9051569474264394,34.86737192518892,0.27950155061590537,419.8520484007762,689.2656297872339,3.5408611301011645,-0.4992025909472071,-0.4408510638297884,0.43759333264876366,704.0510905642923
abajo,01,01,028,abajo_p01_s01_r028,2,abajo_p01_s01_r028_w02,abajo/participante_01_sesion_01_rep_028.csv,47,31.25,1.504,1.034444680851064,3.5816302143754974,-0.575826904115702,0.9998453133834851,0.6077456323330995,0.03550955255084291,0.028027659574468084,3.313473641308949,-1.5940133869167665,-0.04404255319148936,-0.2300989451682644,0.026655041628122097,0.12798510638297875,3.6125220993405405,-1.470960112352737,0.3027659574468085,0.12447730145320912,0.03710740055504162,0.8784319148936172,3.652799958374357,0.29161262713920566,-0.9261702127659575,-0.798366046248742,0.021089361702127656,603.4821553191489,3.5664625879281884,-0.6746720425991102,-11.581489361702126,-0.23768741217277298,479.55454773357997,308.46176170212766,3.434003811562601,0.9606895596051617,-9.76468085106383,-1.0032466239659537,217.74565587419056,1400.9482404255318,3.525689991331015,-0.7096647423199451,31.65262792646176,0.4889800461590121,407.734589813081,489.0043234042552,3.870365117718669,-1.1549050167343176,-17.7268085106383,-0.0938261649138666,178.56381350601296
abajo,01,01,029,abajo_p01_s01_r029,0,abajo_p01_s01_r029_w00,abajo/participante_01_sesion_01_rep_029.csv,47,31.25,1.504,0.9447851063829786,3.634273034900382,-0.7063926601318737,0.9683073899962986,0.0275434289774543,0.007321685402002867,0.0064255319148936165,3.1803407710138454,0.08881873614333591,0.06255319148936171,-0.9738825922681995,0.0025672525439407955,0.013670212765957446,3.079641640667843,-0.44290689642290415,0.050851063829787234,1.0162679835716373,0.011325346901017577,0.9246893617021278,3.620677085941869,-0.7942547858192763,-0.9582978723404256,0.14559314885458088,0.006492691951896396,179.4475404255319,3.4921272140276893,-0.03150918244700085,9.16340425531915,0.5405355455006978,97.55520555041626,41.826361702127656,3.4769560752575406,0.2514932772064764,1.9463829787234044,0.010287248869580084,38.86486706753006,450.9388914893617,3.4790808724939204,-1.4784892622629724,17.03461064757305,0.25475279854870136,164.2557344352777,229.6649893617021,3.1789592483272355,-1.3303374554836689,10.482765957446807,0.5710973775753164,122.38044653098981
abajo,01,01,029,abajo_p01_s01_r029,1,abajo_p01_s01_r029_w01,abajo/participante_01_sesion_01_rep_029.csv,47,31.25,1.504,1.0282595744680854,3.3997561418937323,-0.7483060200528215,1.010590985744196,-0.6435369847867954,0.007116856478935261,0.0029510638297872344,3.218962521660247,0.2519372137070559,0.0006382978723404255,1.1128687228055492,0.003014801110083257,0.044608510638297884,3.2543094061786006,-0.027037365752823117,0.19021276595744682,-1.1262853637277062,0.00861082331174838,0.9806999999999999,3.6549247556107374,-0.8022722570930778,-0.9874468085106384,0.5216389050400577,0.005771600370027755,201.01436170212764,3.608671577073358,-0.2475022677763974,9.865957446808512,0.2057710943455264,105.93109851988902,77.94425957446809,3.7188298104543627,-0.473871429243645,1.5710638297872335,-0.6191748092485791,77.11680101757632,563.0522106382978,3.771813321000598,-0.7895551488794781,22.042176237939962,0.21239415592723362,78.87282249332509,284.09358936170213,3.7322752241937103,-1.115338241725484,10.692978723404254,-0.23735056418187903,173.44409528214618
abajo,01,01,029,abajo_p01_s01_r029,2,abajo_p01_s01_r029_w02,abajo/participante_01_sesion_01_rep_029.csv,47,31.25,1.504,1.0602425531914892,3.6150459687824985,-0.1373708144634609,1.0288820273759032,-0.0063194437330000046,0.0016800731720439195,0.0013617021276595745,3.354095702686958,0.4503115607418797,-0.02468085106382979,0.40200767285737654,0.0007689176688251621,0.07875744680851064,3.6875972354679685,-1.3249195768527493,0.27787234042553194,0.12090055558731697,0.0015779833487511567,0.9801234042553192,3.6129211715461187,-0.2578305995814931,-0.9889361702127659,0.23854591768335512,0.0021749306197964865,62.530472340425526,3.6372881295828563,0.04064200733157808,4.082978723404256,0.6911006885242873,46.85670832562442,82.19762765957447,3.502557533084564,0.07766625826121087,2.0929787234042556,-0.31926387955620117,79.50874310823313,226.82588936170222,3.602490852489245,-0.48782036017005437,13.969043451732427,0.33044750996652095,32.38066471847259,82.09778936170214,3.5060638530075536,0.18111867330086273,0.07680851063829755,0.6412869757683589,83.8764961147086
abajo,01,01,030,abajo_p01_s01_r030,0,abajo_p01_s01_r030_w00,abajo/participante_01_sesion_01_rep_030.csv,47,31.25,1.504,1.0335702127659574,3.239424087568416,0.962153706110092,1.0120664624902527,-1.4015943018149257,0.009493681491650315,0.02013617021276596,3.713198693294992,-0.7783171697206339,-0.06808510638297872,0.5250687106060533,0.015837557816836264,0.15883617021276594,3.4604955668357187,0.11657632821530717,0.3806382978723404,-0.9887136011916026,0.014253931544865865,0.8545978723404258,3.2014168251032844,1.5863675841674194,-0.9219148936170214,1.4412053760601773,0.004772340425531913,298.83923617021276,3.7545173849940676,-0.9269807181762446,6.774680851063832,0.1293765696130433,258.44169500462533,267.40051914893616,3.6741518217286204,-1.2548357972369988,7.568510638297871,-0.05298301679695169,214.68595208140604,1231.3788063829786,3.5299395858037754,-0.0882789513066542,32.993973972770775,-0.2395986306514822,145.88032455986672,665.1390510638297,3.650675161137977,-0.6207540389239794,16.23531914893617,-0.521791207389868,410.28288630897316
abajo,01,01,030,abajo_p01_s01_r030,1,abajo_p01_s01_r030_w01,abajo/participante_01_sesion_01_rep_030.csv,47,31.25,1.504,1.0713106382978723,3.88162735203741,-1.185508415236436,1.0340664956831533,0.15488657133474784,0.0020609712556841015,0.026042553191489366,3.5620624582362637,-0.09927294699769673,-0.15574468085106383,0.05611777287307325,0.0018249768732654945,0.1788531914893617,3.197269968284633,0.984357310121057,0.4202127659574469,1.0966536533379192,0.0023238667900092507,0.8664148936170211,3.684922830806845,-0.8086907453527798,-0.93,-0.011185760703938482,0.0015478260869565205,60.41954893617024,3.3337262898137268,0.8784617576788509,-1.6506382978723406,-1.2568081119859418,58.949180018501394,213.06452978723405,3.40015521409931,-0.8202505308776171,5.593829787234043,0.5740217463833523,185.72519805735425,475.672640425532,3.4656354587545724,-1.2010274264917962,18.014043778360314,0.4449935769555087,154.45310341982488,202.18856170212769,3.2100630369451286,1.3650623818563181,-1.7625531914893615,0.5479292791273854,203.40983681776135
abajo,01,01,030,abajo_p01_s01_r030,2,abajo_p01_s01_r030_w02,abajo/participante_01_sesion_01_rep_030.csv,47,31.25,1.504,1.0055468085106383,3.4796304799186637,-0.08630944396044171,1.0024781486075827,0.5060246194326138,0.0005970737722335094,0.01717872340425532,3.4970734388215177,-0.8260420010487075,-0.12680851063829787,0.11187237268786204,0.0011222016651248846,0.16997234042553191,2.840589333028467,0.05518874461304035,0.4117021276595745,-0.6608657455801794,0.0004839962997224791,0.818395744680851,3.29769802525267,0.04414594978211506,-0.9042553191489363,-0.43135835514581206,0.000733672525439408,16.13507872340426,3.7114145860799628,-0.7284670689102892,0.8997872340425533,-0.06539910310179958,15.658623866790013,30.325861702127664,3.1052395861720257,2.6785976400921143,-3.2423404255319146,-0.9126243185621059,20.243809620721553,136.76634042553192,2.8249595163044927,5.046964369613038,9.144996064171075,2.2041283915126106,54.29050452947592,90.30539999999999,3.1591752886714235,3.689905346905338,-5.026382978723404,-1.848934113968255,66.45480619796484
abajo,01,01,031,abajo_p01_s01_r031,0,abajo_p01_s01_r031_w00,abajo/participante_01_sesion_01_rep_031.csv,47,31.25,1.504,1.0948957446808514,3.3832034804369724,0.2589127045116606,1.0423995591939663,-0.5152003002090235,0.008479314622489903,0.024697872340425534,3.725351225059827,-0.9763485959921563,-0.0825531914893617,0.0896384266930219,0.018271600370027757,0.13317446808510633,3.196530206057703,1.5859725920184404,0.3519148936170213,-1.3227098308496092,0.009533209990749306,0.9370234042553192,3.737016043906987,-0.3834620209480146,-0.9648936170212766,0.05770693210245672,0.0061342275670675335,390.3989765957447,3.41182003294647,0.6912125741054735,8.97255319148936,0.8908208787552955,316.6290542090657,348.571125531915,3.779569235396348,-0.6032976879742638,16.436382978723405,-0.21174296432104453,80.12114532839962,1065.5123042553191,3.5834143215905265,-0.01935504474837435,28.902866259159374,0.47907619652458516,235.1395963965635,326.54220212765955,3.8208879270954244,-1.3530254339142722,11.76787234042553,0.03890193021193766,192.14763015726174
abajo,01,01,031,abajo_p01_s01_r031,1,abajo_p01_s01_r031_w01,abajo/participante_01_sesion_01_rep_031.csv,47,31.25,1.504,1.0805638297872342,3.2195121290849897,2.7888212543347617,1.038125031213287,1.642383574203179,0.0029224286894645986,0.059795744680851075,3.12948205770399,1.353658690945565,-0.2361702127659574,1.5745768306718215,0.004106753006475485,0.14375531914893616,3.169785177911312,0.9084765905817083,0.377659574468085,1.0310185105435867,0.0011530989824236817,0.8770127659574468,3.324277197673867,1.0601859177210748,-0.9348936170212766,-1.0662889630597545,0.0030516188714153564,42.991419148936174,3.102282873673778,4.428274509843124,0.200212765957447,-1.3073899878332347,43.88505864939871,218.65419574468083,3.327545565229614,0.8850916667962658,6.565106382978723,-0.31428740115685877,179.36995596669752,308.2029574468086,3.2816365890364265,-0.3021102705379266,13.764612796102035,0.7501118803549028,121.31966141193585,46.55734255319149,3.539479607414555,0.43601618713771995,-2.375531914893617,-0.40301074383260915,41.80362960222017
abajo,01,01,031,abajo_p01_s01_r031,2,abajo_p01_s01_r031_w02,abajo/participante_01_sesion_01_rep_031.csv,47,31.25,1.504,1.0888446808510637,3.55375693641577,-0.7039839076167405,1.0352984468252022,-0.052841725020093225,0.01737141134917894,0.05437446808510638,2.9818556548910924,0.48582552394942935,-0.19617021276595742,1.3239342593684327,0.016237187789084184,0.19846595744680853,3.3854753005696754,0.0076064704844798214,0.435531914893617,1.061774289969899,0.00896873265494912,0.8360042553191491,3.5069541504536477,-0.6458792368745438,-0.9072340425531915,-0.050999045433360306,0.01321174838112859,351.86024893617014,2.935026820214579,2.176068318652306,0.41042553191489345,-1.4383112337935529,359.3372737280297,234.1707595744681,3.0709919165031576,-0.053361078327690326,-7.615106382978726,-0.9066013762955071,180.01093422756708,1009.8535765957448,3.3869260038765407,-0.9591792832010602,24.319765121488025,0.5091222653082947,427.4983097494733,423.82256808510647,3.419722970238544,-1.0353195211832547,-15.114680851063829,-0.4380362386196486,199.61614283071233
abajo,01,01,032,abajo_p01_s01_r032,0,abajo_p01_s01_r032_w00,abajo/participante_01_sesion_01_rep_032.csv,47,31.25,1.504,0.9882021276595745,3.596310127905132,0.19716593564535945,0.9849702830483426,-0.44749525674251767,0.01842774893583499,0.013127659574468088,3.6367385221581134,-0.9279700047355894,0.07148936170212768,-0.2882223798712128,0.008191211840888068,0.07488936170212766,3.455263521881926,-1.0960232418204632,0.23361702127659578,0.44711872767167404,0.020754024051803887,0.9001851063829784,3.422828994391937,0.9104842331117116,-0.9414893617021278,0.9289292203256839,0.014082516188714155,225.88151489361707,3.317881057114061,0.13904662845107074,7.93063829787234,1.1422256591626452,166.5296756706753,434.7495446808511,3.8203383196706815,-0.829406532432083,7.38936170212766,0.22560480004246902,388.4109408880666,936.8102234042555,3.7357815441167004,-1.235542401303241,25.251546511463857,0.18155080176072994,305.67330962240743,276.1791638297872,3.5881551413038038,-0.7901534795261851,9.222340425531916,0.2928842849473964,195.28254875115633
abajo,01,01,032,abajo_p01_s01_r032,1,abajo_p01_s01_r032_w01,abajo/participante_01_sesion_01_rep_032.csv,47,31.25,1.504,1.1146659574468085,3.6611054801948506,0.05340690650387758,1.053408148302095,0.8242764266692441,0.005105865984028787,0.022921276595744684,3.6206770859418693,-1.2804697071217033,-0.10574468085106382,0.18094553443713005,0.011994542090656798,0.10988297872340425,3.596859735329875,-0.022396360384746572,0.321063829787234,0.5192416060695184,0.006948843663274746,0.9818617021276594,3.377913053298953,0.19597633629690758,-0.9891489361702129,-0.8641336872514624,0.003520999074930622,249.96109787234045,3.549507341943009,-0.0006904803757250555,1.6706382978723406,0.47266326591995267,252.54332784458833,455.79477234042554,3.7539677775693243,-0.9915488491173776,11.228297872340425,0.1816544363668837,336.88792747456057,1079.2024893617022,3.7887650546629357,-0.9858975366016391,29.668098231181,0.11233805796494459,203.33266359162525,373.44661914893607,3.569477682610663,-0.16808567217292092,7.2376595744680845,-0.5871177173177266,328.042531359852
abajo,01,01,032,abajo_p01_s01_r032,2,abajo_p01_s01_r032_w02,abajo/participante_01_sesion_01_rep_032.csv,47,31.25,1.504,1.157108510638298,3.0705625857697094,2.5948941726557964,1.0703920944258851,1.7249652017134238,0.011616432977318793,0.03385531914893617,2.9555467683069745,3.574625200182423,-0.16553191489361702,1.2734210401306771,0.006594819611470859,0.10124680851063826,3.321573758048892,1.8616574751922759,0.31021276595744685,0.46915583467169647,0.00512386679000925,1.0220063829787236,3.158772704143004,2.3768660780382396,-1.005744680851064,-1.7015853719328216,0.01071193339500463,166.26026382978722,3.2296017581205123,0.9683300436317213,-3.2859574468085104,0.20436016632378973,158.84237243293245,687.011840425532,3.1455056370226524,1.7504689562132283,-5.404468085106384,-1.1713752961544377,672.1036426456985,1402.2001787234042,2.990560248917164,2.3503231943584186,28.978744148504052,1.5889169699452115,574.659361218489,548.9280744680851,3.4344028837681786,0.43043079019237007,-10.56191489361702,-1.0743735051604109,446.88215929694724
abajo,01,01,033,abajo_p01_s01_r033,0,abajo_p01_s01_r033_w00,abajo/participante_01_sesion_01_rep_033.csv,45,30.303030303030305,1.4849999999999999,0.9978000000000002,3.2552930315720263,2.1523507229951466,0.9894949161370099,-1.4873846558431056,0.019124806642171,0.02241555555555556,3.846539762611725,-1.2878887958352778,-0.0028888888888888914,-0.19924253084314184,0.02291646464646465,0.059788888888888884,3.524178930907801,-0.8734516034258899,0.21488888888888893,-0.31039001086605617,0.0139210101010101,0.9155955555555555,3.1527779637478672,3.001510845662395,-0.9484444444444444,1.7132718686913495,0.016413434343434345,188.76670444444443,3.7504191412941132,-0.2216521264467901,5.647777777777778,0.65041642944884,160.4345222222222,562.6670066666667,3.7342178978896556,-1.0774704063987741,16.104222222222226,-0.13567679438280997,310.21469313131314,898.7058777777776,3.8048276083098163,-1.031045752070217,27.302059643877946,-0.2026781715422236,156.78758554763414,147.27216666666664,3.7609571982867696,-1.1397612076557184,4.678888888888889,-0.17178916487259122,128.22971464646466
abajo,01,01,033,abajo_p01_s01_r033,1,abajo_p01_s01_r033_w01,abajo/participante_01_sesion_01_rep_033.csv,45,30.303030303030305,1.4849999999999999,1.1048244444444444,3.5922099084326966,-0.261816973185407,1.0500836754038603,0.5580081165024228,0.0021975536196455754,0.06468222222222222,3.5717724742428296,-0.8794813265983614,-0.22644444444444448,0.6377529831528487,0.013709797979797982,0.08027333333333334,3.5287709534932894,-0.414052791756526,0.27799999999999997,0.5268434969627472,0.0030572727272727275,0.9598688888888889,3.229843097622545,-0.3870517268369169,-0.978,-0.3060894872014273,0.0034618181818181827,37.29925777777778,3.4231067867785456,0.6662089473554254,-0.9071111111111111,-0.2646415120631455,37.30541646464647,487.2835511111112,3.6547189971506286,-1.115403589478088,15.302666666666667,0.3030427720223522,258.8644881818182,608.7449355555556,3.73328803166818,-1.1522814218035025,20.818992319297088,0.46994971240662475,179.29891469107253,84.16212666666667,3.54998469665736,0.009286029349878877,3.3055555555555554,0.3927807628291668,74.8998707070707
abajo,01,01,033,abajo_p01_s01_r033,2,abajo_p01_s01_r033_w02,abajo/participante_01_sesion_01_rep_033.csv,45,30.303030303030305,1.4849999999999999,1.2019511111111112,3.0360289120540997,0.7132218552507643,1.0882888411689835,0.6853747730883498,0.017978020873141213,0.0751977777777778,3.4126333751599374,0.6177556613870969,-0.2602222222222222,1.1022302723042758,0.0076522222222222235,0.11465555555555554,3.0674212119846715,3.1408066699993764,0.3215555555555556,1.5077052986523276,0.011513434343434343,1.012097777777778,3.0578166896395684,0.5536088077042658,-0.9977777777777778,-0.3404401918354625,0.01691313131313131,115.84626222222222,3.128865924274026,2.123880062127564,3.2137777777777785,-0.1373460441761188,107.9160285858586,543.8181333333333,3.486545741717953,-0.057575456975231365,-9.315555555555557,-0.3706027344331123,467.42579797979795,957.7045955555556,3.0107699742909073,0.6401072301329629,24.509303337970024,1.0230891687183392,365.11225102117504,298.0402,3.4004501199195705,0.9073923187657509,-9.624,-1.2716294316834844,210.0874336363636
abajo,01,01,034,abajo_p01_s01_r034,0,abajo_p01_s01_r034_w00,abajo/participante_01_sesion_01_rep_034.csv,47,31.25,1.504,0.9975148936170215,3.5682431828203764,-1.2365787239787542,0.9914254418509121,-0.04232717292763331,0.014907671364870008,0.012402127659574467,3.465635458754573,-1.2144960910487779,-0.011276595744680849,-0.5870700355729058,0.012541813135985198,0.10169787234042554,3.6602151827487566,-1.4431795600125576,0.28042553191489356,0.09461748054585585,0.02356068455134135,0.8834148936170212,3.74532156572748,-1.072894007546521,-0.9359574468085106,0.2020497481599127,0.007559389454209068,283.15489574468086,3.5512914491580387,-0.33924357792455284,5.845319148936169,-0.7134133885988045,254.3999037002776,357.1577574468085,3.740031138589461,-1.0468317842166552,7.909787234042553,-0.005467531437273739,300.99721951896396,1043.1327319148936,3.755751884784354,-0.8057995444717352,28.92571762082929,-0.3623606206881652,210.9233222965691,402.8200787234042,3.524799693884921,-0.9805824779587535,12.431702127659577,-0.1120303665896919,253.670097039778
abajo,01,01,034,abajo_p01_s01_r034,1,abajo_p01_s01_r034_w01,abajo/participante_01_sesion_01_rep_034.csv,47,31.25,1.504,1.128540425531915,3.573874299979747,-0.30825893562069506,1.0606591945512902,0.6374045840075998,0.0036195093836741458,0.045682978723404245,3.549507341943009,-0.24509634095553912,-0.18872340425531922,0.8937164879868404,0.010285291396854765,0.1459595744680851,3.5379334525667683,-0.03306256879030567,0.37595744680851073,0.8669070883425882,0.004715911193339501,0.9368978723404257,3.572984002533653,-0.37404636348727305,-0.9663829787234042,-0.25399773127846165,0.0030670675300647566,169.45749148936173,3.383203480436972,0.4518973648470199,1.1661702127659574,-0.6337266271423063,171.75183283996304,343.6047510638298,3.597691650591742,-0.4989616707856235,11.983617021276594,-0.11175844475996978,204.34544967622568,824.1190361702128,3.7908898518993164,-1.3107625382475983,23.67214609649861,0.2298826716703624,269.48219916833057,311.05679361702124,3.5004327358481837,-0.817509373562932,7.993829787234043,0.49121903922525406,252.52842414431083
abajo,01,01,034,abajo_p01_s01_r034,2,abajo_p01_s01_r034_w02,abajo/participante_01_sesion_01_rep_034.csv,47,31.25,1.504,1.1211063829787236,3.180867842047037,1.023375172376264,1.0492374658044088,-0.2534533090932616,0.020646408620871793,0.04757872340425532,3.1444953751417883,0.18292853874635817,-0.16978723404255322,1.1825153245179374,0.019158649398704902,0.18606808510638304,3.2502534788308677,0.40417905572664203,0.4153191489361703,1.0555269984625437,0.013873265494912117,0.8874595744680854,3.40228001133569,1.2427492552086683,-0.9323404255319151,0.8334161138503327,0.018596577243293243,352.9035063829788,2.826959827036101,3.956733235228837,4.93744680851064,0.7601535926499505,335.66697594819607,645.7333553191489,3.602490852489245,-0.23638503347351358,-8.501489361702125,-0.47718390036766156,585.9245129509713,1564.5575872340426,3.521634063983282,-0.818802319372717,30.389177425146645,0.6784900423517876,654.9914714104134,565.920725531915,3.572492777293137,-0.13982110236969625,-14.041914893617022,-0.7559172863159711,376.7615549491212
abajo,01,01,035,abajo_p01_s01_r035,0,abajo_p01_s01_r035_w00,abajo/participante_01_sesion_01_rep_035.csv,47,31.25,1.504,0.9911042553191487,3.642028949296132,-0.18744509087284644,0.9881689429659852,-0.544288652278742,0.014944360595693843,0.03018510638297873,3.3659075444304416,-1.270417639084314,-0.00021276595744681577,-0.5474747241277336,0.03084125809435708,0.16856382978723403,3.5578128637635027,-1.63045778191077,0.3551063829787234,0.02424556363079322,0.04338640148011099,0.7923553191489362,3.3275455652296135,2.6310515330900834,-0.8874468085106382,1.5207812241410064,0.004897687326549491,554.4063680851065,3.694462852417625,-0.6791263767677869,11.138936170212766,0.5052637746663943,439.6854792784458,457.24328723404255,3.588155141303803,-0.2542959083533938,12.018510638297872,-0.13891513826054983,319.5986607770583,1682.8132255319147,3.796180279037335,-0.9755375477600445,35.317038265583804,-0.165141003165509,444.9878604983171,671.1635702127659,3.670986191826981,-1.2710373508706003,19.056595744680852,0.015072513795570019,314.705592506938
abajo,01,01,035,abajo_p01_s01_r035,1,abajo_p01_s01_r035_w01,abajo/participante_01_sesion_01_rep_035.csv,47,31.25,1.504,1.1096978723404252,3.662339979985137,-0.6504135337931691,1.0517642053360146,0.19188779244109821,0.0035657967298554777,0.09073191489361702,3.3139052608012194,-0.4775506113510817,-0.2680851063829788,0.9050611761218019,0.01927234042553192,0.2607936170212766,3.5837550116118777,-0.3229576840634589,0.5057446808510639,0.46260619447294593,0.005124976873265496,0.7581723404255318,3.644494436553864,-0.49860759052070014,-0.8687234042553192,0.41053134592927565,0.003567900092506939,278.01573617021273,3.1928958873070994,1.2755440408311545,4.56595744680851,1.1230529259052582,262.75837243293245,442.8661106382978,3.6771669164110947,-0.40602902068252966,15.81148936170213,0.33375023778735496,197.05558686401474,1230.8960234042552,3.687597235467969,-0.98604670932842,28.33709602279758,0.446326477160591,437.2072952772439,510.01417659574463,3.5390770228861355,-0.9970131005560336,13.169574468085107,0.6221074465795768,343.89336503237735
abajo,01,01,035,abajo_p01_s01_r035,2,abajo_p01_s01_r035_w02,abajo/participante_01_sesion_01_rep_035.csv,47,31.25,1.504,1.1720340425531917,3.3679739594825953,-0.014932304654823536,1.0764250567286247,0.4651051067611871,0.013633208056490135,0.1053340425531915,2.7970468145497813,1.3119951537521173,-0.2768085106382978,1.5998071652617807,0.02933524514338575,0.27034255319148937,3.3754766010050723,-0.11736301976091656,0.5138297872340425,1.0320974649333248,0.006458926919518965,0.7963574468085107,3.3641269495382544,-0.15803544393858626,-0.8851063829787235,-0.6055474328201145,0.013225531914893618,78.44835957446809,3.3319456949215387,0.8476199604190406,-1.939787234042554,-0.57929384419624,76.30918473635522,1280.1340893617023,3.332344767127117,-0.15665214338458622,-13.440851063829788,-1.0325021439024884,1123.3792992599444,2355.486521276596,2.9394231013270766,-0.13041300091265873,32.86157490794629,1.1996329885275425,1303.3339248861612,996.9040723404256,3.1550727170949857,-0.41857823062067023,-17.13531914893617,-1.0786018423968573,718.5737123959296
abajo,01,01,036,abajo_p01_s01_r036,0,abajo_p01_s01_r036_w00,abajo/participante_01_sesion_01_rep_036.csv,47,31.25,1.504,1.0319021276595746,3.783625162744082,-1.014698535596055,1.0101684988200297,0.1720530398079784,0.011710899730637294,0.0314404255319149,3.47695607525754,-0.9524512612764386,0.07553191489361702,-0.24782450454651875,0.026294819611470854,0.07083404255319149,3.603725352279531,-0.900650428565585,0.245531914893617,0.06718147719345816,0.010777428307123034,0.929627659574468,3.819506404408814,-1.145462023844893,-0.9572340425531912,-0.1799309681530243,0.013620444033302499,273.8425872340425,3.6916531628157014,-0.2851629600733183,-4.141276595744681,-0.36788255684796467,262.2726852913969,593.9625170212767,3.5381867254400423,-0.5348670270528855,13.584468085106383,-0.35131767172130496,418.32528177613335,1321.3636765957447,3.7375656513317295,0.07366748489824815,35.07799638466239,0.3768504744108244,92.87388636886426,453.5585723404254,3.711073896058612,-0.7231064880627227,13.67936170212766,-0.5572259694544508,272.22567132284917
abajo,01,01,036,abajo_p01_s01_r036,1,abajo_p01_s01_r036_w01,abajo/participante_01_sesion_01_rep_036.csv,47,31.25,1.504,1.154923404255319,2.8243808739158998,8.889249974952774,1.0708432242567525,2.3843318988071864,0.008396849695215466,0.02883191489361702,3.575999097216127,-1.1789328555207288,-0.13936170212765958,0.16477995413047256,0.009614801110083256,0.05663404255319149,3.438890430608181,0.4887056752950074,0.2212765957446808,0.9432045192107037,0.007837465309898243,1.0694574468085107,2.8042860467434734,9.611747553367643,-1.03,-2.435626316923066,0.008743478260869565,463.41866808510633,2.9889266769212997,4.563855333096635,-1.685531914893616,1.4030937451868712,470.59020786308974,414.2008489361704,3.29557322801629,-0.1622886156617045,12.351702127659577,0.7968086247733219,267.324049213691,1030.3849361702128,3.3757882560625725,0.0194758112490101,25.925441099239972,0.7621235552329044,366.04462345787886,152.7654191489362,3.4951423087101645,0.7093100721538139,1.9104255319148935,0.4672590071174948,152.3573389454209
abajo,01,01,036,abajo_p01_s01_r036,2,abajo_p01_s01_r036_w02,abajo/participante_01_sesion_01_rep_036.csv,47,31.25,1.504,1.1469765957446807,3.294188193006839,1.131167867115086,1.057920712601293,0.3695889820976856,0.028384282498067192,0.03874893617021277,3.3776013982414526,0.23841339377294002,-0.0970212765957447,1.151611015331032,0.029973543015726176,0.10385106382978723,3.556431341076893,-0.6917474870036862,0.2914893617021277,0.6917102005419589,0.01929555966697502,1.004376595744681,3.14314288741903,1.5039643234793605,-0.9882978723404254,-0.26545196747234817,0.02824486586493986,725.9763872340426,3.1204107249421753,1.290481852996944,5.568510638297871,0.7002218658638812,710.0760781683628,1001.1208106382978,3.472032386855264,-0.5396069020185887,-17.635531914893612,-0.830862908064546,705.1111904717853,2318.5595404255314,3.318899353387769,-1.2411267041378535,37.91716520955553,0.37549055799160397,899.9969951336905,591.4623425531914,3.598984532566255,-1.3438190017036715,-15.4768085106383,-0.2970050713235322,359.58140915818694
abajo,01,01,037,abajo_p01_s01_r037,0,abajo_p01_s01_r037_w00,abajo/participante_01_sesion_01_rep_037.csv,47,31.25,1.504,0.9267595744680852,3.4504643199844223,-0.171675901153987,0.9581879805600693,-0.7746868338379629,0.008823093777829303,0.029417021276595744,3.32516749511996,-1.260222522980939,-0.015319148936170207,-0.6562639603605088,0.02981674375578169,0.04226808510638298,3.134343515342612,-0.7326956274088405,0.15617021276595744,0.8478752612735471,0.018267622571692878,0.8550744680851063,3.2572696309996885,0.3311420512487584,-0.9214893617021276,1.121838142431133,0.00606077705827937,432.8817063829787,3.3141810700660432,-0.4078795334656542,12.75574468085106,0.9717728162959066,276.04600323774287,553.2760021276596,3.014099165248927,-0.361430152844866,8.580212765957445,0.46882196985081,490.08325430157254,1132.9550531914892,3.262003089810697,-0.5842193994295077,24.760806651303653,0.7415076087607296,531.1587573240778,146.79734468085107,3.1664041320339815,-1.1066778674668656,6.482978723404255,0.5409835246810888,107.04590397779835
abajo,01,01,037,abajo_p01_s01_r037,1,abajo_p01_s01_r037_w01,abajo/participante_01_sesion_01_rep_037.csv,47,31.25,1.504,1.0719978723404255,3.54600102202002,0.31201246601714505,1.031310728710869,-0.3323870032767147,0.00857857608163612,0.050540425531914894,3.4257857068901845,1.0784166803901174,-0.1982978723404255,1.210547035048411,0.0114622571692877,0.09286170212765958,3.73015042695733,-0.3691824688264127,0.2840425531914894,0.03153312192098597,0.012446345975948193,0.928595744680851,3.4838800743914238,0.35790041302711995,-0.9612765957446805,-0.10368340294766772,0.004641813135985202,517.401585106383,3.7965209690586867,-0.8725851325715799,7.0355319148936175,0.46294463538997827,478.07467742830704,626.2856595744681,3.5007734258695344,-0.06273685245259886,13.591063829787236,-0.11751030323189911,451.16796188714153,1447.1755978723402,3.5717495027433666,0.03643914826759165,33.67463760818493,0.6408527181301775,320.00295330431743,303.48835319148935,3.6527999583743576,-0.8757753919800177,2.7438297872340427,-0.601611265251606,302.3936589269195
abajo,01,01,037,abajo_p01_s01_r037,2,abajo_p01_s01_r037_w02,abajo/participante_01_sesion_01_rep_037.csv,47,31.25,1.504,1.0876106382978723,3.203450692868745,0.9239888956263651,1.040782071349576,1.1922071864797987,0.004478607782444781,0.06216382978723404,3.447507607486175,0.267370384611048,-0.24531914893617027,0.10731406183705804,0.0020254394079555964,0.09762978723404259,3.3311102673368307,1.1963984445287217,0.30255319148936166,0.927374028327945,0.0062237742830712275,0.9278170212765957,3.2582473455938605,0.3987843920839649,-0.961276595744681,-0.7162320855298371,0.0038461609620721576,110.46442553191488,3.3950153221804555,0.5421611854311053,-4.215319148936171,-0.3773508019048952,94.71062978723407,121.64600425531916,3.429321374033551,0.7085009902440489,5.2455319148936175,0.8316265839430689,96.17671221091581,409.2242978723403,3.4775056826822826,-0.4191267194332293,16.370515751306357,0.7918429697695044,144.3007404283226,177.1138680851064,3.6091031965656284,-0.4582774309968167,-4.842553191489362,-0.6126810659169297,157.0040585568918
abajo,01,01,038,abajo_p01_s01_r038,0,abajo_p01_s01_r038_w00,abajo/participante_01_sesion_01_rep_038.csv,47,31.25,1.504,0.9631872340425532,3.7635077991801045,-0.7722319574867971,0.9760764144953559,-0.28668030064287675,0.010689503349931627,0.03575106382978724,3.2775771493658525,-1.5943127074244288,0.13212765957446812,-0.19688710486028144,0.018691026827012024,0.07031914893617021,3.4033208440009486,-1.5490344132866616,0.21361702127659576,0.4240699400561367,0.025223589269195188,0.8571170212765956,3.6324889276853525,-0.3635984461102577,-0.9219148936170215,0.6201141726521361,0.007346253469010176,384.2398446808511,3.1990540754996615,-0.09281513603190827,10.227446808510638,1.1218543782757537,285.71828899167434,569.588714893617,3.3495344531566977,0.35178245449143253,10.159574468085106,0.08400839320381463,476.5102780758558,1376.8307106382981,3.427354398129522,-0.9541058004731711,28.99735538958952,0.4782282259622669,547.6359191144055,423.0021510638298,3.189752006256124,-0.9695204084128481,15.535106382978725,0.4714471419661195,185.61180814061055
abajo,01,01,038,abajo_p01_s01_r038,1,abajo_p01_s01_r038_w01,abajo/participante_01_sesion_01_rep_038.csv,47,31.25,1.504,1.0923914893617022,3.368523566907338,0.5072158866972232,1.0436733114600512,-0.5816428623184913,0.0032057150100541173,0.04390851063829787,3.8173816071724342,-1.3538685456586843,-0.13808510638297875,-0.051527136595851494,0.02538103607770583,0.15364893617021277,3.2560351312094036,1.5574035693942454,0.3844680851063829,-1.306497295755284,0.005960037002775209,0.8948340425531915,3.6003660552528647,-0.3818192735978436,-0.9438297872340425,0.35261046230227416,0.004106753006475486,326.7577042553192,3.483568419333924,0.5800051328617166,6.300638297872339,0.92659296259535,293.3000887141536,800.5276914893616,3.5738742999797477,0.3665018616431279,17.357234042553188,-0.7332369557561491,510.10746827012014,1644.4967808510635,3.5850478935863905,-0.36228727750147316,36.30203910111805,0.11197340632973878,333.7600148639598,517.2113851063829,3.4301532892954176,-0.4165096829466033,12.910425531914893,-0.24899996730439738,358.1525650323775
abajo,01,01,038,abajo_p01_s01_r038,2,abajo_p01_s01_r038_w02,abajo/participante_01_sesion_01_rep_038.csv,47,31.25,1.504,1.0623489361702125,3.5938446406474,-0.1661336309221757,1.0298661816145354,0.11637527828774147,0.0017620750964077935,0.0922127659574468,3.5735336099583956,0.57395536438294,-0.29446808510638295,0.9995067789941292,0.0056209065679926,0.15805744680851064,3.412311258186986,-0.3659227082976564,0.395531914893617,0.31887941386844787,0.0016469935245143389,0.8120787234042554,3.4739409805750663,-0.1377000769401202,-0.8993617021276596,-0.134478797358268,0.0032974098057354305,115.04915106382977,3.1755774149090183,1.317518510522799,0.6082978723404258,0.5593341065322869,117.17214921369103,518.6013042553192,3.5278147885673956,-1.0649763079130843,9.571276595744683,0.2874891204916054,436.2744026827011,860.6902063829787,3.4379092036911683,-0.7469928420451288,22.791035717776623,0.6485289285772287,348.6775689743132,227.0397510638297,2.9569866731778114,2.882266331359432,2.3542553191489355,0.9632260429401301,226.31239019426457
abajo,01,01,039,abajo_p01_s01_r039,0,abajo_p01_s01_r039_w00,abajo/participante_01_sesion_01_rep_039.csv,47,31.25,1.504,1.0101021276595747,3.276005471877057,1.3976549502886995,0.9936843415754069,-1.4316467596970825,0.02318689516236876,0.016097872340425534,3.601600555043151,-1.2933347732142935,0.009361702127659584,0.08989957919277215,0.01635827937095282,0.09515106382978723,3.5304308110442917,-1.2893054078212631,0.2717021276595745,-0.2090142056781633,0.02179269195189639,0.8988531914893615,3.1699104519569716,2.289487380076432,-0.9385106382978725,1.6976895046601839,0.018443385753931552,501.4892659574469,3.0924021620416466,0.3166669955130983,6.113829787234043,0.8414892318277515,474.1997067530064,646.5329297872341,3.5216340639832824,-0.44030969992482705,11.588297872340425,-0.6116615947472621,523.3800274745605,1445.572295744681,3.6315986302392593,-0.46429256926157114,32.70941907439619,0.15631946066742852,383.83285607238554,297.5501000000001,3.713198693294992,-1.2762258060101848,9.203191489361702,0.1638066474378698,217.4785700277521
abajo,01,01,039,abajo_p01_s01_r039,1,abajo_p01_s01_r039_w01,abajo/participante_01_sesion_01_rep_039.csv,47,31.25,1.504,1.1073702127659577,3.7899995544532223,-0.6893699357364294,1.050824790971505,0.369399389700209,0.0032056773466430963,0.03855319148936171,3.538186725440042,-1.2351595585755508,-0.1753191489361702,0.40925752093246054,0.00798630897317299,0.12528723404255315,3.2143722371661347,-0.22351044374889284,0.34787234042553195,0.8205673623768547,0.0043649398704902875,0.9435297872340426,3.7322752241937103,-0.6274332183855682,-0.9695744680851063,-0.09951355639165156,0.003530249768732657,114.56797446808511,3.457388319118306,1.383139948808516,-2.829361702127659,-0.8468150257161826,108.87926697502314,390.6877255319149,3.250744704071384,0.9931157992773514,10.588723404255319,-0.7082523252815879,284.62245920444036,672.769780851064,3.7908898518993164,-1.5638180656067882,22.01264583485977,0.04951107045777051,192.30479559574874,167.51408085106382,3.549507341943009,0.14705241213021436,3.9595744680851057,0.8889802338693374,155.13663024976876
abajo,01,01,039,abajo_p01_s01_r039,2,abajo_p01_s01_r039_w02,abajo/participante_01_sesion_01_rep_039.csv,47,31.25,1.504,1.0263702127659577,3.083697568015576,5.567761106737866,1.0125669857256971,1.4737255628092982,0.0011017537535575564,0.05928936170212767,2.788286866268348,9.27235441915313,-0.24042553191489363,2.1219903247228533,0.0015172062904717854,0.1047127659574468,2.9589286017251917,7.621771270408761,0.3219148936170213,2.125271391174034,0.001107123034227567,0.8623680851063829,3.36674297201515,1.3011055957866544,-0.9278723404255316,-0.6586164761464911,0.0014518963922294165,27.930061702127656,3.47344975533455,0.5939224717961187,2.0627659574468087,0.48207596671788966,24.189733487511564,60.24337446808511,3.505572627767038,0.21343007700533656,0.4340425531914895,1.0048968712782105,61.36052460684552,113.8276085106383,3.6784014162013805,0.18837924648093907,9.216300373095985,0.8591326030616663,29.515403246628853,25.65417234042553,3.646769769009409,-0.748995839736704,-0.22914893617021262,0.20527136434457297,26.15822099907493
abajo,01,01,040,abajo_p01_s01_r040,0,abajo_p01_s01_r040_w00,abajo/participante_01_sesion_01_rep_040.csv,47,31.25,1.504,0.9305765957446808,2.9052376624218623,5.708366847469932,0.9589974469105209,1.7508093944179508,0.011137459793430561,0.013121276595744684,3.224128462293493,-0.36092417851398517,0.09510638297872341,0.06226098233417296,0.004164662349676225,0.05291914893617022,3.3732643866206136,-1.317935270647149,0.17914893617021277,0.5030965661375658,0.021277520814061052,0.8645361702127659,2.8618815906344848,5.274812707882125,-0.9242553191489363,-1.7389036238477609,0.01051193339500463,597.7626638297871,2.63207648237726,6.29533686120131,7.086808510638297,-1.7370407902203286,559.4428482886216,544.6695574468085,3.2502534788308677,2.758261605624588,-1.7076595744680856,-0.8801003626496654,553.5307052728956,1537.5730255319147,2.794130749410537,6.238043371014179,30.230792449838177,2.116656919791927,637.2303049820855,395.14080425531915,2.9265895257761256,4.851001537894911,6.997872340425532,1.7291506074953027,353.69603450508794
abajo,01,01,040,abajo_p01_s01_r040,1,abajo_p01_s01_r040_w01,abajo/participante_01_sesion_01_rep_040.csv,47,31.25,1.504,1.0671319148936174,3.2400611121412366,3.0484506858674374,1.0282947184048252,1.0845673466443984,0.00995366714640978,0.016161702127659574,3.6224611931568984,-1.0023429742722618,-0.03021276595744681,0.3681209150243091,0.015580388529139684,0.09321914893617023,3.693228352627339,-0.5208304254935401,0.29468085106382974,-0.13819675789106536,0.00652109158186864,0.9577510638297873,3.210063036945129,2.6261313586495767,-0.9734042553191491,-1.081961278415703,0.010457724329324703,445.0748085106382,3.0242800600119537,6.7146773939470705,-0.7127659574468087,-1.8114081470593053,454.23126827012044,792.1971468085104,2.954656470860881,3.958041708210134,11.761914893617023,-1.418910851473907,668.0687332099906,1640.2208595744682,2.966468312604364,6.4318183160075755,32.45335938974538,2.2336106948571026,599.7612005008951,402.948904255319,3.0819718429847733,5.435374723054872,9.807021276595746,1.7448348784757983,313.4401778908418
abajo,01,01,040,abajo_p01_s01_r040,2,abajo_p01_s01_r040_w02,abajo/participante_01_sesion_01_rep_040.csv,47,31.25,1.504,1.0707234042553193,3.301661799565466,2.213041733780525,1.0333731500866552,1.3481063525820194,0.002925583390417775,0.027170212765957446,3.5214403968582544,0.9586412882066071,-0.15404255319148935,0.8150372160796039,0.003515911193339501,0.061448936170212756,3.6284330003376195,-0.283327432015664,0.23851063829787236,0.31533576382388173,0.004660777058279371,0.9821042553191488,3.399264916653216,0.9151289134381697,-0.9895744680851062,-0.8251965984591422,0.0029085106382978725,108.99725319148936,2.956527995223988,5.501228206028209,-4.201063829787233,1.6163745050301108,93.33414884366323,407.47737446808503,3.3216611751969696,0.423316555572959,10.047234042553193,1.0401051439164044,313.19416827012026,581.1519255319148,3.1475430171109546,1.3958489872208668,19.59792190711159,1.5141963844495436,201.35758642107632,64.6772978723404,3.5834143215905265,-0.01600946272137671,-1.1834042553191488,0.5407167555179789,64.65243598519889
arriba,01,01,001,arriba_p01_s01_r001,0,arriba_p01_s01_r001_w00,arriba/participante_01_sesion_01_rep_001.csv,47,31.25,1.504,1.1514361702127656,3.3261865789345544,2.113479352553851,0.9671485078965133,1.515232847818994,0.22075688897079873,0.04347872340425533,3.66852070456925,0.04248567150832727,0.03936170212765957,-0.5327697560101248,0.042840888066605,0.026897872340425535,3.547382544706629,0.17823781093705504,-0.0025531914893616985,-0.7333713451537867,0.0274759481961147,1.081059574468085,3.345046906316694,1.7608207521970893,0.9263829787234042,1.4149888459166218,0.2277192414431082,1502.4689978723404,2.6646274619791774,15.411774878795207,-8.313404255319151,-3.2001709468445814,1464.5162272895466,6453.960863829788,3.173452617672638,2.194898301653282,-16.842127659574466,-0.4754058147274767,6304.440634505088,10854.931565957448,3.118003619868671,4.85042808346218,89.19238509175398,1.6745275540194962,2962.6858773321815,2898.501704255319,3.5117533523511515,-0.7054348413139531,-20.863617021276593,0.26549820316229455,2516.7592583718783
arriba,01,01,001,arriba_p01_s01_r001,1,arriba_p01_s01_r001_w01,arriba/participante_01_sesion_01_rep_001.csv,47,31.25,1.504,1.1567106382978725,3.583414321590527,-0.07682520550087801,0.968694980583657,1.0290912260052332,0.2230872092570726,0.06333617021276594,3.408460735919804,-0.7123763019588987,3.543264972207946e-18,-0.6607689521432665,0.06471304347826085,0.02279361702127659,2.9742826091843417,2.9414755572720814,0.08914893617021276,1.084714399201868,0.015168825161887143,1.07058085106383,3.541751427547259,-0.30892338719059387,0.9265957446808512,0.9155363124648784,0.21660989824236818,234.13699148936172,3.556032268871315,0.2196531651974003,-2.8314893617021277,0.36092517379738026,231.0353042553192,3682.862065957447,3.524308468644405,0.0752131908075393,0.5006382978723396,0.09470866636448709,3762.6681974098065,5710.138785106381,3.8313182461522977,-0.9971090091060804,65.99075462387059,0.455289122318671,1384.823417306278,1793.1397276595746,3.633232202235123,-0.8958790831394459,-10.56468085106383,0.6644272505343299,1718.0821863089732
arriba,01,01,001,arriba_p01_s01_r001,2,arriba_p01_s01_r001_w02,arriba/participante_01_sesion_01_rep_001.csv,47,31.25,1.504,1.2426617021276596,3.169203023199877,0.668100315627643,1.0378498211154654,1.3036313030221853,0.16912791726300028,0.07786808510638298,3.098464898693288,-0.7224649428551198,0.05106382978723404,-0.8672739721064032,0.07689666975023125,0.02183829787234042,3.031856404224689,3.6721678452744406,0.0978723404255319,1.737781759787388,0.012525809435707684,1.142955319148936,3.1565008840102995,0.4410305109520465,0.9917021276595743,1.1753514851956355,0.1629492136910268,308.2599446808511,3.170928748230679,1.522491078763725,-5.747234042553192,-0.2505664921453897,281.2124900092507,2520.3112829787233,2.981976292816438,1.859304832749288,15.998936170212767,0.2319605936817613,2313.5702227567067,3959.0439553191486,3.652799958374357,-0.17144635106015027,50.755735334570055,0.9121913671369282,1412.962313922013,1130.4727276595743,3.5834143215905265,-0.4250578645925982,-14.862553191489365,0.44940081278333255,929.3506585568917
arriba,01,01,002,arriba_p01_s01_r002,0,arriba_p01_s01_r002_w00,arriba/participante_01_sesion_01_rep_002.csv,47,31.25,1.504,1.0710808510638297,3.053208267578952,3.419014233790177,0.9710451667571367,1.782883362160033,0.1309380511636402,0.042917021276595746,3.155973812977108,-0.9531997719766943,0.052978723404255315,-0.7050877502072679,0.04098223866790009,0.020955319148936172,3.116219512653642,2.2965756816200535,0.1031914893617021,0.27572470624501605,0.010530897317298797,1.007208510638298,3.06785233531591,2.9738109268603825,0.9374468085106382,1.6273594856771585,0.13119333950046255,353.6969042553191,3.4427084055886716,1.0204282612094229,-1.3074468085106388,-0.23150787725060537,359.6393889916744,2013.458655319149,2.893917045918895,1.536418989621617,15.368085106382976,1.6484503334971377,1815.917150601295,3638.241155319148,3.261724630553,1.7772240502543921,45.846502135468846,1.456524868964069,1569.738079810765,1271.0855957446809,3.4119670558427933,-0.35819486361031316,-5.759148936170214,-0.5103967908249775,1264.8290557816838
arriba,01,01,002,arriba_p01_s01_r002,1,arriba_p01_s01_r002_w01,arriba/participante_01_sesion_01_rep_002.csv,47,31.25,1.504,0.9769425531914891,3.511354280145573,0.5017493504594923,0.9738674784718544,0.10306504828561297,0.029144789469978404,0.02651063829787234,3.377913053298953,-1.2050053848211686,0.09276595744680853,-0.5931068043710221,0.018294357076780763,0.012648936170212767,3.5539948887830124,-0.30229726624691144,0.061063829787234035,0.48408887723129246,0.009114061054579093,0.9377829787234043,3.4940583441390425,0.5627734903558359,0.9519148936170213,0.06565974079789597,0.03232886216466235,344.8895319148936,3.4944025464832347,0.12226919336098208,5.062127659574468,-0.017475073346523172,326.2049258094357,730.5680063829786,3.427138194612944,0.3356643128624861,-13.72872340425532,-0.6394043233314152,553.8747287696576,1890.5626085106383,3.498648628633154,-0.22322726609254673,38.72719725048426,0.3690464417564306,399.26173210299925,815.105070212766,3.711414586079963,-0.38513401139582504,8.987021276595744,-0.3501822185995042,750.3023996299723
arriba,01,01,002,arriba_p01_s01_r002,2,arriba_p01_s01_r002_w02,arriba/participante_01_sesion_01_rep_002.csv,47,31.25,1.504,1.1080914893617018,2.877855609702651,1.8767402429302713,1.047519919789201,1.4703615260655016,0.011028148463192344,0.010397872340425532,2.774994612763573,1.5948309328458574,-0.044468085106383,1.5619062827788717,0.008603515263644773,0.006987234042553192,2.609830809254062,3.7391248505944628,0.022127659574468085,1.8008951555267563,0.0066388529139685465,1.0907063829787231,3.099937350850816,1.8842805862870042,1.0391489361702124,1.4730149613002441,0.011112303422756714,222.0998659574468,2.9571803403028394,1.597362666123666,4.655531914893617,1.162903568258729,204.78297308048107,695.6369,2.971354931649946,0.33507699833383686,-11.07340425531915,-0.8901359629745397,585.4735012025902,1181.6890063829787,2.892525134401151,-0.11520310104060671,23.74463085143297,1.0601579078034022,631.3137188972026,263.95224042553184,2.9237645858958374,3.7962885347822013,4.537659574468084,1.4831968548907841,248.65236179463457
arriba,01,01,003,arriba_p01_s01_r003,0,arriba_p01_s01_r003_w00,arriba/participante_01_sesion_01_rep_003.csv,47,31.25,1.504,1.01316170212766,2.6402210801474557,5.2247858776285305,0.9807542958055776,2.251017068397164,0.05239755498192562,0.09686595744680851,3.274221364662027,-1.5544372261317847,0.22744680851063834,-0.3444930670327655,0.04611507863089731,0.02031063829787234,3.7089490988222313,-0.883479237666017,0.10468085106382978,0.2833767678770393,0.009555874190564292,0.8959851063829787,3.1375117702596595,2.596484356376383,0.9057446808510639,1.5656615539218222,0.07725541165587421,658.1645510638299,3.7427055432505845,-0.9747890696999297,-16.407446808510638,-0.5412073695995291,397.4158976873265,1490.3094723404254,3.208532202603373,-0.44454645274029625,20.68978723404255,0.9453447917596256,1085.3343977798336,2772.188825531915,3.394125024734362,-1.2776943495204798,40.37998408973649,0.42928996508865164,1166.4640954542065,623.7148021276596,3.502030462051372,-0.5081661204161452,-10.920212765957446,-0.22220462383823525,515.4303586493987
arriba,01,01,003,arriba_p01_s01_r003,1,arriba_p01_s01_r003_w01,arriba/participante_01_sesion_01_rep_003.csv,47,31.25,1.504,0.9261531914893616,3.3764956848196666,-0.2521590194782015,0.9494753221369905,1.0545387617351243,0.025185669449659106,0.14364893617021277,3.402280011335691,0.2458976411771885,0.3593617021276596,-1.0122261296269943,0.014823496762257167,0.039406382978723405,3.5069541504536477,0.29508330008914685,0.18106382978723404,-0.8573638598695656,0.006766234967622572,0.7430978723404256,3.2569838108397238,-0.31230262889547467,0.8370212765957447,1.0530187801270072,0.04341702127659574,1188.1590638297873,3.697477947100099,-0.9149156512644074,6.439148936170214,-0.05528763597784736,1171.6246079555967,1096.664425531915,3.2316681731726655,0.21827001552844028,-7.996170212765957,-0.17679390839459755,1055.1762458834414,3533.509591489361,3.7405807460142038,-0.6709814337410314,52.516933926784745,0.3347200399180663,792.3395302977639,1248.68610212766,3.786984459770748,-1.2723158842159787,6.342978723404257,-0.13912518919804226,1234.723434412581
arriba,01,01,003,arriba_p01_s01_r003,2,arriba_p01_s01_r003_w02,arriba/participante_01_sesion_01_rep_003.csv,47,31.25,1.504,1.0909978723404257,3.705783468920593,-0.2052604109421856,1.0378752893172212,0.5603480926572801,0.014113033473057554,0.06314042553191493,3.072713792954532,-0.9865595368327469,0.20085106382978726,0.8324927168820004,0.023294912118408874,0.021757446808510633,3.33470751673074,-1.5434035262621468,0.09404255319148937,0.3687123121481579,0.013194172062904722,1.0061,3.284651683718901,-0.5689172461834469,0.9904255319148936,-0.24278420218745514,0.025704162812210912,751.0896957446807,3.335359861809591,-0.0633378826380242,17.32106382978723,1.040313941719436,460.8763227567067,761.0513340425531,2.907300228894589,0.9844809624672659,-14.001489361702124,-1.5226373304753322,577.29244773358,2257.768234042553,2.9500626740439277,-0.49509218417736545,33.247971190142366,0.869488248427631,1177.391529385973,745.6272042553192,2.9242519625569265,-1.1990728319889177,15.052765957446807,0.6725307871425477,530.3249508788159
arriba,01,01,004,arriba_p01_s01_r004,0,arriba_p01_s01_r004_w00,arriba/participante_01_sesion_01_rep_004.csv,47,31.25,1.504,1.0056276595744682,3.1734526176726376,1.6879655563556337,1.0024853017468125,-0.5267169496085236,0.0006650289072894223,0.008627659574468087,2.231801822966475,-0.032020705826366846,0.09212765957446808,-0.5101026524842223,0.00014320074005550417,0.000993617021276596,3.431728479107055,-0.1470233984469358,0.002340425531914893,-0.18946104107112177,0.0010096207215541165,0.9960063829787235,3.1734526176726376,1.6139696034967237,0.9976595744680848,-0.5426893142110145,0.0006965772432932477,6.007212765957447,3.5429859273375452,-0.003031429232741356,-0.5319148936170214,-0.380276115427022,5.848720166512489,9.473389361702127,3.518618969300808,0.8069441278380296,0.19851063829787235,0.5001202746117531,9.639069472710457,36.0625489361702,3.399605606674567,-0.2227738877463512,5.304981771292742,0.6063476516156744,8.091885110735447,20.581946808510637,3.2355735653012334,-0.01519288159345411,-0.7474468085106384,-0.05729092913286812,20.458558556891767
arriba,01,01,004,arriba_p01_s01_r004,1,arriba_p01_s01_r004_w01,arriba/participante_01_sesion_01_rep_004.csv,47,31.25,1.504,1.1067425531914894,2.8092097351457497,4.262836386175254,0.9658061014751407,1.6594505547400717,0.17774289118715944,0.05266170212765957,2.868659790436064,0.7669527311644058,0.1427659574468085,-0.1728622898569485,0.03298131359851989,0.009831914893617021,3.3264019949102464,1.118402788414441,0.0036170212765957457,0.19520899464251654,0.010032284921369105,1.0442489361702125,2.722098519365415,2.502967693069211,0.9091489361702128,1.0521696150333608,0.2224296947271045,472.5735446808511,3.130463284621003,0.46071218594048746,-6.704255319148934,-1.1094234023014888,436.92273367252534,3844.4331234042556,2.5777079368215743,0.05610735931236066,20.106382978723403,0.7773074158862385,3514.9527148936163,4670.714136170212,2.8818809662659888,-0.6790944330606359,47.11276809416165,0.8818814270749636,2504.3860277776075,353.70746808510637,3.141018090182649,1.7202598838052046,-8.830212765957446,-0.7124474081055735,281.7290456059205
arriba,01,01,004,arriba_p01_s01_r004,2,arriba_p01_s01_r004_w02,arriba/participante_01_sesion_01_rep_004.csv,47,31.25,1.504,1.2531765957446808,3.371538661589812,1.587299780725159,1.0229642951231683,0.9938117585641072,0.21121457374887964,0.06559361702127661,3.4887679170010233,0.46156843658610347,0.17425531914893616,-0.5952446977811632,0.03599454209065679,0.012629787234042546,3.6180026812807466,-0.06364620119094333,0.012340425531914893,0.2028592318832758,0.012748751156336722,1.1749531914893618,3.4292629918493236,0.7139920253933592,0.9582978723404255,0.6322561375455158,0.26219703977798325,921.609408510638,3.6394129268192357,-0.44641658022249775,4.044255319148935,-0.34150089373917636,924.9328293246996,5448.870229787233,3.6533495657990995,-0.7570039492730984,-0.008936170212767883,0.6312402914932882,5567.323848843664,7481.801389361704,3.689722032704349,-1.210979171447505,75.18192364164659,0.08517176997371466,1869.2510457490498,1111.3217510638299,3.521634063983282,-0.546423376992097,4.7414893617021265,0.5215662464898607,1112.5104651248844
arriba,01,01,005,arriba_p01_s01_r005,0,arriba_p01_s01_r005_w00,arriba/participante_01_sesion_01_rep_005.csv,47,31.25,1.504,1.1236021276595742,2.393398199586814,3.5157488228100506,1.026073168276192,1.5628752370350578,0.07231458928591,0.02464255319148936,2.8604022619686638,0.22919157573385407,0.12382978723404257,0.4733282096758056,0.00951110083256244,0.015934042553191488,2.8075165574016396,0.5692608425984633,-0.03978723404255319,1.357474456158355,0.014662997224791861,1.0830255319148936,2.6851764450354243,2.8100038561535925,1.0021276595744681,1.2554254447331574,0.08047798334875114,838.6834595744676,2.8204754817873314,0.24689387536103302,-16.65276595744681,-1.2239480433638308,573.5725160962072,1221.0687553191487,2.0812701956074275,3.223404764194025,11.918936170212767,1.7453971332311817,1102.4644053654024,2644.072487234043,2.656473262918735,-0.04864437230821217,32.44881299995313,1.1482312449798573,1625.7371747830748,584.3202723404255,2.97024921822816,-0.021173634341085545,-12.800425531914893,-1.0203314453801933,429.6100172062904
arriba,01,01,005,arriba_p01_s01_r005,1,arriba_p01_s01_r005_w01,arriba/participante_01_sesion_01_rep_005.csv,47,31.25,1.504,1.1173765957446808,3.3212295557046994,0.03738792428649962,1.0008017349109686,0.7567025696406636,0.11828927625569902,0.04007234042553191,3.697137257078748,-0.4361400215238578,0.16765957446808513,-0.5691865432414506,0.012222664199814987,0.024923404255319154,3.7783347356060624,-1.0248047670485059,0.07744680851063829,-0.22587856107793786,0.019336817761332104,1.05238085106383,3.442396750531171,-0.25092773607727237,0.958936170212766,0.667304531453457,0.13570971322849212,1336.5164702127656,3.746211863173574,-0.4910250267020073,-5.853404255319149,-0.012512674037450563,1330.5640012025901,2005.7454063829784,3.2815085902088126,0.6100330637474429,-2.024468085106383,0.7764951903375295,2045.160999167438,4622.889157446809,3.7188298104543622,-1.2011341714477777,57.14880479281059,0.2209364879704815,1386.4011653348198,1280.627280851064,3.8759962348780395,-0.7780908340123123,1.352765957446809,0.13005444864034424,1306.5972465309899
arriba,01,01,005,arriba_p01_s01_r005,2,arriba_p01_s01_r005_w02,arriba/participante_01_sesion_01_rep_005.csv,47,31.25,1.504,1.0369148936170216,3.4996298555501677,-0.4090715924350574,0.9946568911861884,-0.3532898826576259,0.048606748572692655,0.019485106382978724,3.3454785258089643,-0.8512956803815706,0.10042553191489359,0.8079888204519768,0.00960416281221092,0.015155319148936173,3.5963101279051317,-0.06830658836502934,0.07808510638297873,0.8922224742282381,0.009254949121184089,1.0022744680851063,3.3858195029138685,-0.45755556946661624,0.9717021276595746,-0.5191557399738083,0.059331822386679,516.7145893617021,3.317411580724209,1.3603532534835772,12.177234042553192,1.413933571212682,376.4388987049028,822.049140425532,3.270187973705845,-0.21924809425234004,-12.674468085106382,-1.055731319841993,675.7854122109158,2054.8606127659573,2.923328444333565,-0.034594429958843875,31.5019753753867,1.1898731815566004,1085.5836854365411,716.0968829787231,3.3760262084298147,0.16649190055431262,12.680212765957448,1.140072059466158,567.38102386679
arriba,01,01,006,arriba_p01_s01_r006,0,arriba_p01_s01_r006_w00,arriba/participante_01_sesion_01_rep_006.csv,47,31.25,1.504,0.9766425531914891,2.971974943258962,1.5041480026152891,0.9597056184302765,1.3236695177348792,0.05681654173495567,0.08677659574468087,3.1796333422567504,-1.6292300606464467,0.24489361702127654,-0.1420447332207584,0.027386401480111004,0.01757659574468085,3.635594951838746,-1.0882584625061582,0.05085106382978725,0.45095804172509,0.015316651248843663,0.8722893617021278,3.003239851715191,0.4658793441903435,0.8906382978723404,1.015121067055087,0.0807713228492137,906.5256212765956,3.0390779614740606,-0.22002230741062334,-13.138723404255321,-0.49682099632093857,749.8539070305274,1124.5264936170213,3.3512276309008073,-0.33113391930648906,17.72978723404255,0.9588005219464363,827.7937716928769,2498.0436127659577,3.488093823071508,-1.2674372873285242,39.12687113542151,0.2756855728930658,988.1561672206429,466.99149787234035,3.2387391952028723,0.2814996404766186,-2.0612765957446824,0.5220267801360257,472.80225920444025
arriba,01,01,006,arriba_p01_s01_r006,1,arriba_p01_s01_r006_w01,arriba/participante_01_sesion_01_rep_006.csv,47,31.25,1.504,0.9464425531914893,3.6845821407854937,-0.85425088435142,0.9518186627624546,0.5346541180220752,0.041363868721812434,0.11094255319148934,3.6340641174969903,-0.27716867327338157,0.31808510638297877,-0.48682936365573387,0.00997668825161887,0.024621276595744677,3.693228352627339,-0.9829412812751883,0.11021276595744682,-0.00797220779543318,0.012745605920444035,0.8108787234042553,3.665846299908127,-1.225042946760942,0.8682978723404254,0.46230181725359093,0.058175300647548576,1558.3035468085109,3.661105480194851,-0.4138519683463455,2.88659574468085,0.00882419892683136,1583.666135985199,928.2024085106385,3.431387789085704,0.6867049786684212,-7.177446808510639,0.4047666295814034,895.7450716003699,3487.3057617021263,3.6854724382315878,-0.8787589589813223,50.6041566928011,0.4724751954967358,946.6669368323996,1000.7998063829789,3.5941853306687515,-1.2208320513923852,3.1014893617021286,0.5517522084772531,1012.7279738205365
arriba,01,01,006,arriba_p01_s01_r006,2,arriba_p01_s01_r006_w02,arriba/participante_01_sesion_01_rep_006.csv,47,31.25,1.504,1.1357085106382978,3.374644685743205,0.44312575672571075,1.0588279910008405,1.1250658378812632,0.014909009070366,0.04742765957446812,3.115266984443894,-0.624783171383557,0.19212765957446803,0.9198779992833283,0.010743200740055503,0.009357446808510637,2.9100036685195625,2.4367380354236055,0.026382978723404255,1.697554322655512,0.008849676225716929,1.0789234042553193,3.2382805172490485,0.1288827374686936,1.031063829787234,0.42893616308983,0.01617493061979649,786.2360468085107,2.7296722385627423,1.6730799906233464,13.54085106382979,1.6351130329569898,615.9875166512487,561.2896978723404,3.238065101273357,1.326742936809275,-13.447659574468082,-1.3734077720018796,388.72080527289546,1897.691540425532,2.8600135785942187,0.7262964918271253,27.329365933149276,1.4054966134089286,1175.8146306853248,550.1657957446807,2.9346822816138003,0.615426573773421,6.915319148936171,1.2051114284740851,513.2646819611472
arriba,01,01,007,arriba_p01_s01_r007,0,arriba_p01_s01_r007_w00,arriba/participante_01_sesion_01_rep_007.csv,47,31.25,1.504,1.1871297872340427,2.340575021338028,2.952602613214882,1.0353548918923292,1.5200154348092678,0.11767373148320194,0.040291489361702126,2.8595188410308623,0.023981309767269643,0.164468085106383,1.2364694455368406,0.013529602220166513,0.011070212765957446,2.3814643823036556,3.3877270640238404,0.008297872340425533,1.7094234904250667,0.011240518038852912,1.1357680851063832,2.123823387096789,1.8337021306757002,0.9980851063829786,0.8814358779199973,0.14262886216466233,674.3421340425533,2.0729646737869345,2.329723903683983,-12.372127659574469,-1.7978779556577007,532.6046040703052,1824.7580914893613,1.862891511160043,2.133364110917425,20.03085106382979,1.79403240727251,1454.4692514338574,2927.7275148936164,2.1580710567656576,0.3986748132731224,30.84458512101377,1.3279273894454047,2019.3029767280264,428.6272893617022,2.593769373037818,-0.17537080004784755,-8.10340425531915,-0.94100214159411,370.8526098982424
arriba,01,01,007,arriba_p01_s01_r007,1,arriba_p01_s01_r007_w01,arriba/participante_01_sesion_01_rep_007.csv,47,31.25,1.504,1.2536808510638298,3.5459426398357925,-0.3087896140550974,1.0321461238368488,0.5066927899562196,0.19244990902788542,0.0689531914893617,3.5304308110442912,-0.641715097158404,0.24212765957446805,-0.020584438581236087,0.010551896392229415,0.01692127659574468,3.5834143215905265,-0.0443159497441461,0.05723404255319148,0.3201671302694089,0.013942183163737276,1.1678063829787233,3.488427226979672,-0.6235615620270885,0.9691489361702126,0.3087119295291765,0.23352534690101756,1159.3209617021278,3.5655687781592533,-0.042499570677187126,0.49829787234042544,-0.6371324190747021,1184.269892691952,3063.029889361703,3.509628555114771,-0.0009235717102447083,-0.3838297872340424,0.6561291657792958,3129.4669676225717,5438.997136170213,3.6155371940230143,-0.9530020436035063,61.25562362044443,0.24658695995943106,1723.4140960632858,1216.6462851063827,3.6897220327043483,-0.932015821070717,3.286808510638299,0.33288906024442433,1232.057156984274
arriba,01,01,007,arriba_p01_s01_r007,2,arriba_p01_s01_r007_w02,arriba/participante_01_sesion_01_rep_007.csv,47,31.25,1.504,1.0696063829787237,3.2272680434807404,0.06390966454976876,0.9976926282131886,-0.5604193777495333,0.07582918960056192,0.040172340425531916,3.127081451202786,-0.17817269414724546,0.18361702127659568,0.8027262379846468,0.006597502312673454,0.00874468085106383,3.7400311385894613,-0.9934953167108307,0.007234042553191495,0.4975751137727588,0.00888131359851989,1.0206893617021278,3.2241284622934936,0.45666601542709717,0.9646808510638301,-0.8669807872093053,0.09203848288621647,502.92939361702133,3.487386394314414,-0.01802070763189345,13.769148936170215,0.7363325096815037,320.15166882516183,1302.0810723404256,3.4455406315821464,-0.2282621522719661,-19.582978723404256,-0.740623690199086,938.5573213691027,2624.851734042553,3.3051681194884557,-0.03880983951292283,37.02088579134055,1.0271747405471907,1281.5732655554878,819.8412680851063,3.0913029471921614,-0.27446909620476756,9.24,1.008558177308851,750.4302695652174
arriba,01,01,008,arriba_p01_s01_r008,0,arriba_p01_s01_r008_w00,arriba/participante_01_sesion_01_rep_008.csv,47,31.25,1.504,1.0081978723404255,3.390765727707695,-0.35077414776811455,0.9373248654750156,0.7092609577983026,0.1324377943135972,0.06121489361702129,3.6932283526273384,-1.4479554796990046,0.16787234042553192,0.08928851377984763,0.03375189639222942,0.015293617021276597,3.356400070106354,-0.052179981899628025,0.055744680851063835,0.5182086002513615,0.012451063829787236,0.9316893617021277,3.414091853079174,-0.7026400942981983,0.8719148936170212,0.4635810586120538,0.17518103607770583,1110.5882531914892,3.212187834181509,0.3057998307834522,-10.678510638297873,-0.10221454094023079,1018.2219607770581,2585.7349170212765,3.150954558983599,0.30892655874469055,15.85595744680851,1.0339438793492717,2385.069694172063,4665.947508510638,3.3931067284606535,-0.41993978459041426,51.65459037511968,0.8137603166384806,2041.1801669433455,969.6243382978724,3.255144833763309,0.45064806124673407,1.1653191489361707,0.4688853756449485,989.3156384828862
arriba,01,01,008,arriba_p01_s01_r008,1,arriba_p01_s01_r008_w01,arriba/participante_01_sesion_01_rep_008.csv,47,31.25,1.504,0.9240702127659576,3.5569225663174087,-1.213023737287464,0.9124180028444144,0.14975264089548412,0.0935541139133538,0.07634255319148937,3.5274157163618165,-1.4487123671910578,0.2359574468085106,0.10152422046825987,0.0211159111933395,0.02232553191489362,3.4771066104767043,0.32396829798293014,0.09638297872340425,0.7343155012177531,0.013319241443108231,0.8254021276595744,3.7643980966261985,-1.23744055133047,0.8368085106382979,0.035989880187042446,0.12787437557816836,1186.9134851063827,3.5424947020970294,-0.3782539945614509,6.007234042553193,0.11201969404965442,1175.8445943570766,2100.315406382979,3.292495015262729,2.0046805613829193,-5.826170212765958,0.9384526115127788,2111.29225892692,4506.165719148937,3.5989845325662544,-0.5239581486116496,53.89087063634893,0.7195943504816322,1636.7645590575291,1218.9368276595746,3.708457873581716,-0.4384824006360688,8.141063829787234,0.1882085338145475,1177.717731452359
arriba,01,01,008,arriba_p01_s01_r008,2,arriba_p01_s01_r008_w02,arriba/participante_01_sesion_01_rep_008.csv,47,31.25,1.504,1.2030276595744682,3.2121004170334313,0.673017617115542,1.0868649527266212,1.1729398384675966,0.022225108763572025,0.024270212765957446,2.298021829848667,7.120956420758034,0.12531914893617022,2.586740041666733,0.008751526364477335,0.011757446808510635,2.9933916873697517,4.491349936787441,0.04297872340425532,1.9803247016408974,0.010125716928769657,1.1669999999999998,2.794649786050885,1.110732742291928,1.0702127659574467,1.1943932708515297,0.022115171137835343,547.0106808510639,2.7146542600271655,3.5349106520214644,11.508936170212767,1.9735368999931069,423.5671358001851,909.9152680851065,3.072992227234765,1.1742119333613648,-10.405957446808511,-1.458089090827146,819.0580854764104,1838.2298702127662,2.6088804060206585,1.8436577869296942,25.414514093351215,1.7499225369368405,1218.2526119510019,381.3039212765959,2.5865081962054246,3.9128103462413204,6.839787234042554,2.0802000662909728,341.7934325624421
arriba,01,01,009,arriba_p01_s01_r009,0,arriba_p01_s01_r009_w00,arriba/participante_01_sesion_01_rep_009.csv,47,31.25,1.504,1.229659574468085,2.291991640483718,4.926584509035696,1.0350511368938085,1.8245108562604515,0.1617706471455922,0.07387234042553191,2.6457273011971587,1.3058931306972603,0.236595744680851,0.10503959349620419,0.01828381128584644,0.028353191489361704,2.71629256790989,3.4695162646858337,-0.04638297872340426,-0.9932882154290772,0.026771415356151712,1.1274340425531915,2.442783673198254,2.7107177051093787,0.9536170212765956,0.8959708984655208,0.2227888066604996,1069.2527234042554,2.3104166138444713,1.144922022739058,-14.78553191489362,-1.5984835964905235,869.1329600370028,2965.180914893618,2.489927149181728,2.9629432112231804,21.477446808510635,1.8716914435323027,2558.3328063829786,4530.982278723404,2.135089003324818,0.7836767222292309,39.200460858350944,1.3792539218996571,3059.399759112306,496.54864042553186,2.0311287915362555,10.486639750798949,-6.215531914893617,-3.240207508951924,467.8704948196115
arriba,01,01,009,arriba_p01_s01_r009,1,arriba_p01_s01_r009_w01,arriba/participante_01_sesion_01_rep_009.csv,47,31.25,1.504,1.245353191489362,3.1608975013793836,1.7487692572103422,1.0166052441105942,1.2593386034553258,0.2164727728130751,0.12283617021276594,3.572093705087559,-0.027730838953592407,0.3057446808510638,-0.6283271047232865,0.029994542090656797,0.049725531914893616,3.5652280881379026,0.583692233780301,0.03595744680851064,-0.8758444656001952,0.04948547641073082,1.0727914893617023,3.3623428423232244,0.7315045336128514,0.884255319148936,0.9095294520733113,0.2972075855689177,2664.642972340426,3.7131986932949923,-0.7111192200111662,4.268297872340424,-0.06457831202224713,2703.955575300647,4636.313546808511,3.4930175114737843,0.8481805279287182,-2.043617021276595,0.9146290496700316,4732.835810545791,8758.510361702129,3.5998164478281214,-0.6231027039102655,78.609421045637,0.30230513576694734,2635.1360081495395,1457.553842553191,3.1608975013793836,0.7444579770987363,7.068510638297873,-0.37438444675639976,1438.1897825161886
arriba,01,01,009,arriba_p01_s01_r009,2,arriba_p01_s01_r009_w02,arriba/participante_01_sesion_01_rep_009.csv,47,31.25,1.504,1.055274468085106,3.6093564694389015,-0.5522415363835447,0.9975347693985506,0.12247430557260931,0.061507522620132773,0.07558085106382982,3.366614973187536,-0.9104951704872244,0.2117021276595745,0.7529111417184944,0.03143182238667899,0.025199999999999997,3.1521558379966175,0.04044072470675886,0.053191489361702135,0.18282230608389607,0.022856984273820546,0.9544936170212766,3.6506751611379764,-0.6676038452552366,0.9268085106382979,-0.3229562984675298,0.09759611470860315,1743.6406425531918,3.011974368012546,0.16364535328477636,15.836595744680848,0.35771308870237845,1525.2959838112856,1734.216668085106,3.327292292356341,1.0928974598178591,-22.741702127659572,-1.2826724224274455,1243.4888622571693,4483.754655319149,3.1534857893278256,-0.14066964499427348,48.22338189667056,0.9533085524397873,2205.1787914576025,1005.8973446808511,3.1987424204421613,-0.3903349820305442,12.130212765957447,0.70187271591047,877.4238760407032
arriba,01,01,010,arriba_p01_s01_r010,0,arriba_p01_s01_r010_w00,arriba/participante_01_sesion_01_rep_010.csv,47,31.25,1.504,1.0273829787234041,3.084804068978248,2.7836563825770444,0.9443152116364852,1.5762982029882273,0.13860071109524316,0.0823,3.579416776427021,-1.0547025977950117,0.215531914893617,0.5610801531317362,0.03662525439407956,0.03652765957446809,3.2454542769333643,-0.6301289076214278,0.11319148936170213,0.7932464879939732,0.024230897317298796,0.9085553191489361,3.1248692368183275,1.133764913782751,0.8410638297872343,0.9768524275376189,0.20554014801110085,2442.2832936170207,3.1105261647306173,-0.004462020220192819,-16.926382978723403,0.5520494093873536,2202.6456540240515,2787.3643425531914,2.5462546362485985,2.4523755150620143,17.100638297872337,1.616072860972843,2549.1701756706752,6056.885557446808,3.217325101084955,-0.5841523741180388,57.97306756225182,0.6013473244322045,2754.617886062208,827.2379212765956,3.2177315341928017,0.21338715503169103,-2.879787234042554,0.7235012749557586,836.7478934320073
arriba,01,01,010,arriba_p01_s01_r010,1,arriba_p01_s01_r010_w01,arriba/participante_01_sesion_01_rep_010.csv,47,31.25,1.504,0.9398936170212765,3.6284330003376195,-1.090607609053299,0.9278158364184814,0.2195659886724209,0.08076989920609733,0.11730638297872338,3.756642182230448,-1.1390079212371096,0.30765957446808506,0.284035368102134,0.02314440333024977,0.04660000000000001,3.7384559487778235,-0.7675885349638412,0.16085106382978723,0.24357201613557178,0.02117752081406105,0.7759872340425532,3.600366055252865,-1.1457250835202426,0.8059574468085107,-0.06811384471495992,0.12916808510638297,3193.827353191489,3.67415182172862,-0.766591823570757,7.068936170212766,0.13832372587444652,3212.202222756707,1158.1534382978725,3.271843294552373,1.0577657270551741,-10.80808510638298,0.44262779154304815,1063.9765332099905,5597.947268085106,3.622608216053221,-0.7775859248946437,63.93318798324278,0.28834714681106033,1543.3315846101955,1245.9664765957446,3.793564256560439,-0.8205657468680299,5.531914893617023,0.44752763523234557,1241.7853592969475
arriba,01,01,010,arriba_p01_s01_r010,2,arriba_p01_s01_r010_w02,arriba/participante_01_sesion_01_rep_010.csv,47,31.25,1.504,1.2013234042553191,3.4608946390412956,0.02160631020284942,1.0862355385690903,1.1272370214641798,0.02188131898320369,0.05739361702127659,3.1696346426921473,0.23868199677595614,0.19,1.213607743375116,0.021756521739130428,0.011861702127659574,3.366650818980212,1.2963909248367722,0.03723404255319149,1.373513793459624,0.01070305272895467,1.132068085106383,3.497073438821517,-0.22133043084984072,1.0548936170212768,0.7674374360666572,0.019686401480111006,1560.6870744680853,3.128225021522153,1.8497678935494042,17.0168085106383,1.5533892405165464,1298.7482439407954,654.0741723404255,3.4696913861023053,0.08451836745192143,-14.619361702127662,-0.9522359231789091,449.9212278445884,2856.361557446809,2.8940044630669726,2.6591217796176263,39.05786014013619,1.8303598900584421,1359.7765343447247,641.6003106382979,3.4418181081425776,1.3827782525810512,5.195319148936169,1.2794262189871468,627.9700341350602
arriba,01,01,011,arriba_p01_s01_r011,0,arriba_p01_s01_r011_w00,arriba/participante_01_sesion_01_rep_011.csv,47,31.25,1.504,1.0182531914893616,2.91486510118072,4.5627118009339735,0.9598494284796839,2.118307667551133,0.09904970670477219,0.0803531914893617,3.4974176411657094,-0.7164615424379068,0.22255319148936173,0.3337099531157981,0.031493339500462535,0.0202404255319149,3.6706455018056303,-0.41947616107165375,0.06319148936170213,0.27997973647466917,0.0166004625346901,0.9176595744680853,3.3077841419653518,2.8627316180309563,0.8889361702127662,1.5876076511200514,0.13022275670675298,1414.8211063829788,3.1447738343994858,-0.8672538518943576,-12.257021276595744,-0.11010876555117087,1292.0775474560594,2120.4361021276595,2.863028673276693,1.484180125218689,9.117872340425532,1.2955345197759807,2081.589647548566,4698.724034042553,3.3980304168629294,-0.22915761295066384,52.722820925223886,0.6449109796471042,1960.7461918103995,1163.4668255319148,3.31559843854533,-0.5419468873279714,-10.91276595744681,0.047120350127363084,1067.0822421831638
arriba,01,01,011,arriba_p01_s01_r011,1,arriba_p01_s01_r011_w01,arriba/participante_01_sesion_01_rep_011.csv,47,31.25,1.504,0.9457085106382976,3.73015042695733,-1.5150203396869104,0.9518003300401063,0.10417313504619069,0.0406495259037085,0.0716595744680851,3.6429192467422267,-0.6749969621187093,0.2123404255319149,0.13535036682355883,0.027148751156336727,0.026434042553191494,3.547726747050821,0.2743826915101075,0.12340425531914893,0.016672248853251522,0.011449028677150785,0.847614893617021,3.682457343549114,-1.1234670855364979,0.8870212765957448,-0.17286254170439821,0.062130064754856607,822.6338893617022,3.440583608352292,0.36182893621758705,3.4251063829787234,-0.6431390943856672,828.5308516188716,981.9117361702127,3.711964193504706,-0.9284707769764728,-20.631063829787237,-0.3767014928737144,568.363787974098,3079.0232425531913,3.823012724331804,-0.9429571160564083,50.019134665525755,0.11864472331089275,589.6552666013911,1274.4776170212765,3.756642182230448,-0.5452935493095263,10.374893617021277,-0.3136834534498929,1192.2052690101757
arriba,01,01,011,arriba_p01_s01_r011,2,arriba_p01_s01_r011_w02,arriba/participante_01_sesion_01_rep_011.csv,47,31.25,1.504,1.143017021276596,3.4448332028250523,-0.37805472888017766,1.064238892314186,0.2806352150510994,0.010638962261654622,0.024634042553191488,2.9438197186961608,1.2716652322425466,0.06936170212765957,1.497498411463098,0.020253931544865857,0.011634042553191488,2.7966546188524952,2.765070321410806,0.0727659574468085,0.5153692471843111,0.006476965772432931,1.1067489361702125,3.7022771489976027,-0.5747549309307414,1.0468085106382978,0.0334632532935607,0.01117872340425532,152.45471063829788,3.2283998056169176,2.1932225483362178,5.94,0.8782541925282817,119.71830869565217,630.5425340425533,3.300713119935145,0.5319597192712684,-13.415957446808509,-1.1633833348878508,460.34928547641067,1406.6626914893614,3.1780581524451135,0.14722305444719952,27.597204628046914,1.0911232938145374,659.0799662115693,623.6654468085105,3.285050755924479,0.6829104151856078,13.376170212765956,1.3481292902743098,454.4118545790935
arriba,01,01,012,arriba_p01_s01_r012,0,arriba_p01_s01_r012_w00,arriba/participante_01_sesion_01_rep_012.csv,47,31.25,1.504,1.0558744680851064,2.962866541140452,3.1246314715148173,0.9566612209409433,1.6751147477814718,0.14373190200751793,0.07761489361702127,3.435659919950015,-1.5130859562497339,0.18489361702127657,0.26914179180751985,0.04437335800185013,0.02110851063829787,3.1793216871992502,0.3387442506645093,0.10957446808510643,1.0910740471727558,0.009299814986123959,0.9571510638297874,3.0579716236837786,1.6540773167268776,0.8797872340425533,1.256738273341542,0.18710647548566142,731.0625255319147,3.183077431416087,-0.6172993084815319,-13.412553191489366,-0.41992746988284,563.1478107308047,2636.9912425531916,2.618805902934068,2.660368464856262,21.47617021276596,1.8180786508767373,2223.0646024051803,4028.8218702127656,3.0549304802869126,1.2972095399531156,42.818801345159784,1.4016534961067963,2243.0976024803454,660.7681021276596,3.4710133030406696,0.023580257119641068,-8.183829787234039,0.06038162868000361,606.7015763182238
arriba,01,01,012,arriba_p01_s01_r012,1,arriba_p01_s01_r012_w01,arriba/participante_01_sesion_01_rep_012.csv,47,31.25,1.504,0.9125297872340427,3.6694110020153436,-1.2502898441686552,0.9186764148629682,0.2389603861396274,0.07005394140005688,0.12505106382978723,3.7253512250598266,-0.6904375591484158,0.31957446808510637,-0.2015890525111121,0.023421554116558746,0.0384063829787234,3.6263082031012392,0.17659742578821014,0.1678723404255319,0.7439611191010943,0.01044754856614246,0.7490723404255318,3.7119641935047056,-1.36901339555027,0.8093617021276596,0.28529849830157894,0.0960495837187789,1200.1227106382978,3.48046239518053,-0.34345961623905596,0.5621276595744679,0.15189478071569482,1225.8894779833486,1873.6113829787232,3.5417514275472586,0.6821306467781261,-4.0663829787234045,0.7739412211929386,1897.4471279370953,4090.922074468085,3.7414126612760703,-0.2885844181718271,55.01889268086621,0.6872612296219438,1086.9705557402674,1017.1879808510639,3.6155371940230148,-0.953149886203708,3.6555319148936163,0.0271166332364431,1025.6473513413505
arriba,01,01,012,arriba_p01_s01_r012,2,arriba_p01_s01_r012_w02,arriba/participante_01_sesion_01_rep_012.csv,47,31.25,1.504,1.154572340425532,3.4462147255116617,0.2135046065641677,1.0638156960727716,0.2573827942045688,0.023365646632448035,0.06741276595744682,2.8830245365853564,1.4409065982975928,0.22765957446808505,1.4902215886750576,0.015922664199814984,0.029680851063829783,3.1169627872034122,2.763417991326085,0.14936170212765956,1.589688205360457,0.0075321924144310815,1.0574787234042553,3.342372501655571,0.7372581472307242,1.0151063829787232,-0.19257320836123962,0.02762553191489361,644.5697808510638,3.1565008840102995,2.031572328830798,12.962765957446809,1.4007520291214612,486.8959682701202,955.0654553191489,3.6254762878393727,-0.34945307655517865,-13.025957446808508,-0.6690614313338288,802.4635811285845,2151.582485106383,3.26384942778938,0.15457271113725568,35.27636828827218,1.088049818047946,926.8812021377971,551.9472489361701,3.2389912445121274,-0.05639738962490792,10.002765957446806,0.951056940454757,461.71565957446813
arriba,01,01,013,arriba_p01_s01_r013,0,arriba_p01_s01_r013_w00,arriba/participante_01_sesion_01_rep_013.csv,47,31.25,1.504,1.0875425531914895,2.664588038184193,0.6558318415052531,1.0195428064324625,1.00842174842397,0.0491201281529446,0.07458510638297872,2.9537004303282917,-1.017390522208098,0.2214893617021277,0.7345201529805673,0.026082516188714145,0.03757659574468085,3.2281618532496754,-0.6308509925373409,0.15893617021276596,0.9066172790273528,0.012583626271970398,0.97538085106383,2.8473559204348935,-0.42558135959744803,0.9410638297872341,0.0921079441414954,0.09173145235892691,713.7792340425533,3.3477213109778177,-0.6682672071389248,-17.61744680851064,-0.7249738837019006,412.1744716003699,2425.8979148936173,2.994583251042213,0.45324594208187863,14.20382978723404,1.0410474679944808,2272.5002024051805,3503.916489361701,3.1860077339658917,-0.5252542838563645,41.21639943687573,0.8166519012018992,1844.3667526220815,364.2393404255319,3.1243676227466786,-1.0421179924106214,-12.195319148936171,-0.5813464757993534,220.1986080481036
arriba,01,01,013,arriba_p01_s01_r013,1,arriba_p01_s01_r013_w01,arriba/participante_01_sesion_01_rep_013.csv,47,31.25,1.504,1.0625702127659575,3.618552288705489,-0.9984327851355443,0.9789492373286416,0.5063089904432739,0.10649444270614221,0.14186595744680852,3.7783347356060624,-1.222415861098583,0.3274468085106383,-0.027701178895333422,0.03539768732654949,0.06777872340425532,3.5143693748280476,-0.4183182753892529,0.23148936170212764,-0.09546749722293861,0.014499907493061981,0.8529255319148936,3.335909469234334,-0.9535714687026768,0.842340425531915,0.7099029563590905,0.14650527289546716,2112.6187851063823,3.6653550746676107,-1.0796483389937974,7.001914893617022,0.31029589724003614,2108.4526679925993,4139.041542553193,3.62280188317825,-0.13059565203709322,1.0559574468085096,0.025272931686562933,4227.881420259018,7710.407789361704,3.7643980966261985,-0.597528797611885,76.85856162733145,0.498031298872097,1842.3686264163375,1458.7474617021278,3.3663987696709574,1.050705649803735,6.682765957446808,1.0730230755464447,1444.8291465309899
arriba,01,01,013,arriba_p01_s01_r013,2,arriba_p01_s01_r013_w02,arriba/participante_01_sesion_01_rep_013.csv,47,31.25,1.504,1.0725276595744682,3.6064287919045053,-0.23633518807590637,1.0021388625713656,-0.03739365076600927,0.06972895447469492,0.08008297872340428,3.196402207230089,-0.5002010922641738,0.17425531914893616,0.9420027476379466,0.05079888991674376,0.037091489361702125,3.3462814061069803,-0.40889171743685804,0.12829787234042553,0.7095744124605744,0.02107964847363552,0.9553531914893616,3.309106058903716,-0.5302975928615599,0.9331914893617023,-0.06431956408642131,0.08634394079555968,1491.827704255319,3.435875335925707,-0.27757509152791604,24.163191489361704,0.8931633851380122,927.7063135060129,2061.8580234042556,3.304277822042362,1.4626606970985794,-18.378936170212764,-1.4114193370190569,1761.5525705827934,4781.583902127659,3.2998228224890505,0.37053479049279936,50.1310173437299,1.148955427384177,2317.779458780102,1227.898174468085,3.204000300293488,2.6102739966768116,14.71446808510638,1.3939262512902935,1033.3691817761335
arriba,01,01,014,arriba_p01_s01_r014,0,arriba_p01_s01_r014_w00,arriba/participante_01_sesion_01_rep_014.csv,47,31.25,1.504,1.0151936170212765,3.5932950332226574,-0.8496499385791654,0.9435947310870098,0.7049913006744971,0.127536135279287,0.1326914893617021,3.663779884855974,-1.3556550041385624,0.2938297872340426,-0.3707151722415776,0.047363274745605935,0.02048297872340426,3.4796304799186633,-0.5339696853118734,0.08021276595744681,0.43353576718644554,0.01435430157261795,0.8620191489361705,3.421847767474924,-0.8889538831229236,0.8329787234042552,0.8311842247795066,0.17182136910268273,1918.7250680851062,3.6937779600520817,-0.8459097625231609,12.680851063829786,0.5440791700723314,1796.1367601295099,4086.766674468085,3.4604955668357182,-0.1860413093994131,-14.587021276595745,-0.3978430424297958,3958.2025604995365,7015.580078723407,3.580739916929403,-0.23457201982369646,68.68286370415562,0.8890291708088204,2348.2061449919565,1010.0883361702129,3.316832938335616,0.3174118789311815,9.014468085106383,0.9176000043466074,949.0196078630898
arriba,01,01,014,arriba_p01_s01_r014,1,arriba_p01_s01_r014_w01,arriba/participante_01_sesion_01_rep_014.csv,47,31.25,1.504,1.2792659574468084,3.7405807460142038,-0.43978261979752054,1.0917423432419446,-0.039635833885062664,0.08926384414590478,0.026514893617021276,3.422397374899667,0.6791002361426295,0.11148936170212767,0.7025498528894893,0.01439121184088807,0.007336170212765959,3.6503344711166257,0.31478783861390003,0.006382978723404254,0.6256700890260043,0.007454024051803883,1.245414893617021,3.662339979985137,-0.43600068500360667,1.07468085106383,-0.00453428938128457,0.09244283071230343,1012.148474468085,3.2619408340695784,1.5028006391480773,10.193404255319146,1.3946351690612848,927.9873968547641,4006.614476595745,3.510863054905057,-0.06382188843383796,-16.692340425531913,-0.24915496917733387,3809.0232965772443,5409.1514297872345,3.235449078796461,0.69482054061146,56.13649945919573,1.3192827169518242,2306.9284421300586,390.38847872340426,2.8035202358021523,6.976173628740899,5.558936170212766,2.2663428972255204,367.3016358001851
arriba,01,01,014,arriba_p01_s01_r014,2,arriba_p01_s01_r014_w02,arriba/participante_01_sesion_01_rep_014.csv,47,31.25,1.504,1.0683808510638297,3.526034193675207,-0.026486606326379558,1.0293128412046326,0.14672353554423348,0.0090893156906217,0.011044680851063832,3.5007734258695344,-0.12150778255686934,0.08404255319148936,0.5126526184899641,0.00406808510638298,0.004927659574468084,3.6937779600520813,0.13271232208755013,-0.025957446808510642,0.765705092266253,0.004346345975948196,1.0524085106382977,3.57984961948331,-0.036282650816944706,1.0212765957446808,0.12484120709156957,0.009607030527289548,72.99557234042554,3.223362651352172,0.07883195243051544,2.386170212765958,0.480805879137397,68.76484588344125,409.82109361702123,3.523015586669892,0.5113177723006297,-7.448936170212766,-0.547206198254728,362.0373662349677,571.8864574468084,3.1713278204362574,1.9975693196503768,20.31518480886182,1.3230205018324537,162.64015240313324,89.06979148936169,3.8090760853519403,-1.2177643990893114,3.4485106382978725,-0.2177297516384511,78.85533903792783
arriba,01,01,015,arriba_p01_s01_r015,0,arriba_p01_s01_r015_w00,arriba/participante_01_sesion_01_rep_015.csv,47,31.25,1.504,1.0559340425531916,2.6358864229649064,5.899377803386276,0.9617079555791935,2.1228586623996266,0.13390080400559456,0.0727,2.549640991736819,-0.6818793625518618,0.17340425531914894,-0.18115058253445337,0.043557724329324705,0.020346808510638296,3.2359761498296526,-1.04902735904453,0.029999999999999992,0.12364363460053772,0.01986956521739131,0.9628872340425532,2.639000481511144,2.977387421978535,0.8853191489361704,1.267658419679415,0.18299065679925994,1247.8517276595742,2.9910769311192227,-0.4187664523267878,-18.950638297872338,-0.9337871559682539,908.045145235893,3300.565497872341,2.8321951704958774,0.9898615167146447,20.30510638297872,1.44029773875232,2951.056590749306,5135.283753191489,2.9417571522234343,0.7990211348999576,47.40501169588542,1.3041782552631214,2950.8322849415076,586.8665276595744,3.2615157131496084,0.6167837357306944,-9.970638297872345,-0.894790296955806,498.0497017576319
arriba,01,01,015,arriba_p01_s01_r015,1,arriba_p01_s01_r015_w01,arriba/participante_01_sesion_01_rep_015.csv,47,31.25,1.504,0.9565340425531917,3.639904152059752,-1.3810500501273009,0.9457504950886334,-0.1057298344418574,0.06343982714916117,0.0917382978723404,3.484371299631939,-1.0763623976026677,0.23808510638297872,-0.6687823881008612,0.035815818686401484,0.02811702127659575,3.533445905726765,0.21641031463481042,0.10574468085106384,-0.672883428889799,0.017303237742830716,0.8366787234042553,3.462276161727906,-1.2224415648976819,0.8538297872340425,-0.27326204883113664,0.10999370952821459,2442.7825063829787,3.66852070456925,-0.6071581347147679,-1.045106382978724,0.22226460449865088,2494.770482053654,4271.650278723404,3.2737301394215113,0.5465595909732803,-1.9295744680851072,1.2236349077483129,4360.708043293247,8021.876446808509,3.616771693813301,-0.2525781445925679,75.46168997477542,0.5642892554626081,2378.005658023725,1307.4436617021277,3.5599376609998834,-0.14266255685561768,5.306170212765957,0.19231345771901137,1307.098832839963
arriba,01,01,015,arriba_p01_s01_r015,2,arriba_p01_s01_r015_w02,arriba/participante_01_sesion_01_rep_015.csv,47,31.25,1.504,1.1255553191489363,3.3915090022574654,0.4110353824373134,1.0538957864284917,-0.1273489628744685,0.015182012029755429,0.027189361702127657,2.8868425115658467,-0.7191439361688179,0.07042553191489363,0.9887255369969492,0.022712858464384828,0.013459574468085107,3.208249894766249,0.497600226270591,0.022127659574468075,1.2775643792044717,0.013251896392229423,1.0849063829787233,3.002349554269097,1.595383775575808,1.0319148936170213,-0.5935271770374961,0.020494079555966698,1272.3687680851062,2.7722911731385995,0.9541077122730592,19.273829787234042,1.451006871449768,920.4727806660496,1360.4024042553194,3.617170766018879,-1.276256774885213,-19.70127659574468,-0.36410933934069445,993.3982374653098,3444.908517021276,3.04311863854343,-0.49301121186577923,41.58393481452021,0.9720697138774833,1752.9823798056852,812.1373446808507,2.8764636981849074,1.513646503165437,13.818297872340427,1.4731036011153746,634.696162257169
arriba,01,01,016,arriba_p01_s01_r016,0,arriba_p01_s01_r016_w00,arriba/participante_01_sesion_01_rep_016.csv,47,31.25,1.504,1.0963851063829786,2.5870542913073264,3.844867078899987,0.998665925274155,1.9609244296603399,0.1012047690375401,0.07253404255319149,3.026225287065319,-0.8170997875576584,0.17425531914893616,0.7318674003835046,0.04308584643848288,0.019482978723404258,3.201329407955207,0.5313007992975836,-0.030425531914893614,-0.3746344189833983,0.018960684551341356,1.004368085106383,2.8481982245278945,1.9743614131766059,0.9363829787234043,1.3483809162166838,0.13032793709528212,872.0681744680851,3.410273878098684,0.8909053337290129,-16.673617021276595,-1.0946337849564771,606.9729888066604,2454.3952085106384,2.990560248917164,0.8920765428562856,15.688936170212763,1.50565415864016,2256.257979278446,4085.2266042553188,3.1314490336080185,-0.2431090182459661,44.99856451332827,1.0684684226747863,2105.146139386352,758.7632212765955,3.351659250393078,-0.09124955126112777,-13.384255319148934,-0.5869297249043589,592.2254728029602
arriba,01,01,016,arriba_p01_s01_r016,1,arriba_p01_s01_r016_w01,arriba/participante_01_sesion_01_rep_016.csv,47,31.25,1.504,0.979825531914894,2.983478428450929,2.109159848579223,0.9470958232526192,1.4091616356813061,0.08463579508999641,0.0976382978723404,3.7036586716842126,-0.6143887045039422,0.2455319148936171,-0.16428192505936073,0.03816438482886216,0.014382978723404254,3.285600363349222,0.5444472888962535,0.04978723404255319,-0.37522401872539546,0.012162997224791859,0.867804255319149,3.0609867183662534,0.9289972609602586,0.8693617021276594,1.1382440072080449,0.1144495837187789,1375.0441085106386,3.711964193504706,-0.6556399015026657,-9.46872340425532,-0.007286490575608129,1313.3305896392228,3550.903408510638,3.1985270044664693,0.15504721875551208,-2.3246808510638295,1.0244131228191373,3622.5753384828863,6252.06089787234,3.663230277431231,-0.6012615269935533,70.49221546611264,0.5031718853018203,1310.7977708243473,1326.1133808510638,3.780459532842442,-1.105401965129952,-2.518085106382979,-0.03455268139877218,1348.4633375578167
arriba,01,01,016,arriba_p01_s01_r016,2,arriba_p01_s01_r016_w02,arriba/participante_01_sesion_01_rep_016.csv,47,31.25,1.504,1.1013617021276594,3.600915662677607,-0.41191921539842813,1.0271695402822008,0.07991568355294999,0.047290621071157966,0.03765106382978723,3.711964193504705,-0.9927897783486102,0.05404255319148936,0.3166686300164172,0.035485476410730805,0.023725531914893613,3.4167078755560696,-0.30543075244911533,0.08234042553191491,-0.08319487994442457,0.01731396854764107,1.0399851063829788,3.6471688412149867,-0.3394602450843207,0.9917021276595744,-0.04877172288130443,0.057740518038852925,1599.7637531914893,3.4557547471224415,0.34787259382644153,6.805106382978723,-0.7038491000331002,1587.2250255319152,1597.8523510638302,3.5331052157054144,0.35817374370611965,-19.906595744680853,0.2878334963244694,1227.7010968547638,4386.630846808511,3.8147072025113107,-0.7945424200554752,60.925824710770996,0.17868537621587385,689.3415720800662,1189.0147425531916,3.428713384424581,0.4313087041759016,9.580638297872339,0.11727354279176186,1121.078853931545
arriba,01,01,017,arriba_p01_s01_r017,0,arriba_p01_s01_r017_w00,arriba/participante_01_sesion_01_rep_017.csv,47,31.25,1.504,1.497287234042553,2.6689328136207564,7.3284047337897285,1.1125041475560775,2.586778669260512,0.265265706924232,0.03962553191489362,2.817116184760665,5.022290512601369,0.04893617021276595,-1.907774591712183,0.03804014801110084,0.02946808510638298,3.0419750682240623,5.587935416250568,-0.11617021276595746,-1.7099889395972314,0.016319796484736356,1.4281936170212766,2.74619849007106,6.585529105877669,1.082340425531915,2.271206073711652,0.26231396854764105,449.77654468085103,2.868747207584141,5.030974326725751,3.1736170212765953,1.3022568341551857,449.26349750231265,3057.126029787234,2.759296402960231,5.334180203576398,8.739148936170213,2.021323882525948,3045.5522905642924,3741.467823404254,2.4042864090566254,5.3265630471862195,40.72536883777602,2.382259261519242,2128.1928554842125,234.5652489361702,2.9326197151410742,3.860064727117688,-7.913829787234044,-0.8041378370220464,175.6742980573543
arriba,01,01,017,arriba_p01_s01_r017,1,arriba_p01_s01_r017_w01,arriba/participante_01_sesion_01_rep_017.csv,47,31.25,1.504,1.242004255319149,2.784443704903434,5.691533920176525,0.9522597983661071,2.3524750054992136,0.3424926085117352,0.06847446808510639,3.052405387280936,2.554521817863707,0.11595744680851064,-1.4312296085113583,0.05622460684551342,0.03458297872340426,3.1864989592064075,2.1261428433104363,-0.10382978723404256,-0.6458219473645541,0.024319796484736356,1.1389468085106385,2.91443348168845,4.790876017631728,0.8895744680851064,2.113909223549104,0.3551606845513413,748.551085106383,3.3506815357989055,1.923043983128096,-4.440851063829788,1.0847046372744156,744.6740557816835,3665.187046808511,3.186498959206408,3.2957835112792218,5.225106382978723,1.424345369602463,3716.9697733580024,5238.907319148935,3.037487521384059,3.4517086820590785,58.097002616756775,1.8545167084978558,1904.1596410126551,825.1691872340426,3.598926150382028,0.1426112958292518,-1.221702127659576,0.5812312664163134,841.5826448658648
arriba,01,01,017,arriba_p01_s01_r017,2,arriba_p01_s01_r017_w02,arriba/participante_01_sesion_01_rep_017.csv,47,31.25,1.504,0.9185446808510641,3.427478884634295,-0.9070553452052268,0.9070302280334956,0.3956842322464811,0.09792434294292916,0.04789148936170214,3.66852070456925,-1.2862877282195737,0.10957446808510639,-0.09495520589782754,0.03666503237742831,0.015195744680851067,3.710183598612518,-0.5452496583515032,-0.04382978723404255,0.23994649994830508,0.01356327474560592,0.8554574468085107,3.271605342185131,-1.0465666783038863,0.8572340425531916,0.23254605229896808,0.12322913968547643,518.9720808510639,3.4704346606520757,0.10027872596745802,-4.969787234042553,0.505424110697295,505.01836734505076,1596.674636170213,3.5081886502439343,-0.006841111758384866,-13.924893617021274,-0.5336281253585055,1433.267016836263,2893.794223404256,3.5563729588926662,-0.32774836742185576,45.83713200817824,0.8023612189236883,809.9852820749467,778.1475063829788,3.6394129268192366,0.11243234027971871,8.26085106382979,0.0736147103811024,725.3385818686402
arriba,01,01,018,arriba_p01_s01_r018,0,arriba_p01_s01_r018_w00,arriba/participante_01_sesion_01_rep_018.csv,47,31.25,1.504,1.0911787234042551,2.587394981328677,6.527913440007097,1.0253137277414792,2.0373708916636417,0.040778102307152515,0.012097872340425534,3.4975050583137866,-0.5696562722503558,0.016595744680851062,-0.025608527380823285,0.012079463459759483,0.010287234042553193,2.8977640558632363,2.273655296165921,0.0002127659574468096,-0.5957358917512197,0.010510823311748383,1.0687936170212766,2.7071412296735544,6.0522029356998885,1.014255319148936,1.788105407300613,0.040951063829787235,333.6634531914894,3.413542245654431,1.1372172378299705,3.2346808510638296,0.797990442690831,330.22638630897313,762.6409361702129,3.563534910393792,0.17477877099717487,7.162127659574468,0.20324011547567075,726.8088823311749,1767.1342957446805,3.640647426609523,-1.401870914515813,34.10990319099906,0.3386975920802607,616.7716000463387,670.8299063829786,3.371970281082082,0.6789225500769964,4.42468085106383,0.2425040749097691,665.4097602220166
arriba,01,01,018,arriba_p01_s01_r018,1,arriba_p01_s01_r018_w01,arriba/participante_01_sesion_01_rep_018.csv,47,31.25,1.504,0.8703063829787234,3.2673557477123705,0.9679225753698582,0.9248653409869042,0.24187721630086007,0.015255059759463419,0.025087234042553187,3.406335938683423,0.9891025477304067,0.13000000000000003,-0.729862135786747,0.008365217391304348,0.018291489361702124,3.559937660999883,0.22314152838429946,-0.05808510638297873,0.17513910121801857,0.015241905642923222,0.8269276595744679,3.277786066769244,1.1755008679448204,0.9008510638297872,-0.08916713478083095,0.015729694727104532,363.6414425531914,3.5382451076242685,-0.32266005767890915,8.842978723404256,-0.09057758656105645,291.64845615171134,526.0469319148937,3.610246766884995,0.01336476072429127,10.187659574468086,0.39490779381897995,431.4380574468085,1868.395625531915,3.612030874100024,-0.9747846095844097,40.164815314522535,0.17376864850834797,260.73069794051906,978.7072510638296,3.790889851899316,-0.7092427295082109,-1.7285106382978717,0.3118089283506516,996.930795559667
arriba,01,01,018,arriba_p01_s01_r018,2,arriba_p01_s01_r018_w02,arriba/participante_01_sesion_01_rep_018.csv,47,31.25,1.504,1.0124510638297874,3.6706455018056303,-0.683819915207156,0.9944936565259861,0.31361638083754706,0.02394285337152096,0.02694893617021276,3.6766173089863523,-0.2008598396310486,0.14340425531914894,-0.16016479720137558,0.006522941720629048,0.017565957446808507,3.390959394832723,-0.1354713179908411,-0.09021276595744679,-0.35463586946057074,0.009632562442183164,0.967936170212766,3.6488945662457883,-0.4662814840436722,0.9714893617021276,0.30536045356588654,0.02466947271045329,447.75713404255316,3.7545173849940676,-0.7920832497809096,-3.1351063829787233,0.14715194353153835,447.4484211840889,367.88064468085105,3.73015042695733,-0.30372508889806005,-1.802765957446809,0.009562114317712055,372.5574334875115,1496.0792234042551,3.6099060768636444,-0.6846911976623353,35.63059121878412,0.3436762047442378,231.46497960424986,680.441444680851,3.579505417139117,-0.22795250164656178,-14.25723404255319,0.21371615485782433,487.5460421831639
arriba,01,01,019,arriba_p01_s01_r019,0,arriba_p01_s01_r019_w00,arriba/participante_01_sesion_01_rep_019.csv,47,31.25,1.504,1.064936170212766,2.978133131451524,2.7219876205982585,0.9998808827453984,1.683281751958126,0.0665912251098542,0.038474468085106385,3.663230277431231,-0.805875970445884,0.08617021276595746,0.4542979908352844,0.031724144310823314,0.02462765957446808,3.667971097144507,-0.12277544707338173,0.10957446808510639,0.8106523193966811,0.012895467160037002,1.0018340425531913,3.3042778220423616,1.7747532579608336,0.9625531914893619,1.3143079323520404,0.07696290471785384,1038.5897872340427,2.695567340297314,3.8411367439202353,-8.070212765957448,-1.2796629530836303,994.6236586493985,1744.4224957446816,3.14345454247653,1.8437243739996525,4.070000000000001,1.3079059576669638,1765.4197173913037,3283.8908893617026,3.2620653205743513,0.9404749174568705,45.798043978091755,1.377157265169668,1212.2220149064433,500.87860638297866,3.4548644496763474,-0.826805326218222,-7.432127659574468,0.186185702534088,455.3299562442183
arriba,01,01,019,arriba_p01_s01_r019,1,arriba_p01_s01_r019_w01,arriba/participante_01_sesion_01_rep_019.csv,47,31.25,1.504,0.9706531914893617,3.466185066179315,0.07504461059747936,0.9509331354881675,0.9822709291180842,0.0678223929573959,0.04949574468085107,3.642919246742226,-1.0380158992248185,0.10574468085106382,-0.10203866190037521,0.039146716003700274,0.02458936170212766,3.4539741522302534,0.22040163649700162,0.10702127659574469,0.09868895821235188,0.0134213691026827,0.8965680851063829,3.473940980575066,-0.06017289335529297,0.9061702127659573,0.9708216767009925,0.07706327474560593,623.6877170212765,3.305541356796499,1.327337775823766,8.167446808510638,0.1590362739060271,569.0888020351525,1928.829919148936,3.0993261611755307,1.2213567441408593,-5.535744680851064,0.2865574198288042,1939.4503510638292,3491.5645382978732,3.4545202473321552,-0.23687412850197376,49.71634877757846,0.8683133621778679,1042.0198373615244,939.0469021276595,3.705783468920593,-0.7370967110439777,1.8565957446808505,0.5460058539750543,955.9390838112859
arriba,01,01,019,arriba_p01_s01_r019,2,arriba_p01_s01_r019_w02,arriba/participante_01_sesion_01_rep_019.csv,47,31.25,1.504,1.0983170212765958,3.42837269440323,0.25146818769315216,1.022227603627152,0.5638510504631576,0.05452791608666116,0.017078723404255324,3.352806333035286,0.6884931941801513,0.003191489361702126,0.5305463799175585,0.017439592969472714,0.008855319148936171,3.285288708291721,1.3117370445105152,0.04000000000000001,0.38121097591029474,0.00741304347826087,1.072382978723404,3.4548644496763474,0.17704089599326478,1.008936170212766,0.47651591696270545,0.05561406105457909,371.3124021276596,3.3046185120637133,0.6342532572000432,6.185744680851065,0.7072401987642088,340.28915975948195,1105.0716723404255,3.216243761529242,1.1560880226959611,-6.099574468085108,-1.3275301729718647,1091.0813606845516,2112.289523404255,3.332367303518667,0.8644249756373781,34.833639806432735,1.3465541159076624,918.4485190930026,635.9054489361702,3.2435383971003757,0.00885089057375188,12.716808510638298,1.0988317345630227,484.49667002775215
arriba,01,01,020,arriba_p01_s01_r020,0,arriba_p01_s01_r020_w00,arriba/participante_01_sesion_01_rep_020.csv,47,31.25,1.504,1.1339212765957447,2.575033532160451,4.010219813995792,1.02432310287477,1.6560488774662507,0.0865244022412863,0.0189,2.9710585970984758,2.1989006006410925,0.11595744680851067,0.9721738563277906,0.005572432932469936,0.0041,2.97418715764342,3.000406569541969,-0.006595744680851065,1.4187482538780058,0.004144680851063829,1.1109212765957448,2.8748370026973356,3.4347846830542883,1.0087234042553193,1.3345484905483616,0.09542876965772437,413.8352638297872,2.5256299739997963,2.7279292154619075,-8.607659574468085,-1.4109746309043647,347.1291878815911,1025.774774468085,2.804802728945532,0.9894840752009828,8.377872340425533,0.9360295268107104,976.359638852914,2129.396331914894,2.3773367633705704,-1.2941401751087271,30.89494689924677,0.6547231068579102,1200.439861659956,689.7862936170212,2.721235280380875,0.26357506591728397,-14.185531914893618,-1.2766247526194587,499.1777817761334
arriba,01,01,020,arriba_p01_s01_r020,1,arriba_p01_s01_r020_w01,arriba/participante_01_sesion_01_rep_020.csv,47,31.25,1.504,1.1382553191489362,3.540369904860649,0.16732270688998296,0.9976313782847911,0.9347240464489065,0.14609536421510044,0.037442553191489356,3.700152351761222,-0.4955565447369219,0.14382978723404258,-0.5422784109140083,0.01711979648473636,0.016168085106382974,3.4961831413754227,-0.1674210549710744,0.0725531914893617,0.3470322982908801,0.01114116558741906,1.0846446808510637,3.5307715010656424,-0.05931975719423965,0.9602127659574469,0.8136183866685566,0.16617169287696573,664.3121276595745,3.5802486916888876,-0.01983073137702096,-6.236595744680852,-0.14025050422764437,639.0130229417207,1860.2820297872343,3.711414586079963,-0.34985652881324736,-4.579999999999999,0.3085324143308737,1879.2905347826088,3724.0042489361713,3.7831339375035657,-1.1467424456920328,54.71842006060713,-0.11064676432530278,745.7661192464035,1199.410091489362,3.857810001425416,-0.882202151864055,-2.9597872340425524,-0.14344184589017536,1216.5334412580942
arriba,01,01,020,arriba_p01_s01_r020,2,arriba_p01_s01_r020_w02,arriba/participante_01_sesion_01_rep_020.csv,47,31.25,1.504,1.0552319148936171,3.2320672453782437,-0.02087460878356806,0.9950391878120664,0.3616272524350046,0.06654477590783116,0.02479787234042553,3.2938475029854883,-1.1923442717282957,0.07042553191489363,0.455699116102063,0.020269380203515267,0.016165957446808512,3.24655349178285,1.3679000659212246,0.1025531914893617,1.0634911344542404,0.0057716003700277515,1.0142680851063828,3.3772607082201014,-0.26061887112380155,0.9680851063829787,0.13488121066960362,0.0787549491211841,284.302685106383,3.6284330003376195,0.1219976322828984,2.893191489361702,0.365475497558667,281.9306526364477,883.3454978723403,3.2391708146951426,0.7862964168587379,-12.828085106382979,-1.218782233892459,734.4115071230342,1695.924172340425,3.1152669844438936,0.12492111922641236,30.719432108426524,1.0865935937036517,768.593721173508,528.2759893617022,3.259390915913228,-0.41880595598730963,11.251702127659575,0.6841571151319673,410.4072579093431
arriba,01,01,021,arriba_p01_s01_r021,0,arriba_p01_s01_r021_w00,arriba/participante_01_sesion_01_rep_021.csv,47,31.25,1.504,1.0897234042553192,2.8528037593003694,3.3838813626313335,0.9609071152225447,1.8128486078817274,0.1699978966954412,0.06601702127659574,2.942929421250067,-1.4982840889005538,0.0851063829787234,0.08120720531131605,0.06005161887141535,0.011899999999999997,3.147510469824263,1.233916665915423,0.04361702127659574,1.0581088711238475,0.010214893617021277,1.0118063829787238,3.140036863265636,2.1300415422222923,0.8997872340425531,1.3551677898847412,0.20658473635522662,705.1322659574469,2.9828665902625326,0.5301102512961431,-14.172127659574464,-1.1653687494556473,515.245738852914,2391.123614893617,2.7157394481623056,1.7522865364352613,19.04957446808511,1.6948088250400715,2072.329443293247,3720.9900297872355,2.9599433856760586,0.4222538623145038,41.59724294154559,1.169044671871378,2033.9346140025148,624.7341489361704,3.0353043419634522,-0.13158032116456342,-10.914042553191493,-0.3571203249530902,516.6095159111934
arriba,01,01,021,arriba_p01_s01_r021,1,arriba_p01_s01_r021_w01,arriba/participante_01_sesion_01_rep_021.csv,47,31.25,1.504,0.925610638297872,3.7379063413530806,-0.931350974905258,0.9105569768160865,0.5938708631371004,0.09859438310136528,0.06513617021276598,3.6289826077623624,-1.511133233677895,0.154468085106383,-0.23569917030250417,0.04217308048103608,0.019629787234042552,3.601941245064502,0.004046583872062026,0.1008510638297872,0.5344746236736431,0.009664477335800186,0.8408446808510636,3.7670725012873216,-1.0690690567489431,0.8419148936170213,0.3875803917927115,0.1348940795559667,1087.1604297872339,3.5512914491580387,0.5943416211901784,-1.7493617021276588,0.23740627673710926,1107.667558279371,3290.763391489362,3.3910177770169496,0.8582118625496316,-0.7438297872340419,0.7791682142773858,3361.7364154486586,5711.442542553191,3.6081219696486153,-0.6766399300161678,62.708983117412814,0.6931149578348145,1817.7004567361244,1333.5187212765957,3.4110767583966997,-0.5682087916703473,3.929148936170212,0.2368797837945428,1346.7344340425532
arriba,01,01,021,arriba_p01_s01_r021,2,arriba_p01_s01_r021_w02,arriba/participante_01_sesion_01_rep_021.csv,47,31.25,1.504,1.1340425531914895,3.3216611751969696,0.12407746832475741,1.0403353443615178,0.3331836466623856,0.05286981412594624,0.0176,3.238739195202873,0.04661340376637346,0.019574468085106378,0.8985542710311578,0.017591119333950047,0.014634042553191486,3.6346137249217327,0.27691620355992264,0.08680851063829788,0.8763297762308707,0.00725263644773358,1.1018085106382978,3.2266740805861156,0.4771691822753019,1.0204255319148936,-0.03468676269448136,0.0618563367252544,585.258970212766,2.853430269481686,3.2863654371591178,9.06,1.4417528699950373,514.1139652173914,1485.6765765957448,3.5295405135981976,0.22501928198286247,-13.80531914893617,-0.8499354498840569,1323.2438645698426,2911.4745638297873,3.1845903654866055,0.7854361795555755,39.13835305648946,1.395960998549172,1409.6565769826595,840.5390170212763,3.1718774278610007,0.774171886088939,16.572340425531916,1.285628948430023,578.1986487511563
arriba,01,01,022,arriba_p01_s01_r022,0,arriba_p01_s01_r022_w00,arriba/participante_01_sesion_01_rep_022.csv,47,31.25,1.504,0.9624787234042557,3.4379092036911683,0.5845968537041686,0.9354179870210176,1.1762376995962072,0.08937347628705945,0.047446808510638296,3.8208879270954244,-0.9798763525549217,0.15234042553191493,-0.3229156316347242,0.02476614246068455,0.03582978723404256,3.4739993627592924,0.6458916206315628,0.16297872340425532,0.22685256834444595,0.009469195189639224,0.8792021276595747,3.4344028837681786,0.09825251669008539,0.8806382978723405,1.020760784717238,0.10593219241443108,832.8577297872341,3.301112192140723,0.6891814119240252,-3.059787234042554,-0.5760842195654702,841.3975064754857,1463.1836063829787,3.197420503503797,1.0486788767966697,1.7478723404255316,-0.08879493152356797,1491.8704736355226,3473.185385106382,3.7119641935047056,-0.5788737151824095,49.74379773573103,0.5493901169255264,1020.4517104533478,1177.1440489361705,3.720954607690743,-1.0085320336213959,5.952553191489361,-0.23589030953916373,1166.5309672525439
arriba,01,01,022,arriba_p01_s01_r022,1,arriba_p01_s01_r022_w01,arriba/participante_01_sesion_01_rep_022.csv,47,31.25,1.504,0.9949617021276596,3.5376955001995256,-0.34546319693680694,0.9649552302489796,0.5789671802834578,0.0652105645632939,0.045738297872340426,3.4057863312586805,-1.6295663486119631,0.05425531914893619,0.18184274179775012,0.04372497687326549,0.024642553191489353,3.3533524281371876,1.3304681897353934,0.13319148936170214,0.9095965183804696,0.00705263644773358,0.9245808510638297,3.5682431828203764,-0.7016801109447304,0.9202127659574466,0.40922004269093487,0.07948038852913966,446.1331723404255,3.435443716433437,0.8433212682752909,8.483617021276597,0.7255718124965633,382.29535837187785,1252.3153680851065,3.299225347271585,0.21207495520632547,-14.520638297872344,-1.2473398951444339,1064.107006105458,2751.0194659574468,3.618552288705489,-0.5027428546865877,40.84260203007227,0.8142664822546299,1106.4426585308133,1052.570925531915,3.5620624582362637,-1.0186083374648582,13.915531914893615,-0.0632325464406688,877.6012643848286
arriba,01,01,022,arriba_p01_s01_r022,2,arriba_p01_s01_r022_w02,arriba/participante_01_sesion_01_rep_022.csv,47,31.25,1.504,1.198795744680851,2.7869675743453923,2.222841188752824,1.0837565049130449,1.743329483015291,0.024795138886023374,0.017965957446808508,3.0010566722945837,2.3681177188860136,-0.1246808510638298,-0.023915370221192243,0.002473265494912118,0.009227659574468085,2.4302247083255732,10.990001622323607,0.06404255319148935,2.918537598139954,0.0052376503237742825,1.1716021276595743,2.632622577479162,2.263874477542389,1.0717021276595746,1.767531268442565,0.02355790934320074,276.8841042553192,2.528780353623071,5.067146014795206,7.6487234042553185,2.2577809550855883,223.12855050878815,716.9921255319149,2.6316726742848227,3.2659783930295054,-8.003617021276597,-2.012204657265081,667.128462719704,1392.6031936170214,2.2937874856542697,2.7961123376158596,20.859177350558014,2.024767137995268,978.3130859157495,398.7269638297873,2.3950905897900374,2.4006839674587575,7.972553191489362,1.9101028436707097,342.45156290471783
arriba,01,01,023,arriba_p01_s01_r023,0,arriba_p01_s01_r023_w00,arriba/participante_01_sesion_01_rep_023.csv,47,31.25,1.504,1.126395744680851,3.0564613146286685,2.113478904009847,1.0397179439030393,1.3746454254772138,0.04636891445486264,0.034653191489361704,2.1457467603574303,0.7820533902872775,-0.019787234042553208,1.5408772728870108,0.03500647548566142,0.009021276595744681,3.0990145061180305,0.19252284444914824,0.038723404255319144,1.113466791142285,0.007685291396854764,1.0827212765957448,2.7625269136183968,1.2779192162978799,1.0125531914893615,0.6705419223434899,0.058706382978723395,684.1457191489362,2.53956661297966,0.600842827920741,-14.656595744680853,-1.397208316461065,479.53274468085107,1341.1860361702127,2.3774970956680197,0.028492581172181453,18.397234042553194,1.3060294971589632,1024.52624653099,2582.307044680851,2.493062520555497,-0.3953060959467152,31.438061320817162,1.0428620736197833,1628.6065482230729,556.9752893617022,2.2755311320618956,-0.16246286195812898,-11.632765957446809,-0.843534415186782,430.82043783533766
arriba,01,01,023,arriba_p01_s01_r023,1,arriba_p01_s01_r023_w01,arriba/participante_01_sesion_01_rep_023.csv,47,31.25,1.504,0.932591489361702,3.334527946547724,1.5494848747685817,0.9300660646054963,1.5362879645988212,0.06903748754466292,0.08389787234042553,3.3837821228255662,-1.0527100460995273,0.19744680851063828,-0.7114411193547907,0.04588899167437558,0.02532765957446808,3.6784597983856084,-0.3775668699131032,0.11787234042553194,-0.538256798300307,0.011682331174838115,0.8233659574468088,3.2733310672159326,0.9599807208582831,0.8582978723404256,1.391631095406691,0.08857530064754855,1002.4150063829786,3.4949486415851365,-0.2658774266052544,-8.032553191489363,-0.09317606145588533,958.2820759481959,1500.5980999999997,3.366614973187536,-0.30450291391682427,13.112553191489361,0.9019078424247864,1357.5429411655875,3538.1469723404266,3.68581664057578,-0.264543761205871,50.487478928680126,0.6026526873974858,1010.6649534136037,1035.1338659574467,3.684032533360751,-1.2717379555249708,-6.047021276595745,0.10053433710628218,1020.2753865864938
arriba,01,01,023,arriba_p01_s01_r023,2,arriba_p01_s01_r023_w02,arriba/participante_01_sesion_01_rep_023.csv,47,31.25,1.504,1.0525765957446807,3.4013897138895963,0.10472799553720691,0.985369652618803,1.1175773014981245,0.08339766177828886,0.06624680851063831,3.3775723632776016,-1.1198846994234055,0.2165957446808511,-0.04881051108664654,0.019753376503237746,0.037859574468085105,3.5973509605703904,0.17821406525047845,0.12553191489361704,0.27973033962681115,0.022581776133209996,0.9484702127659574,3.4940583441390425,-0.2495746318248111,0.923617021276596,1.0022070491727224,0.09747576318223868,619.0711021276595,3.5816302143754974,-0.12840884917706274,7.383829787234045,0.1364263668645539,576.8229893617021,694.4020212765959,3.2004355981862718,3.3613815133858864,-11.707659574468087,-1.4873840065623853,569.4486574468086,2469.5962297872343,3.1370801507673893,3.7447912592614916,41.92728802450269,1.7420656003295694,727.1704606258363,1156.1231063829787,3.3054539396484213,1.159381853690407,10.801702127659574,0.830561445178303,1062.0429970397777
arriba,01,01,024,arriba_p01_s01_r024,0,arriba_p01_s01_r024_w00,arriba/participante_01_sesion_01_rep_024.csv,47,31.25,1.504,1.2571510638297874,1.3098088084769008,8.104202335612193,1.0769593312463985,2.7331933895043496,0.09942509012046927,0.015570212765957447,2.6728935600046864,2.827463680305028,0.08382978723404255,-0.4497713542233366,0.008728492136910267,0.02039148936170213,3.363782747194062,1.1984534945105603,0.12595744680851068,-0.17355677479578738,0.004624606845513414,1.2211893617021277,1.9032465149792914,7.774471636071013,1.0585106382978724,2.57432342011688,0.10293469010175763,819.702389361702,2.149441511479525,11.755876765760362,-1.785744680851064,1.6079453531330001,834.2637988899163,1254.9224680851062,1.7891902005603701,3.0344402722726374,8.866382978723404,1.1550438324989323,1201.881671415356,2529.156914893617,2.257433103298236,2.0634535760747363,29.434629143775673,1.796195283734079,1698.906468193792,454.5320574468086,2.5418228465774138,3.615643231619302,-5.705319148936169,-1.2293819752146498,431.1548993524513
arriba,01,01,024,arriba_p01_s01_r024,1,arriba_p01_s01_r024_w01,arriba/participante_01_sesion_01_rep_024.csv,47,31.25,1.504,1.043976595744681,2.4435820314262675,6.1076602761614875,0.9549750011300545,2.422146412696036,0.13486889389527515,0.06612340425531915,3.66427111009649,-0.4545597361396836,0.19659574468085106,-0.3746386626094311,0.028070767807585564,0.018759574468085106,3.494058344139043,0.37301970351442826,0.09553191489361705,-0.546650863443511,0.00984264569842738,0.9590936170212765,2.774650410419381,5.30900758659644,0.9004255319148938,2.2407521891663063,0.15155198889916743,953.8641914893618,2.599059800175837,8.223915053707376,-2.57276595744681,1.4222769681305147,967.8373508788158,1367.8785659574469,2.8661285600918367,2.125831779203301,8.380851063829788,0.9293538781609928,1325.8494644773357,3410.4027276595743,3.1392049480037696,1.2475504505324952,45.801157786695725,1.3365771963401782,1341.1926876894668,1088.6599702127658,3.676617308986352,-0.4272139080240529,-8.53063829787234,0.10962803947418813,1037.9727061054577
arriba,01,01,024,arriba_p01_s01_r024,2,arriba_p01_s01_r024_w02,arriba/participante_01_sesion_01_rep_024.csv,47,31.25,1.504,0.9584702127659575,3.6091031965656284,-0.5775604186942562,0.9472035784283586,0.7727412586686078,0.06260767190408889,0.06877234042553192,3.601941245064502,-1.5077789598867632,0.12617021276595744,-0.1852069534463932,0.054002405180388534,0.014378723404255318,3.5525259489483254,0.42995806891647526,0.06510638297872341,-0.6716219411652476,0.01036031452358927,0.8753191489361702,3.6263082031012392,-0.9027879195746005,0.8948936170212767,0.671385516184169,0.07610379278445883,399.0281297872341,3.602490852489245,-0.32117462692282084,4.676382978723405,0.5875620707599188,385.35869315448656,1375.0776680851063,3.3567117251638545,0.7971397024732094,-15.360425531914892,-1.2977186882296208,1163.8987998149862,3150.169589361702,3.39664889417632,0.20746202651170575,46.0534204111394,1.041652995263231,1051.6271025312583,1376.063791489362,3.837498970736411,-0.7971816518078922,10.222978723404255,-0.055104261866672825,1299.196986586494
arriba,01,01,025,arriba_p01_s01_r025,0,arriba_p01_s01_r025_w00,arriba/participante_01_sesion_01_rep_025.csv,47,31.25,1.504,1.096882978723404,2.878563038459745,2.3585794886217233,0.9368197963222257,1.6138355808723615,0.2240179881148446,0.05777659574468086,3.212591642273947,1.1272172565555545,0.1023404255319149,-0.5764874839902692,0.04833135985198889,0.013312765957446807,3.380587457960076,0.23749142061341288,-0.0274468085106383,0.09177631157867429,0.012832469935245146,1.0257936170212767,3.0659104067685297,1.5846382062981101,0.8763829787234043,1.186950878120646,0.2633496762257169,1103.1512063829787,3.6519096609282635,-0.3429595284081679,-9.287446808510639,-0.5269101672068355,1039.0009411655874,3646.746763829787,3.134343515342612,1.0685177162910318,1.8385106382978764,0.6730898236171775,3722.570265124884,6277.61114893617,3.393575417309619,-0.8569284752817126,61.596966650996784,0.5445900206529881,2537.4123450350344,1527.713178723404,3.6067404469620055,-0.3441528678045591,-0.17872340425531805,0.3406851588373279,1560.8916983348752
arriba,01,01,025,arriba_p01_s01_r025,1,arriba_p01_s01_r025_w01,arriba/participante_01_sesion_01_rep_025.csv,47,31.25,1.504,1.011272340425532,3.2073886322840055,0.2802304454209903,0.9391257407681296,0.8384290252769352,0.13212638309250957,0.056829787234042556,3.605106874966141,-0.8320029195853098,0.05574468085106384,0.20437377454377126,0.05489019426456983,0.01644255319148936,3.408460735919803,0.8456391344541179,0.07829787234042554,0.43233988617297514,0.010536170212765959,0.938,3.1796658895434433,-0.042477286649978296,0.8782978723404257,0.26436170015987,0.17021443108233117,819.4206531914894,3.515259672274141,0.6826472832962875,-0.477659574468085,-0.8536875838710215,837.0010270120259,2281.477776595744,3.5235651940946346,0.18817912518412072,-14.062765957446807,-0.8885126945505637,2129.0145726179467,4949.676474468085,3.3936337994938457,-0.2020226351117298,56.61657885179098,0.9311030700744795,1782.1577230128235,1848.7780446808506,3.6771669164110947,-0.5964980447905028,8.506595744680851,0.2555306019505564,1815.0336098982425
arriba,01,01,025,arriba_p01_s01_r025,2,arriba_p01_s01_r025_w02,arriba/participante_01_sesion_01_rep_025.csv,47,31.25,1.504,1.2683489361702127,2.611123691228576,4.074135053510493,1.1022945620542397,2.200915930489003,0.05445423538881804,0.015382978723404255,2.98560322568731,1.734265127087827,-0.07404255319148935,-1.4557408735564328,0.010115911193339502,0.01159787234042553,3.0915118645955535,3.3560897478180856,0.0653191489361702,1.7299547708954601,0.007490656799259946,1.241368085106383,2.572018437477977,3.8516241939745264,1.0925531914893616,2.1582415982205454,0.04873246993524515,220.10943404255326,3.3002218946946287,1.972039536561776,3.0148936170212766,0.48541346065732377,215.60723857539313,1031.2293446808512,2.3580214925637226,7.035567454096714,-2.771489361702128,-2.58061721676339,1045.799239037928,1927.8031680851066,2.1753237304527717,7.217890242011286,26.776430148760326,2.7107749382578397,1237.14825997744,676.464389361702,2.57044675998918,5.310884501044676,4.920212765957445,2.2353555169116173,666.435371692877
arriba,01,01,026,arriba_p01_s01_r026,0,arriba_p01_s01_r026_w00,arriba/participante_01_sesion_01_rep_026.csv,47,31.25,1.504,1.0171063829787235,2.9734797288863257,2.428877877759202,0.9718856761748806,1.6753845554091873,0.07412167228188009,0.05638723404255318,3.3283113761709346,-1.6930990661790566,0.1472340425531915,0.05491501703727249,0.035463922294172064,0.010319148936170214,3.5781238944525073,-0.8069781130328861,0.03361702127659574,0.537357446894791,0.009388806660499538,0.9504000000000001,3.0663420262608,1.458209842040544,0.9272340425531918,1.327525973436884,0.09260740055504164,582.0937893617022,3.08190961222112,2.5656916717097253,-11.855106382978725,-1.6851236163130339,451.14916031452356,1178.4683404255322,2.8560125211078717,3.3486964610735086,12.730638297872336,1.9211626251123812,1038.4948234967626,2106.582634042553,3.185202228652467,0.6978745503607291,31.35842119759441,1.2243248299087321,1147.6501421680498,346.02050425531917,3.0401619260451826,0.28228396939354106,-9.287872340425533,-0.9705946597010516,265.4027997224792
arriba,01,01,026,arriba_p01_s01_r026,1,arriba_p01_s01_r026_w01,arriba/participante_01_sesion_01_rep_026.csv,47,31.25,1.504,0.9308468085106385,3.601109329802635,-1.0774812734359753,0.943675703763739,0.5342790627670415,0.04119956104179494,0.056476595744680856,3.7462118631735737,-1.0519314065036884,0.17829787234042557,-0.24247106934759455,0.025223126734505087,0.018174468085106383,3.797070576483429,-0.6499641691035478,0.06638297872340426,-0.2720034541226389,0.014067067530064753,0.8561957446808509,3.586429416273001,-1.23470477492801,0.8948936170212765,0.39648818177118617,0.056564662349676234,679.4409361702128,3.3554772253735683,0.8130596564638357,3.7923404255319153,-0.2462219831292393,679.5168965772434,814.3291468085106,3.6254179056551457,-0.2314052461922813,-12.594680851063828,-0.09228119434535617,669.9575776133211,2059.523587234042,3.549507341943009,-0.4513907974373428,40.28245843415643,0.5111166963104946,446.3438064678608,565.7535042553191,3.5915109260076283,-0.5755357883809378,-0.8623404255319154,-0.2503390224513754,577.2926965772432
arriba,01,01,026,arriba_p01_s01_r026,2,arriba_p01_s01_r026_w02,arriba/participante_01_sesion_01_rep_026.csv,47,31.25,1.504,1.110612765957447,3.4744905879998087,0.37176815269352437,1.0440697844155375,-0.0436744442061296,0.020977378428546734,0.010710638297872341,3.538186725440042,-0.328329167665554,0.01489361702127659,0.8695938700464639,0.010716836262719702,0.011174468085106384,3.2212378541157913,1.1071354210989561,-0.01148936170212766,1.1845459977078496,0.011282516188714157,1.0887276595744682,3.4787401824725688,0.5876496019127146,1.0323404255319149,-0.2963972317922144,0.02350092506938021,425.7021787234042,3.142586781421987,1.1318645120895336,7.996170212765959,1.051908152882639,369.62786327474566,699.3154531914894,3.5381867254400423,-0.36471952167376154,-13.820638297872337,-0.6994713771552994,519.3555278445883,1394.0565212765957,3.1879388640772444,0.1989353440192141,29.06294045315093,1.0035985029901107,561.3455355256591,269.03888936170216,3.13160685494037,0.36677839268640344,5.748936170212767,0.6814218544261139,241.11880971322847
arriba,01,01,027,arriba_p01_s01_r027,0,arriba_p01_s01_r027_w00,arriba/participante_01_sesion_01_rep_027.csv,47,31.25,1.504,1.004959574468085,2.8890807746646967,0.9568672351117655,1.0024082183771117,-0.2903103340127413,0.00014032381111271053,0.00711276595744681,2.4894619726556035,0.20214304670054117,-0.08319148936170212,-0.09175213079402007,0.0001961147086031452,0.000674468085106383,2.9333046075066176,-0.6009969235693324,0.017234042553191494,-0.062349416335991226,0.0003856614246068456,0.9971723404255319,2.202009152850917,0.9022048499271689,0.9985106382978725,-0.28555428589858894,0.0001520814061054582,16.591121276595747,3.596859735329875,-0.5795434901876106,-0.4546808510638298,-0.4850990298637356,16.740568917668824,7.183638297872341,3.5477267470508216,-0.020719665359949957,0.17702127659574465,-0.5820415834204996,7.307786586493987,47.2216659574468,3.675386321518907,-0.7179219974690816,6.597276843242088,-0.27395458604261497,3.777986911309155,23.446906382978725,3.5816302143754974,-1.2293662422241838,-0.7561702127659574,0.16549805700212225,23.372398057354303
arriba,01,01,027,arriba_p01_s01_r027,1,arriba_p01_s01_r027_w01,arriba/participante_01_sesion_01_rep_027.csv,47,31.25,1.504,1.0070234042553192,3.3780635885181174,-0.2407945615356084,1.0033823290581345,-0.029204705343583704,0.0002526822063490608,0.007395744680851067,2.7329334340556137,0.9225338229564466,-0.08425531914893616,-0.20771221337753173,0.0003032377428307123,0.001476595744680851,3.3245304705471392,-0.3225871528594664,0.025957446808510646,0.18334936524882098,0.0008202590194264569,0.9981510638297871,2.6972709068725575,-0.3479893662828051,0.9989361702127658,-0.11077726791404253,0.0002836262719703983,25.597340425531915,3.833443043388678,-0.856626411715518,-1.784255319148936,-0.16448058658682604,22.901029324699355,12.07806595744681,3.5304308110442917,-0.3463746264274543,-0.5227659574468084,-0.19909452508876077,12.06140740055504,68.29002553191489,3.5932950332226574,-0.23325644552048042,7.936945487013686,0.02489149785909553,5.410028865220349,30.614619148936168,3.7510110650710775,-1.4042019904846224,-0.9287234042553193,0.24584541052591902,30.39887659574468
arriba,01,01,027,arriba_p01_s01_r027,2,arriba_p01_s01_r027_w02,arriba/participante_01_sesion_01_rep_027.csv,47,31.25,1.504,1.3025808510638297,0.982735153901159,7.989543086294599,1.1047115294704604,2.9655465437750914,0.08398009832144983,0.010440425531914894,3.1384616734539987,3.7647360808168298,-0.09468085106382977,-1.8063487724113494,0.001508048103607771,0.0041744680851063835,2.8459489407867413,5.46391072452994,0.022553191489361697,-1.5363340666624699,0.003745513413506013,1.2879659574468085,1.0252883453905204,8.033045646037252,1.0987234042553191,2.971769472014328,0.08252876965772434,75.48314255319148,3.1983108009498906,1.381428518482295,0.20276595744680845,-0.5710860155669305,77.08207261794634,845.9080808510638,2.084904793549373,9.50557637988017,6.538297872340425,2.9814878754457905,820.6187144310824,993.8988638297872,1.6145699938203466,10.744659556956492,18.52437329886564,3.370746294395138,664.8931198382796,72.5076404255319,3.3602180450868446,1.265059998822867,-1.879787234042553,-0.6305376038763103,70.47347604070305
arriba,01,01,028,arriba_p01_s01_r028,0,arriba_p01_s01_r028_w00,arriba/participante_01_sesion_01_rep_028.csv,47,31.25,1.504,1.2302787234042551,2.37743698988071,7.788909080705592,1.0598887622626916,2.532484509268972,0.1092387640559834,0.02524255319148936,2.489867043394418,3.2287522963007422,0.0748936170212766,0.8173277476755962,0.020060314523589272,0.006295744680851064,3.046030995571795,4.619154943735154,-0.012978723404255316,1.49412785026965,0.00626049953746531,1.1987404255319152,2.3875400804748375,6.012523102068224,1.038723404255319,1.9426867022508205,0.1223983348751156,744.5685851063831,2.844402785938955,3.908535768643473,-9.88276595744681,-1.9961083852242387,660.962555226642,1493.453191489362,3.089053663451009,0.4879080659815229,13.89744680851064,0.813563343359088,1328.5818629047178,2760.676638297872,2.6899756469329272,0.17851784823027605,35.765061086316294,1.252834737942637,1513.7443708288486,522.6548617021276,3.2103163098184027,0.8859294700646898,-11.016808510638297,-1.1760726725744064,410.0083743755781
arriba,01,01,028,arriba_p01_s01_r028,1,arriba_p01_s01_r028_w01,arriba/participante_01_sesion_01_rep_028.csv,47,31.25,1.504,1.028055319148936,2.8805590493276245,5.675092158385441,0.9401078602917061,2.2268611866125645,0.1473884547355271,0.0733659574468085,3.6176619912593946,-0.1811295922051417,0.19191489361702127,-0.3199176557843473,0.03732886216466235,0.018227659574468084,3.6959027572884615,-0.4714177295492461,0.04404255319148936,0.2283324392283098,0.016641998149861236,0.9364617021276594,3.155757609460529,4.074249093342668,0.8738297872340423,1.8443585896046863,0.17664153561517115,988.1874510638296,3.2615157131496084,1.6147017038995664,-7.832340425531916,-0.8413121319604362,946.9906313598519,1875.5079723404262,3.4539706399074124,-0.22006848816305746,4.748297872340427,0.6299504155737995,1893.2434144310826,4352.734778723405,3.682457343549114,-0.4799913042510431,57.35177288624108,0.43071954047785943,1086.6286847790466,1489.039355319149,3.5963101279051317,-0.8412655962556959,-8.958936170212768,0.39078090667060944,1439.4024010175763
arriba,01,01,028,arriba_p01_s01_r028,2,arriba_p01_s01_r028_w02,arriba/participante_01_sesion_01_rep_028.csv,47,31.25,1.504,1.0032170212765958,3.701533874447832,-0.6101354968689727,0.9645878950649793,0.41964810147504006,0.07436954470920223,0.0579468085106383,3.755751884784354,-0.9154032833638954,0.16999999999999996,0.5103912816558092,0.029678260869565216,0.015734042553191493,3.4027712365762057,0.4634500098095655,0.06531914893617022,-0.0042368720354494785,0.011716743755781687,0.9295361702127658,3.7560925748057046,-0.8399571157845456,0.9106382978723404,0.19820607656370448,0.10245393154486587,394.5123404255319,3.491873941154416,0.3585543273898182,5.749787234042554,0.3111360004062696,369.30994560592046,961.4827638297871,3.4365276810045584,0.5545449039852612,-13.987872340425529,-0.8893428407123632,782.4704997224794,2602.166529787234,3.7643980966261985,-0.6853075351370244,44.16167019438792,0.48567869183878687,666.0854461995468,1246.171425531915,3.6423696393174834,-0.34782412127215556,9.408510638297873,-0.4731251966438963,1182.8176868640148
arriba,01,01,029,arriba_p01_s01_r029,0,arriba_p01_s01_r029_w00,arriba/participante_01_sesion_01_rep_029.csv,47,31.25,1.504,1.227736170212766,2.26122003220997,4.338878901577837,1.0895582199763751,2.2971820895302146,0.04148164365760616,0.0027914893617021273,2.349122007848605,11.885185950973614,-0.0038297872340425543,2.5072804162394755,0.0028371877890841814,0.004317021276595745,2.563921833060875,12.435383603801581,-0.035531914893617025,2.3848072617411438,0.0031209065679925992,1.220627659574468,2.349341509871168,4.280989242524825,1.0861702127659576,2.262043347784058,0.04175023126734506,506.5806787234043,1.8066258483725726,18.060230568544142,-6.193829787234042,-4.009077459590844,478.3957850138761,799.5708382978723,1.802968993230418,6.562871803409109,8.69872340425532,2.734319008417479,739.6400722479186,1400.4623893617022,1.2833170532037834,8.542524793994309,17.58401598494476,3.036666755799838,1114.9879184029728,94.31087234042553,2.784044632697856,4.825733389373498,-1.8817021276595745,-2.1790674880321093,92.7433318223867
arriba,01,01,029,arriba_p01_s01_r029,1,arriba_p01_s01_r029_w01,arriba/participante_01_sesion_01_rep_029.csv,47,31.25,1.504,1.0457191489361701,3.1208358458621452,1.960829305539166,0.9878887203702171,1.4867711226801061,0.071312308255845,0.0686531914893617,3.22905215069577,-1.7566136127000154,0.1827659574468085,-0.04074410733144508,0.03601609620721555,0.015419148936170215,3.6037253522795307,-0.774328357598927,0.05340425531914894,0.40541602479439204,0.012840333024976874,0.9616468085106383,3.4204662447883143,1.0615200413595236,0.9336170212765958,1.2070099669080605,0.0919627197039778,822.1348787234044,2.5543853237729364,7.184910807153198,-15.337234042553195,-2.4237303843017797,599.6629160962073,1113.1364744680852,2.7967745832872652,1.9756520285850616,14.655531914893619,1.5786659401337022,917.8812469935247,2751.9141,2.948135056255416,0.9380721764850097,35.79872932202111,1.29538680418459,1502.3295371662452,816.6427468085107,3.383544170458323,-0.2389395872053699,-16.87553191489362,-0.7742665008157955,543.421325254394
arriba,01,01,029,arriba_p01_s01_r029,2,arriba_p01_s01_r029_w02,arriba/participante_01_sesion_01_rep_029.csv,47,31.25,1.504,0.8839872340425531,3.0918525546169042,3.5398263857641297,0.9168609815196893,1.8179733786499115,0.04429563492689871,0.09224042553191487,3.245113586912013,1.7700186755098581,0.26914893617021274,-1.3648638804945055,0.020229694727104532,0.023540425531914894,3.5716024798470434,-0.37930044245086947,0.12978723404255316,-0.10706075516651392,0.006841258094357078,0.7682063829787233,3.1614471088041265,2.840186756749307,0.844468085106383,1.7024564473955897,0.05627742830712304,988.2005510638295,3.2291105328799965,3.3539707384366233,-2.0146808510638308,-1.1789249484329212,1005.5359950046255,1334.5932744680847,3.195511909783995,0.5989241203713056,-8.21808510638298,0.052515650600314295,1294.6010549491211,3754.0001319148937,3.4688010886562113,0.3769120477073833,51.9177511192615,0.7903329234643068,1081.559147386212,1431.2063063829787,3.7483366604099544,-0.9962536744206609,1.686808510638298,-0.26067106219469444,1459.4123091581869
arriba,01,01,030,arriba_p01_s01_r030,0,arriba_p01_s01_r030_w00,arriba/participante_01_sesion_01_rep_030.csv,47,31.25,1.504,1.0244468085106382,3.1005896959296684,2.6106955047161176,0.9666845944026751,1.5003436201213156,0.09192352309550411,0.04747234042553191,3.4587698418049158,-1.4973185257993724,0.16212765957446812,0.33051429979174846,0.021647548566142462,0.010395744680851065,3.2815085902088126,0.17176412230722216,0.032340425531914886,0.52590387065532,0.009553098982423685,0.9665787234042555,3.2186218316388957,1.736305892236155,0.9263829787234042,1.2086248645275912,0.11074967622571692,488.8837276595745,3.173394235488411,0.868149216497752,-11.778723404255322,-1.1062852236875775,357.7572592044404,1194.9733425531917,2.9221271653205463,0.6143625087019142,12.441914893617021,1.2872183457944992,1062.7845332099907,2614.2888468085107,3.1399746325019824,-0.9582807035166168,37.49591233222686,0.6262195494580791,1234.613783556001,930.4317765957446,3.376769482979585,-0.9229541370279759,-16.755106382978724,-0.2927406644648451,663.8220603145236
arriba,01,01,030,arriba_p01_s01_r030,1,arriba_p01_s01_r030_w01,arriba/participante_01_sesion_01_rep_030.csv,47,31.25,1.504,0.9523191489361702,3.6042165775200465,0.24717994533707888,0.9360806878831007,0.7890569132336774,0.07772583589778546,0.060293617021276585,3.5703679800567567,0.03067892259399807,0.19744680851063828,-0.6203956883032578,0.021771600370027754,0.021872340425531912,3.1739438429131535,1.279161908145638,0.09234042553191489,0.05969623473789498,0.013635707678075856,0.8701531914893617,3.575108799770033,0.02417164337367339,0.8829787234042553,0.7448569176527936,0.09246919518963923,868.5545,3.1292658541874117,2.60345221738746,-1.2644680851063823,0.6588202420818525,885.8024817761333,1763.0259106382978,3.1579407888811364,1.1490193184695556,-5.577872340425532,-0.03936654386563277,1769.5635388529136,4092.4496744680846,3.292957205539394,1.713630558865603,53.86074184757813,1.116103053468934,1217.3716873596002,1460.8692638297873,3.5500569493677525,-0.172486957850833,1.627234042553192,0.3220077383826147,1489.921837835338
arriba,01,01,030,arriba_p01_s01_r030,2,arriba_p01_s01_r030_w02,arriba/participante_01_sesion_01_rep_030.csv,47,31.25,1.504,1.143831914893617,2.8308954120130716,2.2397007443745007,1.0479024618139603,0.572068531835074,0.0467265268399855,0.015357446808510635,2.7580103318145435,1.4753688162540897,0.0604255319148936,0.7757113767395453,0.011960684551341349,0.014193617021276595,2.8444982374798764,3.3867048388282894,0.05808510638297874,1.0080091444910622,0.011054949121184088,1.1142808510638296,2.808309048868522,2.258507461937274,1.0323404255319149,0.4042360069850982,0.049609620721554115,497.4336361702127,2.571915699823868,9.779880868151759,9.119361702127659,2.278874006949798,423.27676697502307,1076.7833170212764,2.851762926635111,2.855038743555026,-12.951702127659575,-1.7515604523811463,928.798397039778,2399.9534425531915,2.558972095944207,3.8823026025805074,32.17614236842451,1.8746258592622598,1394.3155940757226,825.7364893617017,2.6327425419139314,2.788647046723961,13.357021276595743,1.6123743305238996,661.398786586494
arriba,01,01,031,arriba_p01_s01_r031,0,arriba_p01_s01_r031_w00,arriba/participante_01_sesion_01_rep_031.csv,47,31.25,1.504,1.1833042553191488,2.97800513262391,2.0428024661093334,0.9872588078707439,1.558995428181051,0.21315961250515122,0.0678872340425532,3.2954226927971257,0.17829554560232586,0.16319148936170214,-0.6924919647785599,0.04215263644773358,0.024274468085106377,3.4363340138795313,0.7951834322136349,0.05085106382978723,-0.3347181663083378,0.022160129509713224,1.0911425531914893,3.140127792736555,1.2395117970323222,0.9189361702127659,1.296091583707771,0.2520618871415356,1511.8671361702127,3.7110738960586116,-0.3144673031817842,-6.13063829787234,-0.42524217375443213,1506.3320278445883,3042.4907978723404,3.286863898103359,1.713803213602013,-0.6802127659574456,1.0149441157701697,3108.1591543015725,6031.930993617022,3.513479077381953,0.23489413037890072,66.79630766189351,0.6529567392928758,1604.3187171450074,1477.573059574468,3.7518429803329445,-1.2632531882955664,4.530212765957447,0.06499493755706462,1488.7252369102682
arriba,01,01,031,arriba_p01_s01_r031,1,arriba_p01_s01_r031_w01,arriba/participante_01_sesion_01_rep_031.csv,47,31.25,1.504,1.0437510638297873,3.449233332516977,-0.6121235936762321,0.9807081027813207,0.3497649827123322,0.08374447838121593,0.0393531914893617,3.4847119896532908,-0.8554133163278195,0.13872340425531915,0.6490530989092901,0.02054616096207216,0.015036170212765957,3.3789538859642114,1.617243500132198,0.09808510638297872,0.9331401687312724,0.005533209990749305,0.9893617021276597,3.5104639826994792,-0.8593460048475507,0.9395744680851065,0.1358797378292352,0.10887807585568918,575.3051361702127,3.446558927855854,0.5696285975577129,6.949787234042551,0.454456726400229,538.4622369102683,1165.0215744680852,3.5242500864601785,0.7873264119883512,-12.475319148936169,-1.2374275481512331,1031.3312037002777,2948.7446595744677,3.372773161380098,-0.2181489985783971,44.33152588109887,0.8219860705492099,1004.8400481198406,1208.4179489361704,3.607781279627264,-0.4955668992635931,15.874042553191492,-0.2184421782100111,977.2247376503238
arriba,01,01,031,arriba_p01_s01_r031,2,arriba_p01_s01_r031_w02,arriba/participante_01_sesion_01_rep_031.csv,47,31.25,1.504,1.1713531914893618,2.8787784544354365,3.9459253599510618,1.0708905924182717,2.0886429361164005,0.025080150788957114,0.008827659574468086,3.853010799527912,-1.2496931650969907,0.07851063829787235,-0.09681998137496275,0.0027216466234967628,0.008459574468085106,3.7188298104543627,-0.9459973394824766,0.07702127659574468,0.04441921048391151,0.0025822386679000935,1.1540659574468084,2.9243141933205807,3.810259933080143,1.0623404255319149,2.0552038632017653,0.026053098982423674,92.67218297872338,3.209081810028116,2.2261129955591334,1.8314893617021277,0.9049644313100076,91.25952164662345,193.42710638297874,3.146561790193942,4.982535945121965,3.419148936170213,-1.519995062947245,185.68732099907496,519.1874234042555,2.9407198318810166,4.294908911308669,18.274889031518562,1.8845969713230188,189.24228590493658,233.0881340425532,3.3507689529469835,0.39869205847208145,3.980212765957447,0.7162009694420376,221.96878038852913
arriba,01,01,032,arriba_p01_s01_r032,0,arriba_p01_s01_r032_w00,arriba/participante_01_sesion_01_rep_032.csv,47,31.25,1.504,1.0114212765957447,3.409204010469574,-0.323943185883766,0.9486488360456273,0.6901910153076446,0.11391028556208656,0.04487446808510639,3.652799958374357,-1.252768992809024,0.13936170212765955,-0.015550159138540317,0.026006105457909334,0.014419148936170212,3.284160458478385,1.4190522603806643,0.054680851063829805,0.9604493022915581,0.011677613320999073,0.9521276595744682,3.5283060138079105,-0.6185215498134351,0.9029787234042554,0.5372646623324606,0.13973006475485664,948.1501723404256,3.6503344711166257,-0.6267766229797158,-5.742340425531916,-0.31616012057607407,935.0708226641997,2245.083834042553,3.4852615970780336,-0.2088000899480731,1.7719148936170213,0.09265312288069488,2290.6820679925995,4969.733980851064,3.555541043630799,-1.5754608807605626,57.95039323248518,0.08463602331526253,1646.5182073351261,1776.4999744680845,3.727135332274856,-0.7614959711826561,-3.2800000000000007,-0.18193707993799035,1804.1272608695651
arriba,01,01,032,arriba_p01_s01_r032,1,arriba_p01_s01_r032_w01,arriba/participante_01_sesion_01_rep_032.csv,47,31.25,1.504,1.0219382978723404,3.4709258858925915,1.3231369754154896,0.9530933723000864,1.0530622883053695,0.11601982854020641,0.03270212765957446,3.727135332274856,-1.0793495357095482,0.08680851063829789,0.1386425896002962,0.025713506012950974,0.013555319148936163,3.2504040140500323,2.8718477329880434,0.07340425531914894,1.1076812842299761,0.008344680851063827,0.9756808510638297,3.3909593948327226,0.6424659730184792,0.9174468085106381,0.7667112757993344,0.13688464384828866,569.9995489361702,3.651909660928263,-0.8772318662131773,5.796170212765957,0.12758343608850475,548.0649154486586,1354.4655680851063,3.378404278539469,0.3586647449782254,-17.292553191489365,-1.0727444334505605,1078.37737160037,3221.2934702127664,3.55513845910238,-0.8143982554262044,47.68515596276377,0.6907906588572694,968.0154443026969,1296.8283531914894,3.522674896648541,0.685784067318516,17.63659574468085,-0.831509309393516,1007.2088185938946
arriba,01,01,032,arriba_p01_s01_r032,2,arriba_p01_s01_r032_w02,arriba/participante_01_sesion_01_rep_032.csv,47,31.25,1.504,1.2264765957446806,2.516136596617721,7.353788973946498,1.0841884912739408,2.7034814443741846,0.05212086572368214,0.015023404255319152,3.47695607525754,0.2604092254843735,-0.08446808510638298,0.0332283251073136,0.008060037002775208,0.004580851063829787,3.6953531498637187,-0.5255921200012472,0.035531914893617025,0.15569457946895734,0.003390471785383904,1.206872340425532,2.516136596617721,7.271424450589539,1.0753191489361702,2.6965369351551525,0.051660222016651255,250.55902340425524,3.1769589375956278,1.2602615853699168,3.0648936170212764,0.7479566367462801,246.40817770582788,553.6185574468086,2.8042860467434734,4.943315148371656,-6.9889361702127655,-1.9214384950616494,515.7466618871415,1368.9806446808511,2.922221943370892,5.587885778547546,31.33576419978827,2.2472672402185094,395.46466858081743,564.8030638297873,3.8885513511712935,-0.9788360395730655,15.70723404255319,-0.12239567712166641,325.0007726179464
arriba,01,01,033,arriba_p01_s01_r033,0,arriba_p01_s01_r033_w00,arriba/participante_01_sesion_01_rep_033.csv,47,31.25,1.504,1.0093234042553192,3.575108799770033,-0.3933749882688966,0.9596151098885959,0.8234414868002339,0.09038533741422666,0.08690851063829787,3.5843046190366206,-1.2181091128937809,0.21851063829787234,-0.3863104723279421,0.04001295097132285,0.03019574468085107,3.373663458826192,1.6248920105046611,-0.1246808510638298,-0.9361755341587333,0.014968917668825162,0.8922191489361703,3.5542481616562855,-0.6399661345793994,0.8814893617021278,0.7059507901879131,0.11769990749306199,352.18288297872334,3.5328962983020227,-0.03278559595779429,1.815531914893617,-0.506854410483466,356.471220906568,3832.115857446809,3.736331151541443,-0.583406666781964,-1.5844680851063824,-0.0938108177901508,3912.8576078630895,5163.873304255319,3.787383531976326,-0.9468826350533237,63.03060053931067,0.3682891824565615,1216.9083672984982,979.5745638297872,3.7774444381599683,-1.1210303358821907,0.08829787234042577,0.195582661203024,1000.861697039778
arriba,01,01,033,arriba_p01_s01_r033,1,arriba_p01_s01_r033_w01,arriba/participante_01_sesion_01_rep_033.csv,47,31.25,1.504,1.1023680851063828,3.334216291490224,0.28667541302823984,1.0174087888372358,0.46069972317001334,0.06870934240537377,0.03434468085106382,3.019850895356178,-0.1763028007256895,0.05319148936170215,1.0540402265709161,0.032200462534690104,0.038442553191489356,3.174834140359248,2.2441485115092146,-0.1638297872340426,-0.46529184170403126,0.011854579093432004,1.0295808510638298,3.3722819361395824,0.21042942116456542,0.9734042553191488,0.11565253388653075,0.0838490286771508,181.3769361702128,3.4870747392569137,0.15432902104855728,7.634893617021276,0.7293450957876115,125.76110379278444,2060.245027659574,3.2103163098184027,0.7909725105074501,-25.269999999999996,-1.3667991474031878,1452.5780434782607,2879.381161702128,3.293044622687472,0.22740915951488772,38.37481616191668,1.1973025379577036,1437.3362689856,637.7591978723403,3.3870504903813132,0.4876209775658147,12.060212765957449,0.052334756305806605,503.0128673450509
arriba,01,01,033,arriba_p01_s01_r033,2,arriba_p01_s01_r033_w02,arriba/participante_01_sesion_01_rep_033.csv,47,31.25,1.504,1.0639829787234043,2.8133856269282522,4.537841774211459,1.0269447015049167,1.9806969846037348,0.00957120135643364,0.0036361702127659574,3.0283142385090223,4.623560453897668,-0.04787234042553192,1.491473946665085,0.0013736355226642,0.036512765957446805,3.1592043236352736,1.1273831471116127,-0.18531914893617024,0.2548042615831332,0.002216743755781683,1.0238340425531913,2.9529307458300784,4.074806672457868,1.0072340425531916,1.9232702048823938,0.009516096207215543,39.2381659574468,3.4527396524399676,0.4635992264835136,-2.2476595744680856,0.0008908242250901667,34.92937049028677,171.4081361702128,3.007295779062924,5.6890632934421,5.055744680851064,1.9145579022229484,149.01818149861242,273.26700212765957,2.8570533537731304,7.1843733743528375,13.373881004283263,2.3689761370274773,96.45862007638591,62.620700000000014,3.4257566719263335,0.42850629537368423,0.04702127659574509,0.8126468803109798,63.97976049953748
arriba,01,01,034,arriba_p01_s01_r034,0,arriba_p01_s01_r034_w00,arriba/participante_01_sesion_01_rep_034.csv,47,31.25,1.504,1.4382085106382978,1.953929645713334,7.945297967229639,1.1286456629589465,2.865352315573469,0.1679406841683935,0.05014893617021277,2.1543008191643374,6.760696064518996,0.03787234042553193,-2.6569767892923206,0.04977363552266421,0.006599999999999999,3.4900024167913095,0.2756734024571852,-0.04425531914893617,-0.6614162505482195,0.004742368177613321,1.381459574468085,1.9201982486416296,7.665438733163244,1.1106382978723404,2.813695162591026,0.1511582793709528,380.3592617021277,2.5437425749898304,7.453133274748742,-1.7495744680851062,-2.4573076342666957,385.5003867715079,1768.9591319148938,2.212051198138241,10.540692939758456,-5.896170212765955,2.2693896484469938,1771.8941850138758,2468.8493255319145,2.195190180129965,6.295336255199423,30.180306119361365,2.3556526276006466,1591.8679795534133,319.5309319148936,3.0403124612643473,1.8635333890314243,-4.763829787234042,-0.16102877275155936,303.28983283996297
arriba,01,01,034,arriba_p01_s01_r034,1,arriba_p01_s01_r034_w01,arriba/participante_01_sesion_01_rep_034.csv,47,31.25,1.504,1.1643234042553192,2.9391736770332306,3.723848216564349,0.9451737314637544,1.8252052968904293,0.2768606742498147,0.09704042553191487,3.305911394038227,1.6114244184611906,0.09255319148936171,-1.2782214719164713,0.0903976873265495,0.018304255319148935,3.4914423216621464,-0.012528872544100622,-0.01042553191489362,-0.5093409758830374,0.01859111933395005,1.0489787234042554,3.162369953536913,2.138457805831301,0.857872340425532,1.2968827983757514,0.3198388529139686,1240.7138170212766,3.5191685767255505,0.5678346356816366,-3.497446808510637,-0.23740894639112736,1255.1878063829788,6472.534182978723,3.370864567660296,0.7438019663012141,1.6451063829787256,1.1397728275263483,6610.476238575392,8469.245289361701,3.589045438749897,-0.10702767542467484,72.31693754644223,0.9315661115116881,3309.9298731192753,755.997289361702,3.4952928439293287,-0.1992375366434489,-9.133191489361701,0.36181956365558154,687.2034526364475
arriba,01,01,034,arriba_p01_s01_r034,2,arriba_p01_s01_r034_w02,arriba/participante_01_sesion_01_rep_034.csv,47,31.25,1.504,1.030172340425532,3.5096285551147703,-0.6951473990240729,0.935732630094125,0.4064777975138365,0.157937150302721,0.07375106382978724,3.375938791281737,-0.7460525375260567,0.048297872340425534,-0.03978475952044142,0.07297095282146163,0.016821276595744675,3.5378460354186907,0.5549023607168144,0.0017021276595744676,-0.6739858453549515,0.01718399629972248,0.9396,3.625967513079888,-1.0236061843789068,0.8536170212765959,0.07570777895622166,0.21552358926919524,947.5553936170214,3.3611083425329387,1.6138519102050903,-0.6478723404255318,-0.060226024915742894,967.7255605920444,6779.185753191489,3.3767694829795856,0.5329725698960006,2.9910638297872345,0.8094874613195013,6917.418405365403,8330.733602127659,3.3614525448771304,-0.2503632070909414,70.01671991667504,0.9210662248407134,3502.922806720965,603.9924553191488,3.58005502456386,0.12076183178004252,-1.4689361702127663,-0.21624400843866495,614.9180444958373
arriba,01,01,035,arriba_p01_s01_r035,0,arriba_p01_s01_r035_w00,arriba/participante_01_sesion_01_rep_035.csv,47,31.25,1.504,1.1140553191489364,3.217478261319528,1.6890745675783982,0.9955186048997463,1.4153039168725163,0.1256718965875595,0.07604680851063829,3.5195092667469017,-0.9757818838323118,0.1821276595744681,0.628270937324535,0.043808418131359855,0.029623404255319147,3.3891752876176935,-0.4181484389781569,0.03723404255319149,0.8680570883857553,0.028850878815911196,1.008385106382979,3.2309236750588766,0.41342896569904397,0.9078723404255318,0.68778530679612,0.1881562442183164,1653.7278085106382,2.9650284077335276,2.877035123967202,-18.8931914893617,-1.7301100863975205,1324.9658874190566,2427.8810680851066,3.460836256857069,-0.47455982889529835,21.875319148936168,0.8948753287523601,1991.7286863089732,4937.945487234042,3.305853011853999,-0.5290165660837776,52.830479785783695,0.9015849458092752,2193.5573252909426,856.3366106382977,3.0752415109759177,1.0379613222099042,-12.96446808510638,-0.10537959148570131,703.2213339500462
arriba,01,01,035,arriba_p01_s01_r035,1,arriba_p01_s01_r035_w01,arriba/participante_01_sesion_01_rep_035.csv,47,31.25,1.504,1.2131063829787232,3.6394129268192366,-0.48617923215831604,1.0131964712135184,0.8433708211602622,0.1905944957361368,0.09780425531914892,3.717939513008268,-1.4886927062021056,0.19914893617021284,-0.030339771679061513,0.05940795559666976,0.0375659574468085,3.618552288705489,-0.927832545442624,0.12638297872340426,0.2665517439360011,0.022062719703977798,1.0777361702127657,3.5855391188269072,-0.8948968616090194,0.8991489361702124,0.5723134252501211,0.27512099907493065,2411.0682063829786,3.3862185751194467,0.7940114495516033,-2.496808510638297,-0.7606047180806053,2457.1131569842737,4904.908138297873,3.80482649087918,-0.8557243572763822,-2.208297872340427,-0.043733526277183625,5006.5539839963,8788.843527659576,3.7292601295112364,-0.7672819606202879,82.78651992195677,0.2777034012243407,1977.3059870204006,1472.8671829787233,3.7031090642594697,-0.7687146958997828,2.556170212765957,-0.1283086614427223,1498.209985013876
arriba,01,01,035,arriba_p01_s01_r035,2,arriba_p01_s01_r035_w02,arriba/participante_01_sesion_01_rep_035.csv,47,31.25,1.504,1.1299553191489362,3.083697568015576,1.067321662810797,1.0225908147049743,0.5787252042850224,0.0860951566740821,0.033991489361702126,3.097574601247193,0.0955136820152509,0.01148936170212767,1.2290183504840628,0.03459555966697502,0.01496808510638298,3.194804481026901,0.9161562469618403,0.018085106382978715,1.2844321686918023,0.014959296947271048,1.080995744680851,3.2061250975298687,0.7363428734257171,0.9838297872340425,-0.08217037974508931,0.11553283996299725,846.1303361702129,3.118344309890022,1.798275168112502,15.586382978723405,1.3788269473632533,616.3079366327473,2631.638089361702,3.1744934503378963,0.4034788644396441,-30.672340425531917,-1.1642004150859362,1727.6031357076788,4139.760180851064,2.8587755664810914,0.8047641953952658,43.90724020654541,1.274453220111461,2259.999534780478,661.9917553191488,3.1664041320339815,0.7993598544379275,13.620212765957444,1.2647101000016465,486.83985430157253
arriba,01,01,036,arriba_p01_s01_r036,0,arriba_p01_s01_r036_w00,arriba/participante_01_sesion_01_rep_036.csv,47,31.25,1.504,1.0285361702127662,2.9985911850368523,2.668694522968792,0.9546376342880858,1.5238502589459804,0.1197510521399958,0.0661787234042553,3.351970905450578,-1.563584083027969,0.15276595744680851,0.24484249647531578,0.043772617946345974,0.010740425531914894,3.4191733628138015,0.41580374719975977,0.008936170212765958,0.9428558923543612,0.01089232192414431,0.9516170212765958,3.0814222355600305,1.2715649559773698,0.8927659574468084,1.0416791544566442,0.15794653098982425,542.355170212766,3.4665257562006664,-0.8645780542251469,-13.293617021276598,-0.16961144807172188,373.58350185013876,2239.853434042553,3.0987765537507883,0.09266427099122776,20.18425531914893,1.035519300807811,1872.2851249768737,3489.746431914894,3.385819502913868,-0.5561660867654012,43.51470836322414,0.7997041394461569,1630.9169485866723,707.5378276595745,3.40015521409931,0.03342541400331278,-12.038510638297875,-0.13732078038937484,574.8427868640148
arriba,01,01,036,arriba_p01_s01_r036,1,arriba_p01_s01_r036_w01,arriba/participante_01_sesion_01_rep_036.csv,47,31.25,1.504,0.9468510638297871,3.446958000061432,0.2601372031963267,0.9231709559323392,0.9389816448528566,0.0966631119082531,0.07873404255319148,3.4530803424613183,-1.4903232017377428,0.18957446808510642,-0.24978020589779826,0.043725901942645695,0.01563617021276596,3.4070208310489662,0.40447053138669586,0.05382978723404256,0.7073749125471528,0.0130154486586494,0.8524808510638298,3.5816302143754974,-0.34559541746272426,0.8497872340425532,0.6827093552237682,0.13317604070305275,706.703565957447,3.592060533432371,-0.8878991492135948,0.6051063829787233,-0.17376156983051647,721.6925733580019,3073.6075446808504,3.5585561383132736,-0.105678260980818,-8.817446808510638,-0.08378914036245373,3060.9875716003703,4903.698544680852,3.617661991259395,-1.051896998802087,59.1097072411963,0.29413628596390323,1440.3875992048488,1123.3874340425532,3.6888317352582547,-0.6593690351215424,-2.9727659574468084,0.2500955134398636,1138.7794465309898
arriba,01,01,036,arriba_p01_s01_r036,2,arriba_p01_s01_r036_w02,arriba/participante_01_sesion_01_rep_036.csv,47,31.25,1.504,1.1900404255319148,3.0861630552733073,1.5007697219374272,1.0651281633594243,0.748553270710951,0.05674986508854852,0.020200000000000003,2.734475289039673,1.6058479493266447,-0.017021276595744685,1.7366275408965977,0.020343108233117486,0.010010638297872342,3.084096640221154,3.047653362013346,0.010425531914893617,1.5528164831046691,0.010117206290471786,1.1598297872340426,3.054868249523259,1.3328661120179826,1.0468085106382978,0.38507141638258585,0.06541350601295098,400.033325531915,3.3123744264594635,0.14673510527625178,8.36404255319149,0.263306008955425,337.2516854764107,1946.220374468085,3.183571281672011,1.3848473255712506,-23.696170212765953,-1.4071363701901998,1414.814324144311,2872.258268085107,2.9624603786097246,0.25184282106191747,38.08959664067339,1.208126696061925,1452.34178487582,526.0045680851064,3.041575996018484,1.1289082745350445,10.137659574468083,1.2676672124463988,432.43313135985204
arriba,01,01,037,arriba_p01_s01_r037,0,arriba_p01_s01_r037_w00,arriba/participante_01_sesion_01_rep_037.csv,47,31.25,1.504,0.9996638297872339,3.332344767127117,0.9932951559482874,0.9556005744187731,1.048118406385589,0.08837161917421775,0.07991702127659575,3.2316681731726655,-1.688590259414553,0.11170212765957446,0.35688208869325794,0.06890573543015727,0.014068085106382976,3.378151005666195,1.1338984994787147,0.011914893617021275,1.1082737205158073,0.014228862164662348,0.9056787234042553,3.1629639164315373,-0.11002898764795699,0.8823404255319152,0.5528995289213582,0.12991831637372803,471.0441021276596,3.3999723454103106,-0.6309537054144965,-12.52468085106383,-0.6569045128706313,321.00639500462535,2712.408306382979,3.2123058221139815,-0.5259744998591982,22.98553191489362,0.8036651044517108,2231.553490471785,3581.0745510638308,3.489112119345216,-0.8950953917942375,43.77069125937538,0.6877730616843377,1701.4011624737523,397.6221425531916,3.164748023646566,-0.02611763338873674,-6.115957446808513,-0.6925003173332158,368.0480159111933
arriba,01,01,037,arriba_p01_s01_r037,1,arriba_p01_s01_r037_w01,arriba/participante_01_sesion_01_rep_037.csv,47,31.25,1.504,0.9385446808510637,3.7057834689205924,-0.4885060194775255,0.932890013510589,0.5032643480389039,0.06974483622900035,0.08416808510638299,3.625417905655145,-1.6117660737073827,0.18148936170212768,-0.037425581641603575,0.05234338575393154,0.0159,3.4388904306081813,0.6596324861377973,0.07340425531914894,0.7498223297278033,0.010740333024976872,0.8384765957446807,3.623842715843508,-1.0275405014142098,0.8553191489361702,0.22274542158375535,0.10922978723404253,525.9260510638298,3.595911055699554,-0.4145224425179075,-1.4306382978723406,-0.6265746149564906,535.2680061054579,3854.733940425532,3.750062385440757,-0.36520691918122594,-8.260425531914896,0.3157962566113656,3868.8145128584647,4972.119789361703,3.867690713057546,-1.389859510129432,58.81814589083185,0.23448585804692973,1545.42692731188,591.4597978723405,3.5812895243541463,-0.46848944165201845,-1.4797872340425535,-0.09229181243887705,602.0802456059204
arriba,01,01,037,arriba_p01_s01_r037,2,arriba_p01_s01_r037_w02,arriba/participante_01_sesion_01_rep_037.csv,47,31.25,1.504,1.1514914893617023,2.820475481787331,2.6140817251506085,1.057816462014367,0.2211463732432587,0.03322268774991592,0.02343617021276596,2.945174831434328,1.1325219733500456,-0.05170212765957447,1.6011955244060763,0.021214431082331175,0.006048936170212767,2.963049409829452,1.1926352416754424,0.027446808510638295,1.0627665098848431,0.005410730804810361,1.1220063829787235,2.7735805427902718,2.7637803343800567,1.0419148936170215,-0.08926463022477812,0.03721147086031453,175.0067,3.122253214341431,-0.12813960012304326,8.030000000000001,1.0698451449795632,112.92853478260868,2037.7531957446809,3.0101638508490747,0.23772096532172604,-25.92851063829788,-1.2932914698579245,1395.1495651248842,2458.641314893617,2.6532895484678813,-0.12149729167917789,31.2132107124627,1.205178212035174,1516.645852606783,245.8814191489362,3.0968022917335722,1.3054374173687453,7.555957446808511,1.538953085731366,192.8930333024977
arriba,01,01,038,arriba_p01_s01_r038,0,arriba_p01_s01_r038_w00,arriba/participante_01_sesion_01_rep_038.csv,47,31.25,1.504,1.086544680851064,3.5058105801342805,-0.4991365892262891,0.98230143755139,0.7954952295765569,0.12427266591022217,0.12228936170212766,3.411076758396699,-0.9163362590999338,0.2502127659574468,-0.48233071245440634,0.060980388529139666,0.015317021276595745,3.279107983707608,1.0084937298158447,0.06957446808510638,0.08542383491765197,0.010704162812210916,0.9489382978723402,3.678951023626124,-1.0314754904851118,0.8704255319148937,0.471512783061189,0.19545633672525436,856.182074468085,3.452248427199452,-0.5116469609636418,0.5010638297872348,-0.24253566671699794,874.5382053654023,6100.9249893617025,3.758766979466828,-0.5944114057553467,5.063617021276596,0.41834314987065496,6207.35618011101,7519.082648936171,3.72451930979796,-0.9727389681401766,73.28568380656732,0.3288246809886946,2194.9931805039187,561.975585106383,3.7426471610663565,-0.39597215651302475,3.3223404255319138,-0.08981383730897186,562.9145444033302
arriba,01,01,038,arriba_p01_s01_r038,1,arriba_p01_s01_r038_w01,arriba/participante_01_sesion_01_rep_038.csv,47,31.25,1.504,1.1360276595744683,3.0280358042287907,1.6742766359811654,1.0466157024972638,0.598080600331834,0.041506344574988745,0.033629787234042544,3.4245221721360473,-0.0001832762803766208,0.06553191489361704,1.068619681021423,0.029973080481036075,0.010491489361702128,3.3212295557047,2.0815323178857117,0.021063829787234034,1.3170867562571118,0.010266234967622571,1.0919063829787232,2.996898794833629,1.3315444754603796,1.017446808510638,-0.14539767841898862,0.05794116558741906,489.1254000000001,3.545110724573925,0.15227884183275053,10.575744680851065,0.6891948190773388,385.4807423681777,2349.5954212765955,3.1236931192122688,-0.19534218322203944,-31.123829787234047,-1.121889519995642,1410.9222632747458,3112.7202042553195,3.1952957062674163,-0.44845150631366737,40.75948025205606,0.9947208534982894,1482.9368210949103,273.9993829787234,3.08671266269805,1.8481817865862684,5.188085106382979,1.5056964350549966,252.45452886216464
arriba,01,01,038,arriba_p01_s01_r038,2,arriba_p01_s01_r038_w02,arriba/participante_01_sesion_01_rep_038.csv,47,31.25,1.504,1.0266787234042551,2.842589643760075,5.669260754019007,1.0124811386965473,1.4537162564304427,0.0015945947355642293,0.008291489361702131,3.439693310906198,-0.40459580239175086,-0.07851063829787235,0.9001354863811138,0.002173820536540241,0.0023787234042553194,3.3570524151852057,0.13624497181541573,-0.015319148936170212,0.1475064692552308,0.0021906567992599447,1.016008510638298,2.8672747554266125,5.079112470430438,1.0072340425531914,1.433231703503404,0.0015204440333024978,201.88329999999996,2.9034535552068332,4.642256042261167,-1.4768085106382978,0.748786286142258,204.04369176688255,79.92085319148937,3.323299483079694,1.5740526284806498,-4.889148936170213,-1.066528241101053,57.23483839037927,314.54838510638297,2.827762707334117,5.595140968285916,14.318553901591612,2.138182673652144,111.90842969258998,32.74423191489361,3.2022197054013004,3.372773739041005,-2.390851063829787,1.2533198387766291,27.6156296947271
arriba,01,01,039,arriba_p01_s01_r039,0,arriba_p01_s01_r039_w00,arriba/participante_01_sesion_01_rep_039.csv,47,31.25,1.504,0.9736,3.4292629918493236,-0.2434184334680678,0.9178226985001304,0.6796053782234878,0.13405370051180696,0.10748297872340427,3.2550168349356947,-1.3614664720892273,0.17510638297872338,0.373136123310465,0.07849074930619795,0.01631063829787234,3.220746628875276,2.068246331726767,0.08085106382978723,0.5479928540478431,0.009986216466234968,0.8498063829787236,3.4903431068126607,-1.05370130914878,0.7827659574468085,0.22665916979017114,0.24223783533765028,854.9453617021278,3.166528618538754,2.0288556640309707,6.382553191489362,1.2885396635585573,831.908558556892,6935.639491489363,3.2061250975298687,0.7191140293176002,-16.104468085106383,0.00974540855040435,6821.422242645697,8422.554361702127,3.201670097976558,-0.40853936672221725,66.57620082608376,0.920739997039871,4076.906537555508,631.9695085106382,3.2891066832722116,1.449355157847556,4.619787234042554,1.348151055079906,623.901576040703
arriba,01,01,039,arriba_p01_s01_r039,1,arriba_p01_s01_r039_w01,arriba/participante_01_sesion_01_rep_039.csv,47,31.25,1.504,1.232027659574468,2.596443777698941,4.071260529706003,1.0905367882810928,2.2458310060108886,0.04368667674046262,0.010359574468085107,2.9871200333147203,1.5234403869545696,-0.09595744680851065,-0.25906375543848853,0.0011767807585568919,0.005108510638297872,2.8810869079017034,6.293306450291583,0.0504255319148936,-1.5714575638400181,0.0026215541165587426,1.216559574468085,2.490868952303756,4.0791762996209355,1.0836170212765956,2.2472718366645936,0.043254024051803876,185.01176808510633,2.30201765140909,5.290765713373769,3.067021276595745,0.9090388614038633,179.42265180388532,1001.6455574468083,1.8453341043551563,10.108762589342406,-11.069361702127656,-3.1696499015780977,898.2259800185013,1220.1499276595746,1.7946634714099248,9.395974867653017,17.799774344717743,3.094932346470331,922.9553079135875,33.49260212765958,3.3233543529410796,1.7519284762970422,1.8980851063829787,-0.20151611324188132,30.53965494912117
arriba,01,01,039,arriba_p01_s01_r039,2,arriba_p01_s01_r039_w02,arriba/participante_01_sesion_01_rep_039.csv,47,31.25,1.504,1.0120744680851064,3.3689551863996083,0.6319553249781338,1.0055742458480164,-0.0646898578126909,0.0009143586108278502,0.0114531914893617,2.40804477828887,-0.635116981818181,-0.10617021276595746,0.12250666893638829,0.00018501387604070305,0.0027212765957446814,3.090159376872794,-0.3875258464670721,0.04702127659574467,0.1555525214416304,0.0005213691026827013,0.9979,3.2508030862556105,0.6513008526861261,0.9985106382978725,-0.06843562248557161,0.0008955596669750245,7.615608510638298,3.6512247685627197,-0.20636845538281,0.2548936170212766,0.35935783911533825,7.714782053654022,12.314425531914894,3.271114116944615,1.5591256704404914,-0.46085106382978724,-0.9701410787737135,12.365129694727102,29.90554042553192,3.4779969079227993,0.5602495926268531,4.843255285943582,0.7491193447747914,6.588601675074767,9.975506382978725,3.4804623951805302,0.764821367520824,0.9106382978723405,-0.0247200357370938,9.3450756706753
arriba,01,01,040,arriba_p01_s01_r040,0,arriba_p01_s01_r040_w00,arriba/participante_01_sesion_01_rep_040.csv,47,31.25,1.504,0.9785574468085104,2.9570192204645034,2.278489941040445,0.9313367631496754,1.7741763303514024,0.11358600390166566,0.19894680851063834,3.2965219076466123,-1.5146372654907525,0.2857446808510638,-0.4752961342969066,0.11984671600370027,0.01415531914893617,3.351080608004484,0.9130133866153756,0.051702127659574465,0.28324640005680396,0.011731822386678999,0.7654553191489362,3.4200671725827365,0.28018771553404465,0.7489361702127658,1.02347670551224,0.20899666975023132,711.7499851063831,3.575449489791384,-0.7665844985308068,-13.649574468085108,-0.18181901944350592,536.861691119334,6013.322702127661,3.4963993448920014,-0.418532610118556,22.476170212765954,0.5503457235522589,5627.88674588344,7353.015304255319,3.6563062782973472,-0.5028975503746755,69.12606840782543,0.5541316107623352,2630.5715787913487,627.9426170212769,3.714088990741086,-0.6328441587762823,-1.64808510638298,0.141828384269768,638.8183114708605
arriba,01,01,040,arriba_p01_s01_r040,1,arriba_p01_s01_r040_w01,arriba/participante_01_sesion_01_rep_040.csv,47,31.25,1.504,1.0220510638297875,3.39664889417632,-0.1953542634029577,0.967394379302069,0.8628524376141534,0.08807307391421645,0.1628531914893617,3.6202780137362907,-1.640987608812556,0.30148936170212765,-0.03904343531680444,0.07352164662349676,0.030906382978723407,3.4253575997207557,0.6011984196219471,0.07787234042553191,-0.537785388208634,0.02538233117483812,0.828291489361702,3.6228018831782496,-1.1152639190084632,0.8027659574468088,0.2997931898363249,0.18785522664199816,654.5316276595745,3.55513845910238,-0.916990396173821,3.322340425531915,-0.4444327346198729,657.4826748381128,3397.538253191489,3.672770299042011,-0.738679619658186,-25.61808510638298,-0.5822181541838141,2800.8444027752084,5375.0765382978725,3.6607647901734994,-0.18738674902665098,64.19191161842966,0.647017763216315,1281.7462171797947,1323.0066574468085,3.8256871289929273,-0.6801133357370723,12.498936170212765,0.13350462170806335,1192.1481053654027
arriba,01,01,040,arriba_p01_s01_r040,2,arriba_p01_s01_r040_w02,arriba/participante_01_sesion_01_rep_040.csv,47,31.25,1.504,1.2792531914893617,3.2737301394215113,1.2422248699803529,1.1127452447270265,1.1560817750348735,0.0419436294751595,0.017476595744680853,3.5173844695105214,0.015668518573217494,0.08382978723404255,0.360002256039711,0.010676318223866789,0.042621276595744675,3.764398096626198,-0.692642444033889,0.060000000000000005,-0.17068127455169577,0.03986956521739131,1.219155319148936,3.303236989377103,1.0843330745218767,1.0836170212765956,0.9719377765954434,0.04590619796484736,585.8574276595745,3.567693575395634,0.760019534689667,8.503617021276595,-0.894057700736808,524.70996706753,2450.2883638297876,3.1510167897472527,0.9130419945808028,-17.20659574468085,-1.3376138925628127,2201.052327289547,4302.2287617021275,3.384093777883066,0.07481122480802549,53.212849159989375,1.0267711161094268,1502.591477412657,1266.082970212766,3.465294768733221,0.685785888591123,10.977021276595744,-0.09363689413328871,1170.4920604995373
circulo,01,01,001,circulo_p01_s01_r001,0,circulo_p01_s01_r001_w00,circulo/participante_01_sesion_01_rep_001.csv,47,31.25,1.504,1.046495744680851,3.4123986753350635,-0.17979028194226654,1.015527875599689,-0.0705889730488983,0.0155292889643302,0.07145106382978725,3.4531387246455454,0.09442129527185639,0.16425531914893612,0.11953560152071252,0.04543802035152636,0.2726382978723404,3.135790781115717,-1.2881563424709532,-0.21106382978723404,-0.10799723610539017,0.23304884366327477,0.7024063829787233,3.0708674299983847,-1.931238189342578,0.14021276595744678,0.016129850653130644,0.6975890841813136,65568.74457234044,2.967610659359713,0.9685050761680296,-138.92914893617024,-1.2922377982563191,47273.249977520805,5468.942865957449,3.2981261324220994,-0.8886365043167519,36.509148936170206,0.4675366863008035,4225.938494912119,79267.73013404255,2.9760048218923028,0.6683246781882368,185.759210987679,1.2557455323292732,45734.31622526179,8230.042695744683,3.288494845083815,-0.6982189514256882,-51.58148936170212,-0.40017631273770987,5690.466404255319
circulo,01,01,001,circulo_p01_s01_r001,1,circulo_p01_s01_r001_w01,circulo/participante_01_sesion_01_rep_001.csv,47,31.25,1.504,1.0375574468085107,3.5938446406474003,-0.2536637978304972,1.0082757073780992,0.1935326196944787,0.021392708735349774,0.0984127659574468,3.401196046764569,-0.7213805584189847,0.211063829787234,-0.4926752237712874,0.055035800185013875,0.3730489361702128,3.720954607690743,-1.150369131075805,-0.2248936170212766,0.4756466880508051,0.3294820536540241,0.566095744680851,3.3323673035186676,-0.5012475499257332,-0.3304255319148935,0.994270058269757,0.46684764107308047,102107.38317234043,3.3792945759855626,0.679990684442731,92.58234042553191,-0.9865777546721122,95569.28240092506,6229.2003893617,3.4204662447883147,-0.6299470370909312,2.3427659574468076,0.7313244223016407,6359.009920444032,114421.71228297871,3.365357937005699,0.1782440935935634,285.4502742060431,0.5220096851471541,33655.93700473167,6085.1287212765965,3.418341447551935,0.18551765111059426,-33.28744680851063,-0.34481679638996016,5085.271880296023
circulo,01,01,001,circulo_p01_s01_r001,2,circulo_p01_s01_r001_w02,circulo/participante_01_sesion_01_rep_001.csv,47,31.25,1.504,1.028427659574468,3.1476682911566143,2.0754747745429594,1.00826400928862,0.45664133374473825,0.012088550346569088,0.0676191489361702,2.8084664605959793,2.243893425331475,0.23723404255319147,-0.649122882340755,0.011585661424606843,0.2741063829787235,2.9893032127353276,-0.5426370394935414,-0.18978723404255318,0.981846433793212,0.2432629972247919,0.6867021276595744,2.851019652085341,-0.2404315250349014,0.41659574468085103,-1.1970697184705372,0.5243055504162812,61072.83256595744,3.169946297749648,-1.618037257082861,168.3472340425532,0.3774428669721983,33443.60747261794,1748.8900723404263,3.220746628875276,1.614681324726103,-24.48170212765957,-1.1582698573914676,1174.5262535615173,63738.5443106383,3.026863535202158,-1.6349681535549403,181.08266389533898,0.3821725701745513,31620.387346058284,916.8216723404254,2.672354341411077,6.244670825852598,-4.887234042553192,1.66383436055507,912.3482813135981
circulo,01,01,002,circulo_p01_s01_r002,0,circulo_p01_s01_r002_w00,circulo/participante_01_sesion_01_rep_002.csv,47,31.25,1.504,1.090314893617021,3.6616550876195935,-1.071107679696789,1.0160167627009564,-0.009674099226043254,0.05928624090872633,0.14408723404255316,3.591170235986277,-1.0359810777739766,0.33468085106382983,-0.3314138244005653,0.032773265494912114,0.23208297872340425,3.636738522158113,-1.2938566450199618,-0.14489361702127662,0.30700492637680676,0.21567770582793708,0.7141446808510638,3.7727036184466916,-1.5716017561526112,-0.09914893617021271,0.11398133369525323,0.7196253469010175,131975.80707234042,3.7188298104543622,-0.6751567559428504,28.48936170212765,-0.4928686442821092,134015.55819740982,13597.376842553194,3.703658671684212,-0.9005981390339755,14.390212765957445,0.5924066799327853,13681.392067345052,150563.44584893616,3.7753196409235876,-0.8145811693037941,326.51441982315765,0.19571893421393832,44907.25296379779,4990.261934042553,3.355477225373568,-0.33180567228599545,-45.57808510638297,-0.18880454299986027,2976.224007123034
circulo,01,01,002,circulo_p01_s01_r002,1,circulo_p01_s01_r002_w01,circulo/participante_01_sesion_01_rep_002.csv,47,31.25,1.504,1.0215914893617024,3.3885813247230687,-0.04024870389330015,1.00044674395814,-0.0015864559303256159,0.021147754079720096,0.13094893617021275,3.0984648986932877,-0.48589778215955537,0.3446808510638298,0.969587551493574,0.012408048103607775,0.23354042553191498,2.9116016652998695,-0.23572647766652866,-0.23531914893617023,1.1628447099163075,0.18203848288621644,0.6571021276595745,2.716347437771276,1.8092551439444318,0.5421276595744681,-1.7397526876534641,0.3710953746530989,60519.03211063828,2.4079561375767735,-1.019768443640986,139.1212765957447,0.8608200549816681,42059.178650508795,2995.14404680851,3.131880653100289,0.32439161193352284,-30.05744680851063,-1.0252372659951456,2137.1655455134132,64462.05807021276,2.4991382187266784,-1.0518501470401258,161.32634385992918,0.8383959516872159,39271.4312132398,947.8819127659574,3.4727064807847796,-0.956859489032782,-16.497659574468084,-0.4064530536037785,690.3984704902869
circulo,01,01,002,circulo_p01_s01_r002,2,circulo_p01_s01_r002_w02,circulo/participante_01_sesion_01_rep_002.csv,47,31.25,1.504,1.0055957446808512,2.8273375864141466,6.590265383501766,1.0019195764046418,1.4079272107960745,0.0017910137740379405,0.08108723404255316,2.7635459974329915,1.1768837694328003,0.2840425531914894,-1.1567550250965681,0.00041591119333950005,0.1914553191489362,2.998990257242431,3.837905380433549,-0.43531914893617013,-1.5914003423555554,0.0019950046253469004,0.7330531914893617,3.119816762047551,1.6348235522685632,0.8551063829787233,-0.08080118319589626,0.0018864014801110085,90.74682127659575,2.9920697704313883,5.862979643211897,-6.934468085106382,-2.0453368463311525,43.58736438482887,57.085212765957436,3.2858826711863456,1.4689045531189846,3.5136170212765965,1.3010012535801112,45.712310545790935,168.55033404255317,2.956216340166487,4.031871532733669,9.957961444628255,1.9841692343018258,70.89780177745578,20.7183,3.0808726281352876,2.4599003409202744,0.05765957446808518,0.9593335850568193,21.16530092506938
circulo,01,01,003,circulo_p01_s01_r003,0,circulo_p01_s01_r003_w00,circulo/participante_01_sesion_01_rep_003.csv,47,31.25,1.504,1.1036872340425532,3.410035925731441,0.19648600125082183,1.0321699881943482,0.037139489801750865,0.039145226676767446,0.07941276595744681,3.660215182748757,-0.44479357253414564,0.19446808510638303,-0.2204669595502368,0.042499167437557814,0.20749787234042558,3.658980682958471,-0.8820891908237729,-0.03872340425531916,0.16926655794963197,0.2104765957446808,0.8167765957446812,3.5104639826994797,-1.6761621676185006,-0.058510638297872376,0.23915190608266218,0.8310346901017579,121557.39516808509,3.3515718332449995,-0.024436345724034414,-36.84872340425532,-0.2708694756938282,122812.60081137836,10471.392727659575,3.495142308710164,-0.7467461863515994,27.780425531914904,0.5712078331207254,9910.50243894542,140356.9649723404,3.3163058673024235,-0.1801830999902858,284.62316190975616,0.6264310268179936,60636.764604590375,8328.177076595743,3.4513581297533578,0.4439140973690079,-60.77914893617021,-0.8865118874810567,4734.812829694728
circulo,01,01,003,circulo_p01_s01_r003,1,circulo_p01_s01_r003_w01,circulo/participante_01_sesion_01_rep_003.csv,47,31.25,1.504,1.0987638297872342,3.5989845325662553,-0.35970730853234745,1.0358894854298832,-0.24117605374545711,0.026255429931807902,0.05769574468085106,3.3570524151852053,-0.23708961592428723,0.16574468085106384,-0.46733061759136585,0.03088149861239593,0.2864765957446809,3.2903411830624982,-0.23621072534503273,-0.22255319148936173,1.0577003821870552,0.2420976873265495,0.7545914893617023,3.258796953018604,-1.8456822686499825,0.037021276595744654,-0.19547263732723996,0.7695952821461612,70938.80601914895,3.434952491192921,-0.8413162750011893,139.40617021276597,0.3220221471470129,52624.39367631823,5074.886363829786,3.1588636336139224,1.3416370100474149,-10.990000000000002,1.0918886766227867,5061.804226086956,78701.02887234042,3.3836947056774878,-1.3036714205968027,207.72361815921525,0.49691488553899954,36324.79531664551,2687.3364893617018,3.48046239518053,-0.3144443138783477,-34.69404255319149,-0.010935587094974237,1515.9133767807582
circulo,01,01,003,circulo_p01_s01_r003,2,circulo_p01_s01_r003_w02,circulo/participante_01_sesion_01_rep_003.csv,47,31.25,1.504,1.0064723404255318,2.980646612062349,2.3624203007260656,0.9971841501247153,-0.7749416272470913,0.012359070103963768,0.06124680851063829,2.6672434844560735,3.766788033472631,0.23702127659574476,2.107752835035254,0.005177890841813136,0.20051914893617018,1.9872234245806601,8.109606342029286,-0.34936170212765955,2.813329929022329,0.08017132284921369,0.7447063829787235,2.624159643931212,6.3774913739890025,0.8506382978723405,-2.2462400263069537,0.02158001850138761,22249.918740425528,1.7466370090710086,3.6425072298640373,59.22510638297873,2.1641752108517,19149.746938575398,892.7542893617023,2.5517693012960403,0.9171215177995111,-12.061702127659574,-1.4695984887911624,763.5146231267346,23825.953742553193,1.6923568177824495,3.5217608153929776,74.97978821628291,2.136663274487368,18599.723908150954,683.2807127659574,2.857943651219225,0.718027824458332,-12.717659574468083,-1.40154721212026,532.8797139685477
circulo,01,01,004,circulo_p01_s01_r004,0,circulo_p01_s01_r004_w00,circulo/participante_01_sesion_01_rep_004.csv,47,31.25,1.504,1.0875936170212765,3.174284532934505,1.6021240340527694,1.027510580566838,-0.5834733883182412,0.03250726784109492,0.10192978723404254,3.509078947690028,-0.35928214801403513,0.2768085106382978,0.20883734377766988,0.02585698427382054,0.225631914893617,3.416766257740297,-0.7707613734905316,-0.053404255319148934,0.5545314014772461,0.22762294172062902,0.7600319148936173,3.2050519313947747,-1.6536945890624313,-0.048297872340425534,0.16320740682696697,0.7741709528214618,131224.87158297873,3.1352995558752013,-0.26488020301117965,-38.065531914893604,-0.446875042012106,132597.1017948196,4201.29414893617,3.5539948887830124,-0.2922825338152304,13.053617021276592,0.23337063417683024,4118.5254322849205,140812.91178510644,3.427354398129522,-0.7303379749325956,279.8144223193054,0.5658037851420542,63875.86173520284,5386.7460531914885,3.442708405588672,-0.40070794202370763,-53.98404255319148,-0.6532408130038094,2526.2185333024977
circulo,01,01,004,circulo_p01_s01_r004,1,circulo_p01_s01_r004_w01,circulo/participante_01_sesion_01_rep_004.csv,47,31.25,1.504,1.0788829787234042,3.465294768733221,0.22568493983010285,1.023309887818579,-0.22360334626900594,0.032409414220829935,0.06901063829787234,3.652459268353006,-0.43827987586957784,0.22829787234042553,0.4582603837858613,0.017257909343200737,0.24732553191489368,3.330927398647831,-0.36331889820218066,-0.2006382978723404,0.9699977655993285,0.21157132284921368,0.7625468085106382,3.2985883226987642,-1.7351531125607822,0.0648936170212766,-0.22551116325695775,0.7748211840888066,70563.06209148937,3.003390386934356,-0.5312788346690138,128.99468085106386,0.0018817009067241444,55095.68297761332,4210.53369787234,3.525689991331015,0.3693431668446987,-13.714042553191488,0.7136851535229498,4109.903489824236,78896.00555957448,3.408460735919803,-1.5691978697148325,212.1912444985737,0.34456440021583556,34607.20482462798,4122.409770212766,3.648550363901596,-1.3065830968035315,-46.450212765957446,-0.17372682512565965,2007.5002760407035
circulo,01,01,004,circulo_p01_s01_r004,2,circulo_p01_s01_r004_w02,circulo/participante_01_sesion_01_rep_004.csv,47,31.25,1.504,1.0106106382978726,2.968929951282669,1.9111655990288874,0.9977946220175987,0.17162634103537439,0.015342976887382388,0.06879148936170212,2.672101068537804,4.9347826736534826,0.25106382978723407,2.1643225897493625,0.005883626271970399,0.1597404255319149,2.0011354522270075,8.084122485385913,-0.32085106382978723,2.6353463936306425,0.05802969472710454,0.7820787234042553,2.691606593913384,6.416507106673254,0.8665957446808511,-2.1940450362972554,0.03176641998149861,19395.324859574466,2.2014630577490157,3.831609199403502,52.394468085106375,2.2340378200470328,17012.104238297878,1272.4042914893616,2.7887412927292883,1.0626607613116654,-14.074255319148934,-1.5225696340081176,1097.6744032377426,22245.01755957447,1.6988464380395005,3.0556213235461307,72.2531380726919,2.073956800935089,17394.59945905392,1577.288408510638,2.718355470639202,1.080352224835142,-16.455319148936166,-1.595208412547393,1334.913290656799
circulo,01,01,005,circulo_p01_s01_r005,0,circulo_p01_s01_r005_w00,circulo/participante_01_sesion_01_rep_005.csv,47,31.25,1.504,1.0477510638297869,3.4793188248611626,-0.3853821153582331,1.0040076047552966,-0.2928765782582269,0.040583267193391774,0.07615106382978723,3.279599208948124,0.9875840696935283,0.2529787234042553,1.07737360766562,0.012417021276595743,0.8373808510638298,3.2954810749813523,-1.1133762031518362,-0.3836170212765957,0.7148681479895357,0.7052235892691953,0.1342191489361702,3.7970705764834296,-1.2270385975951095,0.2648936170212766,0.21079161306734745,0.06544292321924146,92512.23008723404,3.291513788345716,0.0710965052656074,-10.163617021276599,-0.6763219486347607,94417.82078011101,3500.4090936170205,3.2712936871276304,2.6378632935289765,32.79659574468085,1.6536290543743706,2477.50527946346,104721.70588297873,3.212305822113982,-0.8807691975675214,245.69480049254292,0.5975770456898596,45320.02678290626,8709.06670212766,3.129610056531604,1.5549320354577656,-24.73361702127659,-1.5551281536553843,8273.343475763184
circulo,01,01,005,circulo_p01_s01_r005,1,circulo_p01_s01_r005_w01,circulo/participante_01_sesion_01_rep_005.csv,47,31.25,1.504,1.0751042553191488,3.503997437955401,-0.5085811046050472,1.0107339533531696,0.1476857009097579,0.05468463370296578,0.08732978723404257,3.511753352351151,1.0820543800087297,0.2810638297872341,0.869390198983218,0.008514061054579093,0.4944659574468085,3.5451107245739255,-1.1680258088601845,-0.3023404255319148,0.06141618360776878,0.411818316373728,0.49330851063829784,3.646769769009409,-1.245437228050699,-0.3402127659574468,-0.1262822301186017,0.38577169287696583,118565.5988851064,3.4044048085720706,-0.2644681320625013,-136.9655319148936,-0.5563394529783605,101975.73851655873,1525.4543255319152,3.3008005370832225,1.5419225044251164,15.59212765957447,1.4475853728205417,1310.216834505088,121491.9012787234,3.006749683961022,-0.4513091700896634,244.7421748463969,0.9095071119354136,62932.15106779169,1400.8480680851064,3.4092926511816706,0.41236472733421614,-0.657446808510638,0.10878715384165336,1430.8596542090659
circulo,01,01,005,circulo_p01_s01_r005,2,circulo_p01_s01_r005_w02,circulo/participante_01_sesion_01_rep_005.csv,47,31.25,1.504,1.0744510638297875,3.4273543981295225,1.0069689804928812,1.0208155349424273,0.45514467096499306,0.03309076630760186,0.09785531914893617,3.087602960144144,4.136919371181246,0.30553191489361703,1.0146283683145343,0.0046035152636447725,0.21200212765957444,3.3757882560625725,-1.208295188535105,0.20574468085106387,0.5552017863506568,0.17335975948196114,0.7645936170212767,3.569477682610663,-1.5564269686844696,-0.12617021276595747,0.16564667620682347,0.7649502312673452,85656.66204893617,3.083913771532154,2.7386310394105067,60.157659574468084,-1.4508770760147633,83821.14669657727,1494.1806106382978,3.0268635352021582,2.4782544200468637,3.4227659574468086,1.7741641754525226,1514.6927900092503,87990.0859,3.0466249584664196,1.5656989267212147,213.9092586434126,1.2865505680885507,43151.02181372617,839.2432404255318,3.256434203414981,1.253580087802372,-17.35510638297872,-1.2134203346338102,549.7401211840888
circulo,01,01,006,circulo_p01_s01_r006,0,circulo_p01_s01_r006_w00,circulo/participante_01_sesion_01_rep_006.csv,47,31.25,1.504,1.0153936170212767,3.742306471045006,-0.4451573011009793,1.0075433748161613,0.5885401727047759,0.0002553989045830967,0.1646617021276596,1.2109841580748322,-0.7136175180130628,0.4057446808510637,0.39452953939398566,3.36725254394077e-05,0.00048297872340425534,2.4272122386585075,1.0544930062368971,0.01680851063829787,0.7803063786362306,0.0002048103607770583,0.8502489361702129,2.7350248964644157,-0.5183374559927154,0.9219148936170211,0.5473486790517648,0.0003288621646623488,6.388823404255318,3.423082267265211,0.30573241015477226,0.3870212765957447,0.020363026781133706,6.374669195189639,4.343365957446808,3.3583094513670426,0.2846827313622402,-0.032765957446808575,-0.25432949647164294,4.436690009250693,12.608672340425533,3.400990641684018,0.9710944747476153,3.1850395438035295,1.0942376725181824,2.5177649110253655,1.8764829787234043,3.3471717035530744,0.6272619171712042,-0.1338297872340425,0.21602316961611903,1.8989763182238664
circulo,01,01,006,circulo_p01_s01_r006,1,circulo_p01_s01_r006_w01,circulo/participante_01_sesion_01_rep_006.csv,47,31.25,1.504,1.0263170212765957,2.394955304849237,2.8553988910600445,1.0063646197743634,0.16037337956502196,0.013841779285235431,0.15839999999999999,1.8265060125075854,4.856507564457357,0.37659574468085105,-1.8874060440794027,0.016935985198889916,0.14318085106382977,2.022673958060616,2.8292636068078263,0.0006382978723404048,-0.5234606852056922,0.14629306197964848,0.7247361702127659,1.9122542538812557,-0.03701798642517273,0.5672340425531915,-1.3260854973522327,0.4117421831637373,81126.73603617022,2.2362568225197856,0.4723110578453351,-151.78106382978723,-1.4048776490319572,59352.05436623497,3111.3718446808516,2.7213044610011305,0.6376690954177362,25.924042553191494,1.413752000167803,2492.344468085106,88482.60708723405,2.0925358118354564,0.19389829902529954,163.71440199742443,1.3059917149791775,63021.07561511758,4244.499206382979,1.9994854340963593,-0.5603695315314488,-36.56787234042553,-1.0400245933264243,2970.4918736355226
circulo,01,01,006,circulo_p01_s01_r006,2,circulo_p01_s01_r006_w02,circulo/participante_01_sesion_01_rep_006.csv,47,31.25,1.504,1.0259021276595746,3.303728214617619,-0.16165426687203954,0.9996143701167464,0.22848062257474977,0.027253091731233085,0.12654468085106382,3.3848012066401605,-0.6693113595165676,0.2889361702127659,-0.6974857381212627,0.04399666975023127,0.33405957446808515,3.5759990972161275,-1.070833096578068,-0.07446808510638298,-0.12746453951207634,0.33565568917668825,0.5652978723404255,3.329728744650221,-1.6783647154091426,0.005957446808510644,0.12697557461317052,0.577550693802035,158474.16009361704,3.559937660999883,-0.8745618232358581,8.834893617021276,-0.2282484126490233,161839.49832987975,8872.779963829787,3.857260394000672,-0.9386861485606568,-15.809574468085106,0.008315205822814649,8810.290304162812,172670.29121914896,3.703658671684212,-1.3898161191732654,339.4007015871049,0.025319073318474286,58726.964872228375,5323.351161702128,3.62843300033762,-0.7728459847136389,-33.747234042553195,-0.1426729026371947,4275.44221174838
circulo,01,01,007,circulo_p01_s01_r007,0,circulo_p01_s01_r007_w00,circulo/participante_01_sesion_01_rep_007.csv,47,31.25,1.504,1.0178765957446807,3.3359094692343345,1.9207513782303742,1.008627672669788,-0.802449519755362,0.0005587009230902275,0.11692553191489358,2.6298236863132662,0.012431556939917154,0.3414893617021277,0.7778517596690203,0.0003172987974098055,0.001059574468085106,3.1900962086003166,-0.23632100173460424,-0.009361702127659575,0.7788801122435031,0.0009930619796484736,0.8998914893617023,3.068584811429653,1.6472545993014407,0.9482978723404255,-0.7589346535155116,0.0006361702127659567,48.935474468085104,3.1648354407946444,2.7145768908524017,-3.1908510638297867,-1.2274491232005114,39.59642099907493,12.440893617021276,3.717595310664076,-0.3093383941094823,0.3421276595744682,-0.18677418897803905,12.591751896392227,75.62178085106382,2.931671035510753,4.902254869323292,7.33180438578545,1.8901403838253599,22.341782371372396,14.245412765957441,3.4683098634156955,0.40562725083269724,0.06468085106382972,-0.3912609295689812,14.550821091581868
circulo,01,01,007,circulo_p01_s01_r007,1,circulo_p01_s01_r007_w01,circulo/participante_01_sesion_01_rep_007.csv,47,31.25,1.504,1.056540425531915,2.535649482895569,6.205967155702869,1.018826475011887,1.633358551929591,0.018935931506480475,0.11435531914893615,2.2056204991868387,5.193951854911894,0.29340425531914893,-2.124378527066796,0.028883811285846443,0.23116382978723402,2.2755311320618956,1.299437692852596,-0.047872340425531915,-0.7087501308795341,0.23384754856614245,0.7110212765957448,2.439557937509306,-1.0044100486088854,0.475744680851064,-0.9343968015361898,0.49522497687326544,78399.20274042554,2.9703114739692786,0.2897913128205092,-158.36212765957447,-1.2857737622428875,54479.783595374654,3524.634714893618,2.5416914102160404,0.4375931059716063,27.465106382978725,1.331066619107065,2830.5266168362627,86887.67957446807,2.600306037921646,0.14553076795663378,176.3580237802933,1.2319982149659177,56998.255871098816,4963.842119148936,2.6693509846841255,-0.5400026957562298,-38.34340425531914,-1.0357407280168929,3569.5738490286767
circulo,01,01,007,circulo_p01_s01_r007,2,circulo_p01_s01_r007_w02,circulo/participante_01_sesion_01_rep_007.csv,47,31.25,1.504,1.0201553191489363,3.253759798753858,2.681992283552125,0.9970606870854767,1.2332132447082733,0.026591072926651096,0.11535106382978721,3.0843345925883967,1.0180671463084678,0.27340425531914897,-1.163552057160953,0.04148381128584644,0.3885553191489361,3.6185522887054895,-0.8051301354362206,0.03893617021276596,-0.5209160198273374,0.3954531914893617,0.5162489361702127,3.6315986302392593,-1.4986719519130176,-0.06276595744680852,0.2516778366219805,0.5234465309898242,135968.84344468085,3.8495044796049216,-0.9924031197059642,-3.592553191489355,-0.413009259253988,138911.5008542091,6651.505514893618,3.657540778087634,-0.5139986312344913,-5.26212765957447,0.35224836870974274,6767.811517113784,147963.9779829787,3.573874299979747,-0.6230021572348403,331.3877862235963,0.24019516661344245,38975.376453602825,5343.629023404255,3.3915090022574654,-0.7727231293488637,-28.2031914893617,-0.8129392444620909,4647.083122201665
circulo,01,01,008,circulo_p01_s01_r008,0,circulo_p01_s01_r008_w00,circulo/participante_01_sesion_01_rep_008.csv,47,31.25,1.504,1.0342382978723403,2.8699491600877356,2.9735237989523267,1.005824574837286,0.27844021936505287,0.023045553450205782,0.13134042553191488,2.750595107440144,3.4024093172369483,0.35148936170212763,-0.8192118804698942,0.007965124884366327,0.1451531914893617,2.2648483276726354,3.9189769886252677,0.024680851063829827,-1.989261786207777,0.147686308973173,0.757744680851064,2.378893868632993,0.18730726953331267,0.6123404255319149,-1.381163748613315,0.39110527289546715,94131.55172553193,1.9054447026494046,2.4349573434581675,-148.82276595744685,-1.9025462203945995,73548.19119000925,1914.9126255319152,2.1246586842679447,3.5338506186116128,19.116595744680854,2.1068591134485293,1583.1524881591122,103594.37887234043,2.0155468703126034,2.265735010694474,163.32071655630975,1.8539954224079631,78592.91203361034,7547.914521276597,2.4353135789624685,0.8819933771350046,-45.955957446808505,-1.4936622656721066,5554.137637650325
circulo,01,01,008,circulo_p01_s01_r008,1,circulo_p01_s01_r008_w01,circulo/participante_01_sesion_01_rep_008.csv,47,31.25,1.504,1.0123489361702127,3.5807399169294034,0.32533034640845493,0.9873422066251146,0.5908449086676182,0.03831961412570677,0.16241702127659574,3.416216650315554,-0.30541549768447585,0.3817021276595745,-0.4653484079610667,0.01708399629972248,0.2810148936170213,3.705783468920593,-0.6383418170938624,-0.030851063829787237,-0.6287601236780536,0.28615143385753933,0.5689170212765956,3.6337234274756387,-1.44873385601628,0.07212765957446808,-0.07479541600154246,0.5759692876965773,165642.57027446807,3.537695500199526,-0.06648136402194593,16.091702127659577,-0.6888778466269168,168978.92364486586,4382.893691489361,3.4935671188985267,0.08138647534723686,-14.052978723404255,0.7401007577705592,4276.394599629973,178758.55597872342,3.532613990464898,-0.3102516335983756,330.6046610146498,0.6548271488622752,70969.09483528821,8733.09201276596,3.556119686019393,0.11084007733865064,-47.68936170212766,-0.7990701964529251,6599.225853931546
circulo,01,01,008,circulo_p01_s01_r008,2,circulo_p01_s01_r008_w02,circulo/participante_01_sesion_01_rep_008.csv,47,31.25,1.504,1.037340425531915,3.447195952428675,0.7932679338470718,1.0076536794078181,0.7342509639557481,0.02245219416666623,0.12195106382978724,3.361108342532938,-0.747131722803374,0.3257446808510638,0.7702932430997365,0.01618584643848289,0.21691276595744682,3.2716053421851305,-0.17206056682879867,-0.1912765957446808,0.7741594010524863,0.18424616096207214,0.6984765957446809,3.1670159951998436,-0.41950870253914374,0.3991489361702128,-1.0194592156296927,0.550877520814061,71983.07368936168,2.9417571522234343,-1.0336682225317564,162.2357446808511,0.8119771865630606,46655.30285541165,2783.275819148936,3.7718133210005975,-1.2199120309524478,-33.11042553191489,-0.16731142385054212,1723.6489215541164,76393.19903617022,3.1169627872034127,-0.9524042892879585,189.86972533807614,0.8399525820600204,41219.70135874012,1626.849527659575,3.4955090474459074,-0.08194895339548047,-5.0365957446808505,-0.13969858873859445,1636.2970620721558
circulo,01,01,009,circulo_p01_s01_r009,0,circulo_p01_s01_r009_w00,circulo/participante_01_sesion_01_rep_009.csv,47,31.25,1.504,1.0402872340425533,3.3044940255589403,1.5128986619946305,1.0112940593461148,-0.31199806364841126,0.017953549999327648,0.09023404255319148,3.554306543840513,-0.7469834207747161,0.25574468085106383,-0.23674993988177373,0.025368455134135066,0.2390829787234043,3.3294170895927206,-0.8885918020543229,-0.12659574468085108,-0.38216641098048787,0.22790555041628124,0.7109702127659574,2.6259437511462407,-1.8369516987672463,0.21617021276595744,-0.21030357020062973,0.6786806660499538,67164.55969361702,2.8852673217542093,0.0450042546975542,-118.66042553191491,-0.3017074514262464,54238.26882590195,5817.064523404255,3.4283726944032304,-0.8296339354019424,25.477021276595742,0.27685040779438486,5280.333430064754,78318.6000106383,3.2285609254552536,-0.935106514814084,190.2599653165142,0.7774536172233107,43035.39225205793,5336.975793617022,2.9968032292423965,-0.8036804860097901,-45.51893617021278,-0.8110608625337555,3335.9805531914894
circulo,01,01,009,circulo_p01_s01_r009,1,circulo_p01_s01_r009_w01,circulo/participante_01_sesion_01_rep_009.csv,47,31.25,1.504,0.9989000000000001,3.4978167133712876,-0.33065880408646775,0.9890400176727578,-0.2683986767606785,0.02114984003843296,0.1076404255319149,3.710183598612518,-0.9281836512154107,0.2814893617021276,-0.43726567279750084,0.02902164662349676,0.3286595744680852,3.6589806829584703,-1.3573943967295348,-0.07234042553191489,-0.008538498339033682,0.3304574468085106,0.5626,3.452739652439967,-1.3259830351887674,-0.14085106382978718,0.4297544680175356,0.5545601295097133,110473.28094042552,3.4566450445685355,-0.8807898547738162,58.216170212765974,-0.4620427259974483,109412.0749545791,6479.312846808509,3.5743059194720175,-0.940920255827495,5.343404255319149,0.5906517343716191,6590.994809898241,121773.6949276596,3.677166916411095,-1.455521829540257,293.38997869876613,-0.10448986652575078,36472.01565998838,4821.101140425532,3.55163213917939,-0.2515665605503541,-40.18936170212766,-0.7563782347358039,3275.610180018502
circulo,01,01,009,circulo_p01_s01_r009,2,circulo_p01_s01_r009_w02,circulo/participante_01_sesion_01_rep_009.csv,47,31.25,1.504,1.0262340425531915,3.5218720163505246,-0.0045488844286492025,1.0078470503441908,0.07395649157000131,0.010706156223656296,0.10386808510638298,2.894865725549216,1.1260066400317594,0.3136170212765958,-0.05868824132492368,0.005632284921369105,0.11769574468085106,3.0752415109759177,-0.46969259539072095,0.0848936170212766,0.8981355444995367,0.11289074930619794,0.8046702127659577,2.6711233539436323,1.1617852080514597,0.5682978723404256,-1.5909248798558742,0.4921796484736356,59123.56454893617,2.335106177353345,-1.4333685491048154,140.87063829787235,0.6671935177032875,40132.91972349676,1767.0923361702128,3.2309236750588766,0.351652686409909,-23.746382978723407,-1.0788127584169869,1229.3581888066608,61389.46795957446,2.5672776177647005,-1.373112851350194,164.0460936875377,0.7023323716760737,35227.87639033481,498.8110744680851,2.9807417930261524,0.4293749146591086,-5.147021276595745,0.04260333924644922,482.5870561517113
circulo,01,01,010,circulo_p01_s01_r010,0,circulo_p01_s01_r010_w00,circulo/participante_01_sesion_01_rep_010.csv,47,31.25,1.504,1.0235085106382977,3.498307938611803,0.10127687666720186,1.004744020723807,0.4033307230365977,0.014302267011491824,0.10896382978723401,3.6311074049987426,-0.7275401815417872,0.2780851063829787,-0.15708764783039753,0.03232016651248844,0.39887234042553193,3.4801217051591786,-1.5745130822591231,-0.057021276595744685,-0.12844901082063678,0.4042213691026827,0.515672340425532,3.351109642968335,-0.9993230140152818,-0.20638297872340428,0.6334439367086266,0.4833627197039778,129685.07437659574,3.530430811044291,-1.0104528007446774,-6.235531914893626,0.29234192991725055,132464.5880078631,4013.546431914894,3.6679710971445076,-1.092243260858127,10.334255319148934,0.08867849564771522,3991.678938020351,139614.96868085105,3.652799958374357,-1.4663632626165373,310.04507679129915,-0.07357773231857001,44432.38901742259,5916.347872340426,3.540861130101165,-0.4627560680394245,-44.223404255319146,0.20591490713771346,4046.739222941721
circulo,01,01,010,circulo_p01_s01_r010,1,circulo_p01_s01_r010_w01,circulo/participante_01_sesion_01_rep_010.csv,47,31.25,1.504,1.0658127659574468,3.48649609686832,0.23547270290154731,1.0224060255659742,-0.18721681078926744,0.020944308427396956,0.08380425531914892,3.5013230332942777,-0.6455943921590981,0.25234042553191494,-0.7755946615376353,0.020566142460684552,0.33931063829787234,3.1565008840102995,-0.3100239080890108,-0.2604255319148936,0.7634244787000806,0.27739111933395005,0.6426978723404255,3.139754555428512,-1.5318702851636,0.1914893617021277,-0.37032307803061915,0.6192042553191489,84252.84623829789,2.915147409017844,-1.0428789524379902,168.6408510638298,0.8069086415558907,57026.4380601295,1817.0524659574473,3.2977854424007487,-0.05104295704966644,-18.206170212765958,-0.1664333935136447,1517.883219796485,87509.46545319151,2.9017209536677386,-0.9500589256578342,199.47811632213487,0.8336867681548181,48755.293226150505,1439.5667489361704,3.2073886322840055,0.15624676992540865,-6.997872340425532,0.6761774647613393,1420.826891026827
circulo,01,01,010,circulo_p01_s01_r010,2,circulo_p01_s01_r010_w02,circulo/participante_01_sesion_01_rep_010.csv,47,31.25,1.504,1.0285234042553193,2.7877994896072598,3.1041102199014343,1.0082185924477787,-0.45215629441450517,0.012279949621807458,0.10449574468085106,3.260372142830241,2.675762822717049,0.3206382978723405,1.51213481220566,0.0017234967622571692,0.10907446808510639,2.57044675998918,7.833300852490829,-0.27851063829787237,2.2861330719329067,0.032191211840888065,0.8149531914893619,2.7050558562321587,3.7228313318125625,0.8936170212765957,-1.6079942557357256,0.016758371877890844,17275.179385106385,1.7049038162795553,7.513614805973042,34.30744680851063,2.928858462063262,16448.138880296017,300.5933765957447,2.9012665272067992,3.096008461891204,-4.652553191489362,-1.892750051369553,285.01119333950055,17967.05446808511,1.3923106589914633,7.347805584547935,59.49094049372671,2.8817589503181025,14741.532086110388,391.2817063829787,2.7570616521842224,2.696253285904417,-7.051489361702128,-1.865244230522639,348.98338251618867
circulo,01,01,011,circulo_p01_s01_r011,0,circulo_p01_s01_r011_w00,circulo/participante_01_sesion_01_rep_011.csv,47,31.25,1.504,0.9910702127659575,2.750536725255917,4.032602792649382,0.990753399756284,-1.339750471235946,0.009683955238133684,0.12755957446808508,2.05690323757069,5.270544826844915,0.3440425531914894,-1.3208208731757256,0.009394172062904717,0.1411851063829787,2.2271160035281365,2.15651980570877,0.10148936170212765,-0.38423625596521144,0.13373034227567068,0.7223255319148938,2.161064486000772,0.9164862098645825,0.6602127659574467,-1.6120570302213901,0.29267169287696576,73482.59474680852,2.2523182587360298,0.2217532103269213,-148.66404255319148,-1.3184868825277232,52498.58844199813,1658.758904255319,2.601465181646259,1.0031543961779654,14.654255319148936,1.4505119381258846,1475.4032641073081,81754.74945744681,2.2362568225197856,0.046067153268720684,162.3623113719461,1.2507790662102936,56597.4299404366,6613.395806382979,2.0660440565623386,0.30738505876190647,-44.397659574468086,-1.3207982611774298,4743.161970490287
circulo,01,01,011,circulo_p01_s01_r011,1,circulo_p01_s01_r011_w01,circulo/participante_01_sesion_01_rep_011.csv,47,31.25,1.504,1.0395617021276595,3.5173844695105214,0.2548758441437511,1.0091395844329898,-0.12339830918513192,0.021659849111508627,0.10231914893617021,3.4016276662568385,-1.2702184433337045,0.21787234042553189,-0.46275755006338737,0.05604320074005551,0.4701148936170213,3.5486170444969156,-1.5325487719762603,-0.11659574468085109,-0.11834698016569387,0.4664446808510638,0.46712765957446795,3.400096831915084,-1.2325471725373656,-0.09063829787234041,0.4676998996516256,0.46888871415356137,137686.11390851068,3.506829663948875,-0.7509963848282011,-18.764468085106397,-0.008123555004428093,140319.53057308047,4770.60319574468,3.7027683742381186,-0.44053044064071,-8.36723404255319,-0.20421951488894136,4802.779385661425,151601.249193617,3.5748555268967595,-1.4684488183896243,309.7101035321247,0.1352583281846776,56891.355332514526,9144.5320893617,3.7431967684911,-0.6695068965173845,-42.62085106382979,-0.21828545904384328,7487.299386216464
circulo,01,01,011,circulo_p01_s01_r011,2,circulo_p01_s01_r011_w02,circulo/participante_01_sesion_01_rep_011.csv,47,31.25,1.504,1.0949382978723403,3.7536270875479736,-0.4861626445286702,1.0355047956905996,-0.06636850238521111,0.023160901103982036,0.10813617021276593,3.293847502985488,-1.0151434717359045,0.23617021276595743,-0.7676026414771164,0.05349805735430157,0.4263085106382979,3.4119670558427933,-0.47828136786091724,-0.36446808510638296,0.6898251746027427,0.2998513413506013,0.5604936170212765,3.412398675335064,-1.5908271582078906,0.14085106382978727,-0.19110684604670874,0.5524079555966698,81273.27694042554,2.9645851758461053,-1.1934442163681565,165.76425531914896,0.703437411029953,54964.95574236817,3432.862736170214,3.4810120026052727,0.14370503178218863,-26.245106382978722,-0.7306696002208984,2803.7105429232192,88030.29941276595,3.0819096122211196,-1.083265420539942,212.23604972750348,0.7367558108910991,43920.640317718244,3324.159736170213,3.6003660552528647,0.05650996432382982,-8.346808510638297,0.009059407063376235,3325.240317853839
circulo,01,01,012,circulo_p01_s01_r012,0,circulo_p01_s01_r012_w00,circulo/participante_01_sesion_01_rep_012.csv,47,31.25,1.504,1.0281851063829786,3.5578128637635023,-0.3575889390212881,1.0088102932404108,-0.40120959980677184,0.010714874692461377,0.08130212765957445,3.2746204368676053,-0.5422892166497673,0.16212765957446804,0.7774043813890867,0.05621276595744682,0.3419957446808511,3.158648217638231,-0.6512890494696641,-0.21361702127659576,0.027987025265013458,0.30280619796484737,0.6048872340425532,3.25005981170584,-1.809275420548697,0.2814893617021277,-0.1534167818423548,0.5370781683626271,52351.44081063831,3.4653821858812996,-0.800953250485986,-153.46617021276597,-0.7432217944125377,29425.653137187794,5662.210823404256,3.7188298104543627,-0.8398913803577006,48.949148936170204,0.5920776672330023,3337.1958079555966,66269.45478723403,3.1691407924362234,-0.8648635586711868,185.79199212972358,0.6996225608554903,32441.025022652837,8255.80315319149,3.6090157794175504,-1.465689786842277,-65.79489361702127,-0.41034268513249034,4012.2011081406104
circulo,01,01,012,circulo_p01_s01_r012,1,circulo_p01_s01_r012_w01,circulo/participante_01_sesion_01_rep_012.csv,47,31.25,1.504,0.9988744680851064,3.481755277155043,-0.06626623586790492,0.9938150469373773,-0.008369812320086554,0.011449731882616247,0.13437234042553192,3.66852070456925,-1.4088598615871104,0.22744680851063834,-0.27690639890543656,0.0844368177613321,0.5205425531914893,3.5334459057267655,-1.6604872582259391,-0.17425531914893613,0.08877378136903008,0.5008336725254394,0.3439595744680851,3.4418181081425776,0.44615862388289873,-0.35085106382978726,0.964228908122121,0.2256644773358002,99069.89606170214,3.5122445775916664,-1.3315154987713316,67.26617021276596,-0.24156225108391713,96600.48793718778,6004.692159574469,3.6506751611379764,-0.9274588010599634,7.884042553191491,0.3855190321399317,6071.719555041627,114362.90156595742,3.5685873851645686,-0.8717275385209611,300.0256209507235,-0.5583955716286095,24876.82243341826,9288.313344680853,3.4995424384020897,-0.24618002106366443,-42.75617021276596,0.3934116791811239,7622.402019796485
circulo,01,01,012,circulo_p01_s01_r012,2,circulo_p01_s01_r012_w02,circulo/participante_01_sesion_01_rep_012.csv,47,31.25,1.504,1.0147702127659572,3.2338513525932724,1.5410331668692265,1.0039697201531197,-0.3017802097892489,0.00696316625513749,0.09619361702127659,3.130705759058248,0.8320067650305458,0.23382978723404255,-1.1395419764914934,0.042419796484736365,0.467236170212766,3.1924707663871295,-1.016921207192827,-0.3121276595744681,0.8072420822687766,0.3778518963922293,0.4513404255319148,3.036194639409546,-1.2330772993344379,0.1795744680851064,-0.6702012533255642,0.4282041628122109,71202.54097659574,3.235449078796461,-1.809271255392113,189.5308510638298,0.1675428332214421,36047.56698186864,2158.5788468085107,3.166931203067174,-0.6477338338456073,-31.5136170212766,-0.8290463520519094,1190.807110545791,76225.43580851062,3.1244628037104816,-1.8167754399650382,207.83840809206336,0.17454783536157348,33746.645667882076,2864.315985106384,3.0751387733218087,2.5405809993862993,-0.502765957446808,1.282265868362287,2926.3254552266426
circulo,01,01,013,circulo_p01_s01_r013,0,circulo_p01_s01_r013_w00,circulo/participante_01_sesion_01_rep_013.csv,47,31.25,1.504,0.9971297872340423,3.1978195757093753,1.5336755442910155,0.9977420413957196,-0.6219568260309064,0.001676271414795969,0.06967446808510638,3.2611750231282572,0.02512845436146316,0.24489361702127654,1.1747519646843847,0.009912488436632748,0.13209148936170215,2.772957232675271,0.6386683231566974,0.051276595744680846,0.8603186559365683,0.13227659574468084,0.7953638297872341,1.9640593303550102,1.1746620218009758,0.6517021276595746,-1.6491233396686598,0.3787057354301572,62461.41455744681,2.70530740550235,-0.6757268130955465,-151.39276595744684,-1.0022818916996892,40401.24595087882,1367.3135574468085,2.916400867197373,-0.045143591604177136,20.278297872340428,1.1780801455432588,976.8890666049953,66764.7487574468,2.6353721612937764,-0.6483808517872651,158.71882649441076,1.0184649746167787,42476.84554485098,2936.020642553192,2.4812809373398834,2.218580832061029,-29.30212765957447,-1.750517551922325,2122.5669562442185
circulo,01,01,013,circulo_p01_s01_r013,1,circulo_p01_s01_r013_w01,circulo/participante_01_sesion_01_rep_013.csv,47,31.25,1.504,0.9983510638297872,3.1252683090239057,2.541567407617789,0.9969033720833117,-0.1286781173639101,0.00463331165781171,0.059802127659574475,3.559047363553789,-1.3419155960127827,0.16319148936170214,0.09562172373190221,0.03389176688251618,0.6051425531914895,3.2029010854440028,-1.3018665936544997,-0.3751063829787234,0.5231808201707535,0.47453422756706765,0.3334063829787234,3.258500618467134,-0.8787852884122369,0.053829787234042574,0.4811696313743168,0.33769370952821465,70395.45601489363,3.556922566317409,-0.7015821058946972,-155.51212765957445,-0.41527355784145076,47216.03056059205,1605.8177276595748,3.588554213509381,-0.5987507617157362,23.52212765957447,0.6316077529828023,1075.4082649398708,76224.81569574469,3.485261597078033,-0.8269142074567042,204.40969754944072,0.7630177786774667,35190.2193140015,4223.5419531914895,3.4965238313967744,-0.14807136734821125,-35.8668085106383,-0.5380348603598336,3000.964304810361
circulo,01,01,013,circulo_p01_s01_r013,2,circulo_p01_s01_r013_w02,circulo/participante_01_sesion_01_rep_013.csv,47,31.25,1.504,0.9875617021276598,3.4713249580981698,0.6212932015413415,0.9901180860392449,0.17227964600808007,0.00738500560446022,0.04934468085106382,3.5729840025336523,-1.3642680676406085,0.1476595744680851,0.012324241199893194,0.028140055504162813,0.6631446808510638,3.2664654502662764,-1.0701008257448499,-0.394468085106383,0.7320712844407018,0.518573080481036,0.27507234042553197,3.369845483845702,0.037117627358445926,-0.18723404255319145,0.4842627528854149,0.24523348751156335,74806.86409787233,3.5590473635537894,-1.1005009634302607,154.77659574468086,-0.2808055893891828,51956.52754033301,1452.4117361702126,3.583414321590527,0.00017437993817948083,-17.26,-0.02243729634874018,1179.602052173913,78567.89592340426,3.562062458236263,-1.5694275482743154,230.83081418141498,-0.07823727913473126,25834.70573791778,2308.620089361702,3.444833202825052,0.21393167430122206,-3.5340425531914894,-0.6001289690383879,2346.046515911193
circulo,01,01,014,circulo_p01_s01_r014,0,circulo_p01_s01_r014_w00,circulo/participante_01_sesion_01_rep_014.csv,47,31.25,1.504,1.026587234042553,3.3059113940382265,1.495966681321626,1.010146869718716,-0.9619035764063744,0.006325112501772963,0.04476170212765958,3.3157562598776806,-0.8313823132520346,0.11702127659574464,0.1351737622849383,0.03174310823311749,0.5445212765957447,3.222003665057113,-1.1089865980424771,-0.3248936170212766,0.41183797135012595,0.4485081406105458,0.43730425531914885,3.238955398719451,-1.4844208793074012,0.11680851063829788,0.2876355393861276,0.43287002775208133,74762.31351702128,3.5108630549050575,-0.8941406683638249,-150.46659574468086,-0.2745849446824486,53255.2065838113,2790.005978723404,3.358836522400235,-0.9061359768212061,27.894042553191483,0.6069864965591156,2055.6659419981497,80396.5983893617,3.4921272140276898,-1.14999808595746,210.36201244843335,0.5895861965873171,36930.170414702654,2844.2788936170223,3.495142308710164,-0.5290665528046574,-30.75787234042554,-0.03228344109450377,1939.4980997224793
circulo,01,01,014,circulo_p01_s01_r014,1,circulo_p01_s01_r014_w01,circulo/participante_01_sesion_01_rep_014.csv,47,31.25,1.504,1.0337553191489361,3.5108630549050575,0.2074873393442349,1.0123841470331036,-0.8493297095004754,0.00902569402814353,0.03247659574468085,3.742705543250584,-1.2818650070291295,0.09872340425531914,-0.3339909928751984,0.023224421831637372,0.6092425531914895,3.2809589827840697,-0.49528245466369425,-0.4221276595744682,0.9147404354982369,0.4404214616096208,0.392036170212766,3.6315986302392593,-1.059440637541172,-0.0670212765957447,0.38323598488762667,0.3959691951896392,98981.53340000001,3.5131348750377613,-0.9187701394144598,141.9055319148936,-0.16351691643455066,80558.3610948196,1932.6130297872337,3.468309863415695,1.1309681864733774,-11.038297872340424,0.8146046975648885,1850.1335535615174,103078.4905106383,3.5400582498031485,-1.6487527321040312,256.8086384328246,0.13967422401863264,37934.94012250224,2164.344080851064,3.628982607762363,-0.35702351437800894,-15.761276595744684,-0.10968786523987531,1957.5768113783543
circulo,01,01,014,circulo_p01_s01_r014,2,circulo_p01_s01_r014_w02,circulo/participante_01_sesion_01_rep_014.csv,47,31.25,1.504,1.012455319148936,3.2401898985097373,1.951381089664297,1.00312686658505,-0.911935830148476,0.0063264132208087085,0.03775531914893618,2.717182865355984,1.1714058805019283,0.1840425531914894,0.015642801613263008,0.003968085106382979,0.261236170212766,2.671123353943632,0.3744663696178905,-0.17,1.270178935205879,0.23738695652173905,0.7134638297872339,2.3632781488510317,0.14349981397606726,0.5004255319148936,-1.354891755342084,0.473104162812211,80356.19530212766,2.2034957019504584,-1.5541188531564862,170.91914893617022,0.6057680683159764,52254.6406949121,1078.8003042553191,3.112650961966998,-0.25006962098159,-18.58914893617022,-1.0901248195361772,749.1839296947271,82211.7011042553,2.237743371619327,-1.5461962708472659,185.81969277411108,0.6100239929558109,48719.32424858135,776.7054978723403,2.8992039607340727,2.102780614623092,-4.700425531914893,0.14118269265969177,771.0160954671604
circulo,01,01,015,circulo_p01_s01_r015,0,circulo_p01_s01_r015_w00,circulo/participante_01_sesion_01_rep_015.csv,47,31.25,1.504,0.9902446808510638,2.8801274298353543,2.1013587211076192,0.9932744657836905,-0.33174504358568135,0.0037298755269527385,0.042110638297872344,2.5946631828067535,1.948416751042319,0.18680851063829787,-0.20331241234066896,0.007370027752081407,0.16555531914893618,2.172238515630548,0.4685690144025312,-0.046595744680851064,1.4590602267591313,0.16693598519888989,0.7825787234042552,1.9304404873338799,3.970457327676389,0.7451063829787233,-2.251443605543493,0.23233857539315447,47143.932993617025,2.66135909442343,-0.6372332900366726,-118.24702127659573,-1.0661052198218994,33882.47875615172,1216.8410234042553,2.6829316833642745,0.7594550754019682,11.564468085106382,1.1313694404772179,1106.6498426456985,50150.94126382979,2.454460230000937,-0.5778030719062741,134.48830380099204,1.082464350242111,32760.877348139285,1790.1672468085105,2.9703114739692786,-0.3068056337536329,-26.97106382978723,-1.057948613554466,1085.8317662349677
circulo,01,01,015,circulo_p01_s01_r015,1,circulo_p01_s01_r015_w01,circulo/participante_01_sesion_01_rep_015.csv,47,31.25,1.504,1.0359148936170213,3.756642182230448,-0.08788489311334002,1.0130656630171315,0.19854640298469287,0.009821831163825958,0.037510638297872344,3.7292601295112364,-1.0239634416135754,0.11659574468085107,0.033200917529886395,0.02443598519888992,0.5458893617021277,3.6229524183974138,-0.8790098934148456,-0.3459574468085106,0.5500966869258469,0.43546808510638296,0.4525148936170213,3.5964606631242964,-1.289173064603407,0.09446808510638295,0.15002997955300684,0.45323395004625366,83421.72616170214,3.4067675581756935,-0.40517842826901207,-146.00893617021276,0.41731428515094265,63453.184474930626,1892.311261702128,3.391656025153789,0.008828310191280053,11.946595744680849,-0.07291192825313182,1787.62467946346,89419.97361702127,3.5595969709785322,-1.5055826632442713,243.5468190207015,0.14185628406348097,30759.37535674329,4105.936193617022,3.677716523835837,-0.18048620669840298,-40.48191489361702,0.6184194073959159,2520.7844723404255
circulo,01,01,015,circulo_p01_s01_r015,2,circulo_p01_s01_r015_w02,circulo/participante_01_sesion_01_rep_015.csv,47,31.25,1.504,1.011663829787234,3.526924491121301,-0.174204797478148,0.9998435129553317,0.42454644553911025,0.012237144157687828,0.06004255319148935,3.7336567468803197,-1.1591853319584913,0.17234042553191492,-0.45062496118210565,0.0310009250693802,0.5458234042553191,3.7271353322748557,-1.1929009691781143,-0.3257446808510638,0.4135032589659776,0.449272802960222,0.4057978723404256,3.6694110020153445,-0.8681218825336563,-0.13893617021276597,0.39333679383922926,0.39489666975023124,98215.41013404254,3.4582202343801733,-0.7341512051998254,117.77978723404254,-0.6466940259802166,86176.88254560593,2067.6889531914894,3.4013897138895968,-0.0812819259567168,-18.80255319148936,-0.19046438725867784,1751.4171411655873,103262.52354893618,3.6176619912593955,-1.238653356954801,280.3021861373548,-0.39969494139969236,25230.01686502448,2979.424461702128,3.8226720343104534,-0.8280844603132196,-13.644468085106384,-0.28361211229685784,2853.975842645699
circulo,01,01,016,circulo_p01_s01_r016,0,circulo_p01_s01_r016_w00,circulo/participante_01_sesion_01_rep_016.csv,47,31.25,1.504,1.027504255319149,3.0479178404409333,0.9730443440118783,1.0004812081118495,-0.17794817433082194,0.027118599002338407,0.04713404255319147,2.8105363879709735,1.4808743688801593,0.1772340425531915,0.47901594602481584,0.016063922294172063,0.1979595744680851,3.065910406768529,0.5793559460074995,-0.08276595744680852,-0.5534056010785053,0.19526392229417205,0.7824106382978723,2.3228497545980504,-0.5910576583006408,0.5972340425531915,-1.0869121425935149,0.434976965772433,69200.04032553193,2.822403099575843,0.6069947882835378,-159.40787234042554,-1.3439381147166518,44741.10905189639,3927.6284042553193,3.0848399147709245,-0.5242376453544804,27.017021276595745,0.8664407114111006,3267.2243778908423,82536.28523617022,2.909634279790946,0.3907508037189702,181.17303447403006,1.2811969954187183,50793.32587685174,9408.616506382981,3.3051681194884557,-0.5791571314713093,-64.72212765957447,-0.9210063581384339,5333.133625809437
circulo,01,01,016,circulo_p01_s01_r016,1,circulo_p01_s01_r016_w01,circulo/participante_01_sesion_01_rep_016.csv,47,31.25,1.504,1.0707234042553193,3.516494172064427,-0.04147741337718802,1.0152623075289713,0.0994107621159606,0.040834674017707996,0.07061489361702128,3.6441537465325125,-0.922836581957533,0.20617021276595743,0.1389219297138061,0.028719796484736354,0.5162063829787233,3.528650216152103,-1.6759273416900762,-0.1997872340425532,-0.015089866745113567,0.48664560592044415,0.4839021276595744,3.532555608280671,-0.2565521433291087,-0.15361702127659577,0.865686202481396,0.47031054579093423,115304.4147680851,3.5438762247836393,-0.8489635989954039,-33.7368085106383,-0.17868614129270743,116648.1173569843,4979.515978723403,3.6254762878393723,-0.8603928504687475,9.557872340425535,0.6483167625238249,4994.427469287696,130267.17060212765,3.649784863691883,-0.7849771377651633,300.88382329961416,0.4169229649357705,40599.92364131544,9983.23985531915,3.727135332274856,-0.7903890351012723,-52.650212765957455,-0.4992408407387453,7367.9600586494
circulo,01,01,016,circulo_p01_s01_r016,2,circulo_p01_s01_r016_w02,circulo/participante_01_sesion_01_rep_016.csv,47,31.25,1.504,1.0748723404255318,3.460004341595202,0.535990353783629,1.020268533449033,0.20869844771407578,0.03466194834188459,0.07422127659574466,3.4183414475519345,-0.5244228360491427,0.2404255319148936,0.10454728917769097,0.01677372802960222,0.4571851063829787,3.5968597353298746,-0.9682186084370406,-0.31936170212765963,0.4802365214552602,0.3629148011100831,0.5434659574468086,3.615045968782499,-1.4030728018178233,0.118936170212766,-0.10093424486024452,0.54082710453284,71582.93541276596,3.4557547471224415,-1.634044241322126,175.32936170212764,0.3111837339007543,41730.431866975014,1526.203053191489,3.5444258322083826,-0.644960094324257,-26.966170212765963,-0.5884569534394004,816.3989067530064,74546.00461063828,3.230492055566606,-1.6267579932435916,205.65284223653433,0.3791512848802295,32954.063375253245,1436.866144680851,3.4344028837681786,0.3769128704331224,0.046382978723403835,-0.24196499494561058,1468.1001670675298
circulo,01,01,017,circulo_p01_s01_r017,0,circulo_p01_s01_r017_w00,circulo/participante_01_sesion_01_rep_017.csv,47,31.25,1.504,1.005831914893617,2.9843103437127962,1.5526304394410895,0.9966115051002393,-0.491675570728431,0.012871279812744546,0.055942553191489365,3.0749592031387936,0.9013428442168987,0.20574468085106387,0.662869277656588,0.013907585568917667,0.23299361702127658,2.92569571600719,0.2546413151411362,-0.17978723404255317,0.2500599889461625,0.20503256244218318,0.7168957446808512,3.0010528237151566,-1.474188375175707,0.41127659574468084,-0.6129973532578086,0.5596548566142461,73921.54122340426,2.9055818647660545,-0.11337925846716557,-173.12659574468086,-1.0411326239628313,44904.13009250694,1507.8180361702132,3.3150488311205866,-0.6341281350046923,22.406170212765957,0.7434426814696697,1027.6463893617022,79410.51715106382,3.081814431257317,-0.25493533517671896,186.37487075682,0.9620853726366211,45646.118716691235,3981.157891489362,2.971545973759565,-1.3772634033497504,-47.80574468085107,-0.15898919709139794,1732.633203237743
circulo,01,01,017,circulo_p01_s01_r017,1,circulo_p01_s01_r017_w01,circulo/participante_01_sesion_01_rep_017.csv,47,31.25,1.504,0.9802106382978725,3.7271353322748557,-0.811128738127799,0.9794248872732972,-0.03824774154537576,0.02139269215033412,0.08436382978723403,3.7280256297209493,-0.8473458220413246,0.23127659574468085,-0.4626559884154734,0.03154616096207216,0.47692340425531904,3.703658671684213,-1.6432773418493223,-0.13148936170212766,-0.09877120910833137,0.4696259944495838,0.41892340425531915,3.582524024144433,-0.457590906850204,-0.20851063829787236,0.7817326269657046,0.3836086031452359,143355.0513212766,3.7218449051368365,-1.2949727549269314,1.1921276595744579,-0.12148294445707214,146470.01341711375,3652.3782382978725,3.6902132579448645,-1.3303894902069797,-6.2455319148936175,-0.03246969968048694,3691.9231252543946,152122.01353829785,3.6081219696486153,-0.6061613791089924,347.1621066599469,-0.1833222438718532,32287.452308110856,5114.5839787234045,3.613412396786635,-0.785396510710882,-22.045957446808508,0.42915449139612816,4729.180602867716
circulo,01,01,017,circulo_p01_s01_r017,2,circulo_p01_s01_r017_w02,circulo/participante_01_sesion_01_rep_017.csv,47,31.25,1.504,1.0487765957446809,3.7301504269573296,-0.5913486219985611,1.017032428382406,-0.2785914264301204,0.01473514917551204,0.05819787234042551,3.2307778757265715,-0.03429937964473373,0.19170212765957445,-0.2599251411511465,0.021914431082331175,0.34582553191489357,3.262614927999094,-0.6834444476823176,-0.23063829787234041,0.2511408383103647,0.29899306197964853,0.6447531914893618,3.1699104519569716,-1.3247116944492008,0.32765957446808514,-0.5633037963024493,0.5490748381128584,72215.92611276597,3.3007131199351445,-1.2990003593869428,175.7048936170213,0.5533037627747495,42242.49291683626,2320.714419148936,3.446958000061432,-0.9504424031185441,-32.48957446808511,-0.555303550033102,1292.6450563367255,76330.12895106385,2.9303375061772376,-1.2688994014430217,193.3766886372952,0.5767360257027071,39782.0110088849,1793.4884191489364,3.2640656313059586,1.5209160589985586,14.39,1.0472081429251834,1620.9036304347828
circulo,01,01,018,circulo_p01_s01_r018,0,circulo_p01_s01_r018_w00,circulo/participante_01_sesion_01_rep_018.csv,47,31.25,1.504,1.0308382978723405,3.6762766189650002,-0.8699254636728764,1.0091528165193455,-0.21566475005698627,0.012719518843921512,0.09058297872340425,3.7405807460142038,-1.2809563231863528,0.05276595744680851,-0.41822080089116365,0.08970740055504163,0.5763085106382979,3.5034478305306576,-1.6302177835218494,-0.31553191489361704,0.3300904087513287,0.4871122109158187,0.36394680851063826,3.6358482247120185,-0.301426164869266,-0.24702127659574474,0.6169777750750933,0.30951267345050876,102640.39635744679,3.691653162815701,-1.2460965195338016,-62.28340425531914,0.3531029589105444,100908.1559533765,5184.343748936171,3.5802486916888876,-1.1386867592740426,1.9131914893617028,-0.4571923234863722,5293.307000462535,113372.23705531914,3.7197201079004563,-0.7075488423711085,305.55201722616977,-0.3471169335468548,20445.20621182316,5547.496948936169,3.3602764272710717,-0.4414403223499832,-24.837872340425534,0.8215006706165441,5037.763504070305
circulo,01,01,018,circulo_p01_s01_r018,1,circulo_p01_s01_r018_w01,circulo/participante_01_sesion_01_rep_018.csv,47,31.25,1.504,1.0457978723404255,3.628092310316269,-0.6845967133726467,1.0132580420752282,-0.4057282094800201,0.019521360608350552,0.10983191489361702,3.7405807460142038,-1.163932011074197,0.08872340425531915,-0.3668097722141048,0.10417659574468081,0.5943489361702127,3.3406502889476104,-0.7194527366206556,-0.485531914893617,0.8959845742938647,0.36640351526364473,0.34161702127659577,3.7131986932949923,-0.9128787320647289,0.10382978723404253,-0.6045710033226163,0.3380284921369103,87914.35119361703,3.6819661183085977,-1.555277160490217,201.85170212765968,0.10387869559113044,48195.681575300645,4546.745976595746,3.647168841214987,-1.3945778073305723,-45.3559574468085,-0.34725367482288755,2543.7044724329326,96337.48329787231,3.4713249580981698,-1.5824289078631608,249.32781887019775,0.2185633314140289,34916.01599259135,3876.3861276595753,3.556431341076893,-0.3119196333790497,-6.644255319148936,0.5706873307241588,3915.549564107307
circulo,01,01,018,circulo_p01_s01_r018,2,circulo_p01_s01_r018_w02,circulo/participante_01_sesion_01_rep_018.csv,47,31.25,1.504,1.0126872340425532,3.6191018961302315,0.6410051723029389,0.9932311216948202,0.7206005235380855,0.026748285394606757,0.0928276595744681,3.5004327358481833,-0.11292483022669408,0.2734042553191489,0.10089332976361176,0.01847076780758557,0.35120638297872336,3.355908844865838,0.8638821906211316,-0.40914893617021275,1.140851289248352,0.18779925994449578,0.5686531914893617,3.1987424204421617,2.41880455309448,0.7065957446808511,-0.951887065033427,0.07088381128584645,47249.13076382979,2.9792396324141968,0.5315887365207468,83.24276595744679,1.399389881703934,41196.289476965765,1865.426670212766,2.9477324717269973,1.867997462694464,-16.158936170212765,-1.1683492510289404,1639.1918749306196,50495.60593617023,2.6299481728180387,0.7289534615645255,141.67088066840515,1.4927440745488825,31086.379843913262,1381.0485021276595,3.3879443001502487,0.779268221081554,-9.60085106382979,-0.8639091745770943,1316.891120999075
circulo,01,01,019,circulo_p01_s01_r019,0,circulo_p01_s01_r019_w00,circulo/participante_01_sesion_01_rep_019.csv,47,31.25,1.504,1.0630170212765957,3.6462785437688927,-0.22669331158948447,1.022906201986083,0.21495675840653292,0.017042530241415804,0.08702978723404257,3.5912286181705046,-1.093270055937729,-0.07404255319148936,-0.4483341057551513,0.08332025901942645,0.5240446808510638,3.4656354587545724,-1.3142680132237445,-0.3227659574468085,0.3404542181901801,0.42899435707678074,0.45194255319148935,3.691103555390959,-1.2848920864151159,0.032553191489361706,0.12441432240012752,0.46068464384828867,101359.08955531914,3.5408611301011645,-0.9375831158649879,-104.78063829787236,0.5078458971078691,92344.89233654024,4675.772174468085,3.2465534917828496,0.12260143956317737,4.972340425531917,-0.22756166655135843,4752.15774440333,113520.86125957446,3.6524592683530055,-1.349466342492762,291.9197947953095,-0.3943280079239676,28918.992376374532,7485.999529787234,3.6992620543151284,-0.7120221091738026,-30.360638297872338,0.6474622405878293,6706.931849583718
circulo,01,01,019,circulo_p01_s01_r019,1,circulo_p01_s01_r019_w01,circulo/participante_01_sesion_01_rep_019.csv,47,31.25,1.504,1.0666702127659573,3.8027016936427995,-1.0894619276329727,1.0185179240518596,0.11932244607954617,0.029928221828244478,0.11222127659574466,3.737016043906986,-1.2742788326305703,-0.017446808510638293,-0.3347058288533642,0.11434986123959294,0.5012914893617021,3.707509193951395,-1.1845894762503906,-0.3529787234042554,0.4473233100063651,0.3848865864939871,0.4531574468085105,3.7965209690586867,-0.9670595631275036,0.15659574468085108,-0.12736808642562306,0.4379533765032377,85642.44001063828,3.526612836063801,-0.9488263673997706,170.28787234042554,-0.4975559792358827,57875.88229537465,5496.772582978724,3.6174087183861214,-1.3278319954766913,-57.00510638297873,-0.33061705221742166,2296.0423950971317,96191.96745744678,3.7092897888435825,-1.476487210851984,266.73829815361705,-0.28542275627304003,25587.05314154931,5052.754863829788,3.539167952357055,-0.09359096994271932,-4.147659574468086,0.016680485654322872,5145.02030092507
circulo,01,01,019,circulo_p01_s01_r019,2,circulo_p01_s01_r019_w02,circulo/participante_01_sesion_01_rep_019.csv,47,31.25,1.504,0.9954680851063831,3.590367355688261,-0.08287860258344448,0.9874762230511421,0.35665883249794245,0.020801376493621893,0.05480851063829787,3.6932283526273384,-0.5986234940198178,0.20255319148936177,0.6448877492581162,0.014080296022201665,0.14942340425531914,3.410273878098683,-0.398362015138896,-0.06361702127659574,0.935603150063151,0.14853663274745604,0.7912361702127658,3.0405576997447765,1.9169100039484501,0.6704255319148936,-1.7099922009130273,0.34919546716003697,48718.07772553191,2.894554070491716,-1.2693939585956702,125.20319148936173,0.7512552029960008,33760.54810046254,3769.031755319149,3.442309333383094,-1.1731395278742551,-32.618085106382985,-0.6067782817456641,2763.8986332099907,52806.60112340425,2.744340680165773,-1.2104097198251105,154.73580689231113,0.7880097884424803,29490.897084198128,319.4916425531915,3.292063395770459,0.822519275433466,-2.6876595744680856,-0.04347713839525742,319.05656614246067
circulo,01,01,020,circulo_p01_s01_r020,0,circulo_p01_s01_r020_w00,circulo/participante_01_sesion_01_rep_020.csv,47,31.25,1.504,0.9967148936170214,3.063979276657177,3.3743316043140883,0.9931769030217649,1.2159167013167334,0.01053876189766328,0.09448936170212766,3.232305197745486,0.4890950350807337,0.13872340425531915,-1.263752387659061,0.07688094357076782,0.4704404255319149,3.5055726277670383,-1.3470238719850476,-0.007446808510638297,-0.38581154974823473,0.4806107308048103,0.43178510638297873,3.5781238944525082,-1.4713138059990158,0.17042553191489362,-0.24945439964269175,0.41149546716003693,46092.22838510638,3.7748284156830723,-1.4274183817106736,-176.1176595744681,0.28614056247681025,15402.51137918594,2373.09339787234,3.027295154694428,2.089111729145557,26.081063829787233,1.6501143221616894,1729.6730618871413,54775.77993617021,3.6063413747564277,-1.2380381968520942,203.09067499674154,-0.5343667898005804,13824.087180006338,6310.458153191489,3.384093777883066,-0.6015459301631916,-60.267659574468084,-0.4288451423484809,2736.49056614246
circulo,01,01,020,circulo_p01_s01_r020,1,circulo_p01_s01_r020_w01,circulo/participante_01_sesion_01_rep_020.csv,47,31.25,1.504,1.088436170212766,3.2694805449487503,1.858015994785175,1.0304684305280924,1.0335408320631472,0.02714861398246928,0.11271063829787234,3.2895383027644822,-0.764439111783648,-0.13191489361702127,0.6426109224782877,0.09738103607770585,0.6099744680851064,3.502557533084564,0.05566360570826223,-0.515744680851064,0.959074626020609,0.3514597594819612,0.36575106382978734,3.7140889907410854,-1.4000444769370117,-0.15,0.022174032143563446,0.35071304347826093,91610.33034468086,3.6003660552528647,-1.3040755229109395,45.627234042553184,0.44717802789244654,91474.75729000925,3153.647789361702,3.4900024167913095,0.3359731477985335,15.967872340425533,0.5573834951931209,2961.6895127659577,102249.43080212767,3.6037253522795316,-0.6867059759630072,283.4185381510984,0.14798008496294002,22399.957882996445,7485.452668085106,3.472706480784779,0.749300774950568,-63.245531914893604,0.5923071071868847,3561.22612960222
circulo,01,01,020,circulo_p01_s01_r020,2,circulo_p01_s01_r020_w02,circulo/participante_01_sesion_01_rep_020.csv,47,31.25,1.504,1.0691914893617018,3.242156874413766,2.6386528166819536,1.0217911624357523,0.8145742454840253,0.025680707767503027,0.06744042553191489,3.529049288357682,-1.0883108415655314,-0.08531914893617021,-0.27604807241316576,0.06146891766882515,0.5540808510638296,3.274221364662027,-0.2634582850128244,-0.42042553191489357,0.9318318066603419,0.38552590194264563,0.4476702127659574,3.2846516837189013,-0.13919241833292695,0.2751063829787234,-1.103893008073827,0.3800733580018502,102669.70741276593,3.540861130101165,-1.5807810799609463,239.1208510638298,0.16679519741301538,46479.85917317298,1633.3906808510644,3.4947432365045863,-0.04656966476008062,4.237446808510638,-0.06353693552184679,1650.5528716003696,107214.4576425532,3.380587457960076,-1.5846790620880302,259.9788872681691,0.24784060486460466,40486.85833512646,2911.35954893617,3.385819502913868,0.9849245722234636,-31.065957446808508,0.7641365512962827,1988.5759637372807
circulo,01,01,021,circulo_p01_s01_r021,0,circulo_p01_s01_r021_w00,circulo/participante_01_sesion_01_rep_021.csv,47,31.25,1.504,1.014468085106383,3.3436653836300847,2.0515704450217083,1.002387951717395,-1.2662256852439213,0.009897054996409376,0.02356382978723404,2.8265282075438307,1.7540531492337124,0.11553191489361701,1.1195195128129125,0.010438297872340425,0.287631914893617,3.1986514909712422,-0.982796405636011,-0.05382978723404254,-0.2289443389165311,0.2909241443108234,0.7032723404255318,2.920258265972848,-1.864687312381035,0.15234042553191487,-0.07700315543230474,0.6948487511563368,53289.82722765956,3.312249939954691,-0.7148394825692126,-159.3682978723404,-0.8443889341540644,28497.911401387606,690.8615893617022,3.132625151214078,0.8602780330133868,6.298510638297872,0.49482433121675323,665.3466651248843,56086.670070212764,3.3879443001502483,-0.7350894210115406,168.8569809531381,0.8204199219415088,28173.424619987014,2105.9812531914895,3.3168619732994666,-0.7495341201570342,-32.50191489361703,-0.556253039517098,1072.4243201665122
circulo,01,01,021,circulo_p01_s01_r021,1,circulo_p01_s01_r021_w01,circulo/participante_01_sesion_01_rep_021.csv,47,31.25,1.504,1.033663829787234,3.457879544358822,0.8678564462778287,1.0107925108076337,-1.0392397302264307,0.012222380532051713,0.046304255319148946,3.624733013289602,-0.8490388474467356,0.14106382978723403,0.4408627389782885,0.026979278445883447,0.5043404255319149,3.351109642968335,-0.25401478003028766,-0.45063829787234044,1.055305632595438,0.30781480111008325,0.4830191489361702,3.39803041686293,1.1407834854023413,-0.6627659574468087,0.7601170937709889,0.044711748381128597,56374.10276808511,3.5304308110442912,-0.18024494014215042,-26.632553191489368,-0.1932843935388366,56874.91444116557,1799.86759787234,3.575108799770033,-0.922087958485355,-9.209574468085105,-0.0619664297414796,1752.3350606845518,60663.47012340426,3.6589806829584703,-0.7413361772622218,195.01511632275498,0.7325560413879024,23124.587018788043,2489.499757446808,3.487536929533578,-0.8633176009158383,-8.900851063829787,0.028453559693367804,2462.6718818686404
circulo,01,01,021,circulo_p01_s01_r021,2,circulo_p01_s01_r021_w02,circulo/participante_01_sesion_01_rep_021.csv,47,31.25,1.504,1.0404744680851066,3.8104576080385506,-0.9441356540289219,1.0131160201498903,-0.44648158345975575,0.014376276013813305,0.07659148936170213,3.5829230963500107,-1.1620266650829276,0.211063829787234,-0.32572556289655225,0.03274014801110083,0.38959574468085106,3.4123112581869863,-1.5902069324899637,-0.12085106382978723,-0.18670836676283764,0.3831427382053653,0.5742872340425531,3.2785293413190146,-1.5100200746204029,-0.03212765957446809,0.4697646065269216,0.5857171137835337,47681.60307234041,3.538186725440042,-1.4549675791164913,150.10893617021276,0.47338629283648853,25695.62579666975,1477.1199042553192,3.7223945125615794,-0.987832930110776,-23.148723404255314,-0.2545602922121875,961.7186070305276,50279.68413404255,3.370864567660296,-1.4418775864599944,168.1078660335549,0.4931175842098028,22498.112761940956,1120.9611574468086,3.5117533523511515,0.6373302245184713,23.946382978723406,0.43789110285738336,559.43476706753
circulo,01,01,022,circulo_p01_s01_r022,0,circulo_p01_s01_r022_w00,circulo/participante_01_sesion_01_rep_022.csv,47,31.25,1.504,1.0521787234042552,3.3379758842864877,0.8085792109170375,1.0127065238103026,-0.14874846391185498,0.02718257264579289,0.10207659574468088,3.393575417309619,0.30022196009774493,0.30340425531914894,-0.4263962052922152,0.01024033302497687,0.26338297872340427,3.3996056066745672,-0.38392466582582685,-0.02468085106382977,-0.857398695887732,0.26848630897317305,0.6867191489361701,3.2694805449487507,-1.7277611312124324,0.20851063829787236,-0.22939024611980097,0.6572259944495836,63112.80013829788,3.1770498670665472,1.4072776483606617,-150.3712765957447,-1.4863998864778554,41381.74190703053,1396.8366085106384,3.6134123967866345,0.14791241705355906,-5.845106382978724,0.27289249600931154,1392.294629879741,69452.30359148937,3.0978862563046943,1.7575724779225377,181.4966875712227,1.6546809290976046,37304.97894851471,4942.66684468085,3.4686505534370466,0.04556463944389222,-52.44489361702127,-1.0162956476758613,2239.856499444958
circulo,01,01,022,circulo_p01_s01_r022,1,circulo_p01_s01_r022_w01,circulo/participante_01_sesion_01_rep_022.csv,47,31.25,1.504,1.007372340425532,3.7643980966261985,-0.5146336270173331,0.9808583303143074,0.13555073221795555,0.04627382576287734,0.089931914893617,3.617170766018879,-0.5176405134374544,0.2727659574468084,-0.10471634017455589,0.015868270120259022,0.488755319148936,3.839623767972791,-1.372404706755916,-0.22531914893617022,0.11155309830725997,0.4475080481036078,0.42868510638297863,3.5881551413038033,0.08999824491648134,-0.46255319148936175,0.5997741750078766,0.2193976873265495,137324.73164893617,3.124525034474135,-0.8143230266151917,50.77723404255319,-0.2666609769583417,137675.6738074005,1753.3109127659577,3.5694776826106627,-0.6947761419388505,10.540212765957449,-0.2320500123040976,1677.9151499537465,145937.95054893615,3.576548704640871,-1.4886305157983595,322.21505245277433,0.19450038775861014,43030.96292443978,6859.907987234043,3.6123715641213754,0.06368527205784202,-33.90297872340427,0.5415715150394086,5834.637238760407
circulo,01,01,022,circulo_p01_s01_r022,2,circulo_p01_s01_r022_w02,circulo/participante_01_sesion_01_rep_022.csv,47,31.25,1.504,1.0563936170212767,3.4900024167913095,0.5243180502339686,1.0125768932650814,-0.2310727570294186,0.03175734033923727,0.06465531914893617,3.041575996018484,1.5997227832460625,0.23914893617021277,-0.24763850390724132,0.007625346901017575,0.400868085106383,3.1844325441542543,-0.19621098867592046,-0.3268085106382979,0.7494254461888946,0.3004569842738205,0.5908702127659574,3.32516749511996,-1.0866929886715018,0.2419148936170213,-0.6192548958321475,0.5439201665124883,84026.30885106382,3.1156699052288994,-1.5389819382834762,191.74382978723406,0.5379212341243194,48288.01721110083,928.2680361702129,3.7197201079004563,-0.3623743256216705,3.983617021276595,0.48951820397050244,932.2335888066607,87690.6618106383,3.0401619260451826,-1.5463486907575,208.95883211983627,0.5193582988811996,44983.9741221383,2736.0849234042557,3.348406203343361,0.9411583138746789,3.3472340425531915,0.9182618331488663,2784.1174900092506
circulo,01,01,023,circulo_p01_s01_r023,0,circulo_p01_s01_r023_w00,circulo/participante_01_sesion_01_rep_023.csv,47,31.25,1.504,1.0835212765957443,2.145325655256664,11.876044999386771,1.0255013071449754,2.927831751842481,0.03256113576229313,0.07136595744680849,3.0666536813183005,0.37183774545212733,0.2574468085106382,1.0867789410593762,0.005197687326549491,0.1631531914893617,2.628105347162197,4.109446325216862,0.010212765957446827,-1.189112582770719,0.16659343200740057,0.8490021276595745,1.9054447026494046,0.3924974523217344,0.5602127659574468,-1.4258273105888355,0.5467977798334875,81795.97421489362,2.654508797979804,0.6935535450474366,-163.12531914893617,-1.4364021451017588,56385.8023906568,287.81217446808506,3.3332350645732114,0.9750328408078035,-3.673191489361701,-0.7530750945515791,280.2833135060129,85129.11022127658,2.338911190814294,0.7005939813168842,171.88283275587773,1.432790908098615,56793.78032998487,3045.3238319148936,2.8510196520853412,2.908256575621424,-26.28829787234043,-1.8648097601750733,2405.428557909344
circulo,01,01,023,circulo_p01_s01_r023,1,circulo_p01_s01_r023_w01,circulo/participante_01_sesion_01_rep_023.csv,47,31.25,1.504,1.144627659574468,3.2539103339730224,2.106969723369563,1.0424954675107758,1.0996169838201666,0.05908805239817307,0.07918085106382977,3.1929581430482177,-0.43919540155625736,0.07340425531914894,-0.8057377635368403,0.0753968547641073,0.5934382978723405,3.4857528223185494,-1.1998562473418886,-0.4212765957446808,0.3497508160643227,0.42500703052728955,0.4720085106382978,3.5843046190366206,-1.2198158603094793,-0.005531914893617038,0.01376144662225176,0.4822382978723404,119798.25918936169,3.272312770942225,0.6854500179924417,-131.5682978723405,0.3100684624534692,104716.04310138758,3350.3950382978724,3.2860915885897377,0.4723267842295189,10.44,0.29609612505051897,3311.866686956522,129460.01970638298,3.0944685770938003,-0.6219015132841839,280.41138630915805,0.7918254664193052,51934.46270270172,6311.365478723404,3.2611750231282577,0.4745006213911065,-38.36744680851064,0.2711196119851374,4944.506775948197
circulo,01,01,023,circulo_p01_s01_r023,2,circulo_p01_s01_r023_w02,circulo/participante_01_sesion_01_rep_023.csv,47,31.25,1.504,1.049944680851064,3.5112037449264086,0.07484437003987043,1.006134474948585,0.14247386193307676,0.03845631871819443,0.07615531914893615,3.502557533084564,-0.6817710913935349,0.0551063829787234,-0.7022560682139429,0.07470814061054579,0.5422170212765957,3.5772335970064133,-0.6811366022403105,-0.3982978723404256,0.5688159099113138,0.39191443108233115,0.4315723404255319,3.7643980966261985,-1.2060275065438508,0.11638297872340424,-0.1701698717248488,0.4271148936170213,113896.40209787234,3.679291713647474,-1.2947924082705968,164.34851063829788,0.37723727867448026,88774.79456512489,3829.9074617021283,3.511753352351151,-0.03285493400015804,3.3095744680851067,0.33743778294061955,3901.974921554117,122514.75496382978,3.4001552140993097,-0.9924957136032391,279.8337019563231,0.56900069851336,45168.8945222332,4788.445404255318,3.389175287617694,1.659643110765538,-35.170212765957444,0.9302783514024217,3628.7080934320065
circulo,01,01,024,circulo_p01_s01_r024,0,circulo_p01_s01_r024_w00,circulo/participante_01_sesion_01_rep_024.csv,47,31.25,1.504,1.0423914893617021,2.9446252240095854,4.27104382580159,1.0124829036123668,0.6840085669987098,0.017645290977294285,0.017051063829787234,3.426646969372428,0.23683518403787662,0.1025531914893617,-0.7737734758965618,0.00667594819611471,0.28033617021276597,3.110588395494272,0.6134290339221389,0.02127659574468085,-1.0040199999401678,0.28596790009250694,0.7450042553191489,2.8439521423779746,-0.7626536522695373,0.4442553191489363,-0.9287620455189994,0.5595467160037003,75563.88245106382,3.451445546901436,-1.227648210244559,-181.97021276595743,-0.5450869439950822,43373.56594560594,2184.9879489361706,3.2516350015174775,1.9105225583688616,10.761702127659579,1.1142011154494775,2114.1557535615166,79928.68764893616,3.1860077339658917,-1.1087151677690374,203.97277452104618,0.6457614125768327,39156.92087927746,2179.81724893617,3.412311258186986,-0.7180134843912529,-20.985744680851067,-0.7907447115079254,1777.229155411656
circulo,01,01,024,circulo_p01_s01_r024,1,circulo_p01_s01_r024_w01,circulo/participante_01_sesion_01_rep_024.csv,47,31.25,1.504,1.0774382978723407,3.4895111915507937,0.9584054934999555,1.023840560669957,0.3553799677872638,0.029823343421093905,0.048525531914893595,3.6854724382315878,-0.8873758288442724,-0.06404255319148935,-0.4838199914449755,0.045389824236817755,0.6241978723404256,3.4495740225383282,-1.3273782842425381,-0.38361702127659586,0.4913644684347631,0.4874061979648473,0.40471489361702134,3.609906076863644,-1.032629068665228,-0.1493617021276596,0.13713358188498484,0.3907191489361702,118775.63092340426,3.5152596722741416,-1.1342192288978015,-81.54680851063831,0.34127962121012895,114563.26522654947,3049.05540212766,3.4721568733600363,0.3834444344370955,0.923191489361703,0.6097127424686598,3114.4684048103604,126283.66337659572,3.72590083248457,-1.3236094086034254,310.27794702439064,-0.2408845210766776,30663.67764011924,4458.97705106383,3.5828647141657837,0.3705941347772037,-20.874042553191487,1.0013245789397938,4110.713385476411
circulo,01,01,024,circulo_p01_s01_r024,2,circulo_p01_s01_r024_w02,circulo/participante_01_sesion_01_rep_024.csv,47,31.25,1.504,1.029676595744681,3.5569225663174087,-0.06183049685347797,1.0008090117328017,-0.08375323199120444,0.028667872513421882,0.08765106382978721,3.489749143918037,-1.3705971814302107,0.04553191489361701,-0.45987686246541165,0.08743829787234043,0.4747617021276595,3.1150759423342747,-1.187485951242163,-0.29531914893617023,0.3602142964694763,0.395973265494912,0.4672638297872341,3.5569225663174087,-0.9120569559128548,0.20212765957446807,-0.3140592974489037,0.4356779833487511,84818.1444212766,3.2984377874796005,-1.6897873922187252,191.95063829787236,-0.009132854736203047,49015.99028871416,1298.7424063829787,3.6346137249217327,-0.02851115166124707,-21.202765957446807,-0.39303622269521327,867.6456682701203,89259.72468723406,3.2689893197082354,-1.8072611400235996,237.19773200152318,0.10543704313889299,33714.285851449524,3142.8378595744675,3.5014735685134424,0.5070142794825934,-4.633617021276595,0.9420556954903319,3189.2232670675294
circulo,01,01,025,circulo_p01_s01_r025,0,circulo_p01_s01_r025_w00,circulo/participante_01_sesion_01_rep_025.csv,47,31.25,1.504,1.1640404255319152,2.3142373136069163,5.090751637209431,1.0521420754676618,1.542237909264217,0.05827742374865707,0.07399787234042553,3.511354280145573,-0.9364343040071508,-0.09893617021276596,0.5125000292967242,0.06560536540240518,0.681268085106383,2.714907532900439,-0.7376092820752991,-0.5340425531914894,0.7018705434732531,0.4046767807585569,0.4087744680851062,3.0233572152791677,0.6215393804188594,0.15659574468085105,-0.5200990877018249,0.3926055504162813,213428.96493191482,1.7569786624383215,9.147832741781597,-182.82212765957445,-3.08721359037987,183918.18749537464,1634.4741468085106,2.8314518959461066,6.6247215239236965,10.307446808510639,2.109441223729687,1561.4530933395006,218282.93452765964,1.1678626173580688,9.232702350158656,203.18428023433603,3.1069277293775355,180846.88894099515,3219.4954489361694,2.82619401609478,3.011189880322929,-32.029148936170216,-1.5472772896158522,2241.316655781684
circulo,01,01,025,circulo_p01_s01_r025,1,circulo_p01_s01_r025_w01,circulo/participante_01_sesion_01_rep_025.csv,47,31.25,1.504,0.9904489361702129,3.193422958340291,1.2072711950259887,0.9884713956496652,0.23314837880472317,0.01366395867767211,0.11083829787234041,3.1755774149090183,-0.5053583688073928,-0.1863829787234043,1.000750177616639,0.07775402405180389,0.7250361702127659,2.45561937372555,1.1377863974177451,-0.6210638297872341,1.6260431442487389,0.34669232192414434,0.1545744680851064,3.1046456232774013,-0.009801178202816452,0.05446808510638298,-1.0609721206026974,0.15490351526364482,91051.38093191489,2.9818556548910924,-0.7125675723106983,148.57617021276593,0.9793786004453787,70475.99176327474,1881.6490510638291,2.6697383189341815,4.591579458088676,-12.74723404255319,-2.260783129470707,1756.530055226642,97559.62556170214,2.6930503473636476,-0.6506597262277594,201.65332587472616,1.0189159289916059,58132.42176287155,4626.595578723404,3.241295611931523,0.09139684805509907,23.097021276595743,1.0743128848371506,4182.104125716929
circulo,01,01,025,circulo_p01_s01_r025,2,circulo_p01_s01_r025_w02,circulo/participante_01_sesion_01_rep_025.csv,47,31.25,1.504,1.0231425531914893,3.3007131199351445,1.2905664400234746,1.0050016220441342,0.04598393463876293,0.013399386203629385,0.10519361702127661,2.706346113191264,-0.9783648637295745,0.0895744680851064,-0.9414495117185132,0.09928242368177616,0.36322765957446806,3.2521846089422204,-1.1879637644751437,-0.0951063829787234,-0.42537036368741016,0.361882053654024,0.5547212765957447,2.9326197151410742,-0.5244175995206297,0.43,-0.8822822536149315,0.37786086956521736,93368.61338297873,2.993692953596119,-0.66157043960491,192.5365957446808,0.9540107812095963,57522.14817511564,1864.2803468085108,2.5649699518393207,4.722172235262556,-14.027446808510637,-2.303239615566,1703.761323774283,99485.81575957446,2.7452462981178978,-0.7591172749672834,203.33292593913225,0.9385071543687545,59405.48344487986,4252.922029787233,2.842373440243496,0.7877077545905666,36.796595744680864,1.4311673796196245,2961.9528446808513
circulo,01,01,026,circulo_p01_s01_r026,0,circulo_p01_s01_r026_w00,circulo/participante_01_sesion_01_rep_026.csv,47,31.25,1.504,0.9936787234042553,3.0697609290357124,2.9925717050454086,0.9937562907624966,-1.1980977573926737,0.006260357060616098,0.01638510638297872,2.986866760441447,5.023653249800656,0.07212765957446811,-2.088843661966031,0.011425809435707677,0.24413829787234048,3.010802098985914,0.4439837128143931,0.10531914893617016,-0.3495221483616553,0.23811239592969477,0.7331553191489362,2.916892092437889,-1.4469076092587205,0.318936170212766,-0.5680209318910293,0.6451618871415356,58069.12119148937,3.093145436591418,-1.2257849205707527,-173.82382978723405,-0.3104964006131655,28459.927767622572,682.4852936170213,3.231668173172666,1.215939629605848,-2.893617021276595,0.3222785417650201,688.7668888066604,62697.97115531914,2.9541548567892315,-1.2638840001816474,186.9843106484746,0.2659433869458605,28337.77000329985,3946.364670212766,2.9612362676505724,0.5111376003119723,-38.82234042553192,-1.2557492121349234,2492.216435707678
circulo,01,01,026,circulo_p01_s01_r026,1,circulo_p01_s01_r026_w01,circulo/participante_01_sesion_01_rep_026.csv,47,31.25,1.504,1.0500425531914892,3.5122445775916664,0.29413030054454925,1.0172628541478281,-0.02935929879064469,0.01554968308342789,0.05882340425531914,3.7530774801232307,-1.1426378521478118,-0.02617021276595744,-0.3890310231524773,0.059402405180388536,0.6046808510638297,3.65165638805499,-1.3027014901021636,-0.29404255319148936,0.43720226632326903,0.5294854764107308,0.38653829787234034,3.4271381946129433,-0.05192210767171357,-0.4082978723404256,0.6997062881944334,0.22461008325624426,78176.1888425532,3.6897220327043483,-1.2378070251145423,-76.31702127659575,0.20862387971009602,73924.76852136911,1010.6794382978726,3.588554213509381,-0.2077267189149099,-7.372340425531915,0.2226392103088911,977.1177748381127,86627.71003404255,3.6107963743097384,-0.24447098110712684,267.8807133048728,-0.11369847551958275,15190.84289664803,7440.841753191489,3.5287376333001808,-1.213564127339903,-11.388085106382979,-0.03990705193792587,7470.091385383902
circulo,01,01,026,circulo_p01_s01_r026,2,circulo_p01_s01_r026_w02,circulo/participante_01_sesion_01_rep_026.csv,47,31.25,1.504,1.065231914893617,3.8131320126996733,-0.7433421863964678,1.022381198672952,-0.16651797228722304,0.02040269948266775,0.08138297872340426,3.174034772384073,-1.0254299896196069,0.06638297872340426,-0.839044388896624,0.07864967622571693,0.5023872340425531,3.242497564435117,-1.3408278342889377,-0.23191489361702125,0.06416006881096854,0.4583549491211841,0.4814617021276596,3.6003660552528642,-1.1972904532402506,0.051276595744680846,0.34153813135531613,0.4892418131359852,60862.5800255319,3.6771669164110943,-1.2956876517845919,173.40340425531912,0.15742356213477318,31463.270709898243,786.9248595744682,3.8048264908791802,-0.6329695316486985,-14.102127659574466,-0.36032401946759185,600.8386562442183,65914.23870425533,3.571749502743366,-1.3404526765189007,208.11611979799028,0.19560408691108574,23093.26545805961,4264.733819148935,3.385328277673352,0.8169945464432633,22.877234042553187,-0.6537726677219746,3822.7000247918595
circulo,01,01,027,circulo_p01_s01_r027,0,circulo_p01_s01_r027_w00,circulo/participante_01_sesion_01_rep_027.csv,47,31.25,1.504,1.020836170212766,3.164063131281023,2.1055303376826373,1.0033228017927456,-1.1605028234776606,0.014487776172380076,0.09113829787234042,3.150954558983599,-0.5586531307346339,0.07638297872340426,-0.9519275322187624,0.08715837187789081,0.393827659574468,3.11705494023835,-1.5367736006991368,-0.1172340425531915,-0.4465789688380431,0.38834653098982425,0.5358702127659575,3.0280358042287903,-1.277749674394862,0.3346808510638298,-0.46460850715212193,0.4330732654949121,76455.69599361703,2.771738053391015,-0.3385342144582739,-168.9036170212766,-1.067447367182033,48969.161197502304,3066.600272340425,2.922932670633971,1.0202738576942165,-1.9906382978723405,0.6635568037355674,3129.216710453284,87599.54210851064,2.9746268115285344,-0.49289951844989144,192.35425696907734,0.9675223348662119,51699.36849817576,8077.245842553191,3.042924971418402,-1.581692365040531,-61.291914893617005,-0.4170226957231581,4414.4719462534695
circulo,01,01,027,circulo_p01_s01_r027,1,circulo_p01_s01_r027_w01,circulo/participante_01_sesion_01_rep_027.csv,47,31.25,1.504,0.9789936170212763,3.2147129271874864,1.6694563363834813,0.9727676632507511,0.1079973412881913,0.03342792275397028,0.10912765957446807,3.600366055252864,-1.5174775845020956,-0.08170212765957445,-0.043804744198124745,0.10467964847363555,0.6175936170212766,3.49212721402769,-1.0539051769155952,-0.45510638297872325,0.6669973028269363,0.41939509713228496,0.25227234042553187,3.673602214303878,-1.153466303199048,-0.2923404255319149,-0.046694425460895014,0.17043570767807584,124753.62709574468,3.537695500199526,-0.8361836604516575,24.024042553191492,-0.34726860422922734,126875.96100721553,5007.416370212765,3.0377254737513018,-0.07351517984766298,-19.07617021276596,0.4723147384492107,4744.46210240518,143575.44443404255,3.7825843300788224,-1.3351024092706423,315.0161119814781,-0.035574448536277295,45304.213052770116,13814.400968085107,3.5555410436307993,-1.1948232349325072,-3.477234042553191,0.11288109761178616,14102.360024791853
circulo,01,01,027,circulo_p01_s01_r027,2,circulo_p01_s01_r027_w02,circulo/participante_01_sesion_01_rep_027.csv,47,31.25,1.504,1.053463829787234,3.1112958242513655,1.3504756250681291,1.0082163342966344,0.07707179266650355,0.037767210719576075,0.08044468085106384,2.9746232992056933,0.35926028791740583,0.08021276595744682,-1.2725315202903134,0.0756195189639223,0.31939148936170214,3.0969340643515317,-0.39548945803278057,-0.051914893617021285,-0.9337346588780758,0.3235810360777059,0.6536276595744681,3.4771940276247832,-1.3560801579176491,0.3308510638297872,-0.3987589099880899,0.5559949121184089,65468.365574468095,2.9703737047329324,-1.2268354671520412,168.47787234042556,0.6975387881315556,37889.73671711378,3166.2222085106378,3.2746204368676057,-0.6282279737510095,-27.23446808510639,-0.9034365338953197,2477.21260786309,75411.83333404255,2.8476332965971203,-1.3814093021733165,189.16791865556158,0.6213521202278728,40488.79562220813,6777.245551063833,3.1425867814219868,0.5106275993978979,50.84787234042553,1.1300141124559517,4282.8641997224795
circulo,01,01,028,circulo_p01_s01_r028,0,circulo_p01_s01_r028_w00,circulo/participante_01_sesion_01_rep_028.csv,47,31.25,1.504,1.0397425531914894,3.0406531512856985,3.2968626126094334,1.004491477441065,1.1559090588544316,0.03140767330801195,0.06554255319148938,2.2678634223551097,4.661341560922584,0.1865957446808511,-2.2557053876828776,0.031392506938020356,0.36572765957446807,2.7844916982565273,1.100416099238121,0.1570212765957447,-1.2805377137637892,0.34848658649398706,0.6084723404255319,2.729124756114344,-0.7418886031043734,0.38851063829787236,-0.9455599200274505,0.46747816836262723,79336.94086170213,2.611895500703133,2.071834735866487,-161.84489361702128,-1.6588714976434813,54298.4576037928,1679.242034042553,2.9288017401605835,4.081211982290032,11.430212765957448,1.8956562532049401,1582.2573195189634,83873.11539148937,2.6258321396829967,1.8099668611047415,172.10092647161093,1.5928804048543646,55433.829683865624,2856.932495744681,2.5416914102160404,-0.347257766914729,-30.841489361702127,-1.1221435160379722,1947.164052081406
circulo,01,01,028,circulo_p01_s01_r028,1,circulo_p01_s01_r028_w01,circulo/participante_01_sesion_01_rep_028.csv,47,31.25,1.504,1.0509702127659575,3.410273878098683,0.7586292044022156,1.0040914107672336,0.790373769908075,0.04370044836310747,0.0921468085106383,3.567352885374283,-1.60799464441464,-0.09638297872340426,0.13929204369010195,0.08465837187789084,0.6842765957446807,3.2734768665482377,-0.10274177677094976,-0.5153191489361703,0.9191379494369378,0.4278254394079557,0.2745468085106383,3.5631032909015232,-0.8051144427506767,-0.1146808510638298,-0.20422901796188317,0.26707761332099905,94187.0221042553,3.49212721402769,0.6628557867144931,-104.77,-0.7489770306719042,85019.1881,2212.2441765957446,3.2446223616714978,1.9487292063229615,6.69595744680851,0.9554243970231844,2214.5259028677156,102567.57159361703,3.1001032065760117,1.122797117124497,232.62538556926836,1.235882739003846,49506.32770372208,6168.305312765958,3.4070208310489662,-0.30125673342031956,-11.167446808510636,0.6575002515210632,6174.9759107308055
circulo,01,01,028,circulo_p01_s01_r028,2,circulo_p01_s01_r028_w02,circulo/participante_01_sesion_01_rep_028.csv,47,31.25,1.504,1.0396553191489364,3.47344975533455,0.1362539520046866,1.0015363525066683,0.1330002287545674,0.0373754766643263,0.09266170212765958,3.3697580666976243,-1.7658608972943397,-0.049999999999999996,-0.20076871007593736,0.09212173913043477,0.5370085106382979,3.5902799385401836,-1.0776414395221965,-0.3876595744680851,0.3185455140047772,0.3951357076780759,0.40998510638297875,3.4183414475519345,-0.7371114440303148,0.10106382978723406,0.009288815191732617,0.4084618871415356,77030.34750212765,3.6476600664555026,-1.145240039412355,181.07617021276596,0.482955376384198,45203.54565023126,1646.5393340425533,3.5994757578067706,-0.6611666704319541,-21.880638297872338,-0.35321046345852053,1193.163458279371,83218.18259574469,3.332582719494359,-1.1777025794085185,218.6124044539719,0.6002408400667867,36196.94702361071,4541.295759574468,3.6037253522795307,-0.961232862772611,30.479787234042558,0.5691399956459005,3690.806119518963
circulo,01,01,029,circulo_p01_s01_r029,0,circulo_p01_s01_r029_w00,circulo/participante_01_sesion_01_rep_029.csv,47,31.25,1.504,0.9703787234042551,3.0006789129165377,2.4725021591597223,0.9803410512598649,-1.041381753206481,0.009512541110674707,0.017874468085106378,2.7457994178654817,4.284565115526597,0.10063829787234045,-1.907191336203355,0.007914801110083258,0.1089063829787234,2.237743371619327,3.0760561063686547,0.15446808510638296,0.1251065719891256,0.08689481961147086,0.8435978723404253,2.288602084929182,0.8577731302746301,0.6040425531914893,-1.5641431077405523,0.4891376503237743,81082.4230106383,2.3180843235512576,-0.2429125348677128,-159.87510638297871,-1.1771650935146587,56729.38148640147,2426.2735234042552,2.3347835718812084,1.4082581481745056,12.695744680851066,1.2720080894816979,2314.3327119333953,87272.94241063831,2.227116003528137,-0.3472300794947403,169.23284257763075,1.1566939468436594,59907.82191250995,3764.2458765957444,2.4947263510792315,0.48439164584259675,-29.838723404255322,-1.4634487481994123,2936.3724722479187
circulo,01,01,029,circulo_p01_s01_r029,1,circulo_p01_s01_r029_w01,circulo/participante_01_sesion_01_rep_029.csv,47,31.25,1.504,1.0832319148936171,3.472706480784779,0.5615320048468666,1.0260045323682392,-0.5736992447629707,0.03121067128939237,0.16648936170212766,3.4361869909832077,-1.2877429491882624,-0.20638297872340428,-0.6027176124875033,0.12658880666049951,0.4100574468085106,3.582864714165784,-1.3098193698398446,-0.06574468085106383,0.012304672248967759,0.41455541165587423,0.5066851063829788,3.7135393833163426,-1.0531043071082027,-0.0876595744680851,0.2614821674276087,0.5098487511563369,165098.1954468085,3.6771669164110943,-1.0040412010092832,-30.30170212765958,0.1793646064392879,167749.13277964844,6894.224472340426,3.434402883768179,-0.23168567113341254,-21.723404255319146,0.011122787906044686,6561.933792506937,181999.0402255319,3.7665228938625788,-1.4504292507838477,355.40304721320103,-0.11527749579537463,56898.316740953174,10006.62030638298,3.652799958374357,-0.2849727512985587,-35.2672340425532,0.4483292078928376,8953.339085661426
circulo,01,01,029,circulo_p01_s01_r029,2,circulo_p01_s01_r029_w02,circulo/participante_01_sesion_01_rep_029.csv,47,31.25,1.504,1.1065531914893616,3.513479077381953,1.0993621104122733,1.0351491067505068,-1.0216832172149548,0.03578081215870665,0.18876808510638304,3.2337929704090462,-1.424081938016577,-0.12787234042553192,-0.5164529579765295,0.17616493987049028,0.3390531914893617,3.1709287482306796,-0.1070527253213962,-0.238936170212766,0.5810061511564076,0.2880923219241443,0.5787319148936171,3.5378460354186907,-1.1998898281783736,0.2293617021276596,-0.2844039200109368,0.5375626271970398,104540.5695851064,3.262003089810697,-0.8385003067269876,156.21468085106383,0.39771438402188203,81879.6635732655,4861.212589361702,3.32335435294108,0.1854301341142479,-35.32489361702128,-1.0231811861214914,3691.9158820536545,116693.46619361703,3.2285609254552536,-1.2516381860670087,247.59659234607446,0.5584226605771304,56593.510905538176,7291.684019148936,3.4219386969458436,0.39392313743908147,-15.0368085106383,0.15368720014917295,7219.177939592971
circulo,01,01,030,circulo_p01_s01_r030,0,circulo_p01_s01_r030_w00,circulo/participante_01_sesion_01_rep_030.csv,47,31.25,1.504,0.9574702127659573,3.0275445789882744,2.3615649934873097,0.9748411295916508,-1.1815712050969123,0.007310527970745792,0.032602127659574466,2.4552054810530044,8.638177225839843,0.07808510638297875,-2.7472252645856066,0.027081036077705824,0.2026574468085106,2.8476332965971203,0.40872452930609926,0.028297872340425505,-0.36590481109419853,0.20624486586493984,0.7222106382978724,2.512752252234406,-1.1065940812685602,0.45170212765957435,-0.8213716604276768,0.5294405180388528,68584.27298510638,2.6865715646249826,-1.077144573622714,-175.12617021276597,-0.6583002465362977,38739.33874153561,2195.1594595744687,2.652323894956114,0.49213671480797316,14.27574468085107,1.155336096275519,2034.653064107308,78609.60307234041,2.662754214012988,-1.2275652089747726,192.85978545219263,0.5329035994353932,42315.02592827628,7830.170627659574,2.8336966576172564,-0.7538600579303409,-57.80914893617021,-0.7817118714464781,4585.844077520814
circulo,01,01,030,circulo_p01_s01_r030,1,circulo_p01_s01_r030_w01,circulo/participante_01_sesion_01_rep_030.csv,47,31.25,1.504,1.0643531914893616,3.489317524425766,0.35950039542051293,1.0225658351097966,-0.04826591407478287,0.019119093580687377,0.27904680851063834,3.6414793418713893,-1.5614511655696326,-0.32042553191489365,-0.16961182720627363,0.18020851063829785,0.4390276595744681,3.718338585213847,-1.376522665009735,-0.17468085106382972,0.4230161848868007,0.4173950046253469,0.34627872340425536,3.5703679800567567,-0.0635697774964572,-0.22404255319148939,0.6388400616746438,0.30252025901942653,123395.73350638298,3.668861394590601,-0.9611107903878464,-53.55914893617021,0.409769253262606,123147.3065296947,5008.404310638298,3.524250086460178,-0.007744313159304017,-9.580851063829787,-0.10504181301953427,5023.494464477336,141165.6196255319,3.797070576483429,-1.0579177731058285,330.2038994498137,-0.18270472006815047,32829.504509618535,12761.481808510636,3.772703618446692,-0.4190144815102794,-64.66978723404256,0.5785545764586665,8765.8069586494
circulo,01,01,030,circulo_p01_s01_r030,2,circulo_p01_s01_r030_w02,circulo/participante_01_sesion_01_rep_030.csv,47,31.25,1.504,1.1001276595744682,3.254741025670871,0.7670770464368171,1.0408561529621296,-0.2137208608323645,0.017110174685243177,0.27049148936170214,3.1460705649534266,-1.635792585797517,-0.2955319148936171,-0.3185250521095969,0.18713395004625352,0.4518872340425532,3.2630465474913644,-0.3615809532069165,-0.30829787234042555,1.0819383458949734,0.3645970397779834,0.37774893617021277,3.590279938540183,-0.8434216554556535,0.15829787234042553,-0.3870960586832494,0.3603579093432008,89458.05187446809,3.3992649166532165,-1.4963608887559796,196.80446808510632,0.40816684793973834,51828.793503515284,3519.9595212765967,3.2694805449487516,0.9403663929877495,-35.22234042553192,-1.2232602294525412,2328.8972617946347,101735.38306382978,3.2676964377337216,-1.4042636113716775,245.922542699923,0.4402249857754648,42154.38792661333,8757.371668085107,3.727135332274856,-0.4772125830420544,-38.787234042553195,0.1353941686308785,7410.594363922294
circulo,01,01,031,circulo_p01_s01_r031,0,circulo_p01_s01_r031_w00,circulo/participante_01_sesion_01_rep_031.csv,47,31.25,1.504,1.0057723404255319,3.35720295040437,0.6338440002868948,0.9975554434737408,0.07840631736603632,0.010887118439297518,0.06699361702127658,3.4527396524399676,-0.9125432856499174,-0.04787234042553191,-0.6861925842131859,0.06610841813135986,0.45665531914893615,2.8993976278591007,-1.6720901040576313,-0.13446808510638297,-0.14528426111510523,0.44810786308973166,0.4821234042553191,3.3952315256970342,-1.167050204133685,0.24340425531914897,-0.42004734753949563,0.4320707678075855,69831.2830468085,2.9702266818366088,-0.8693888562137877,-163.6672340425532,-0.6687148094413584,43980.06562479185,3567.763234042554,2.750595107440144,1.4394128674673654,10.191063829787232,0.7420507705905783,3539.207744495838,84693.43780851063,3.0611112048710263,-0.9392156212691587,202.60851130699547,0.7111616180550321,44591.9948013101,11294.391527659576,2.887784314687875,-1.390276409551463,-65.06212765957446,-0.3681969707924323,7214.8178345050865
circulo,01,01,031,circulo_p01_s01_r031,1,circulo_p01_s01_r031_w01,circulo/participante_01_sesion_01_rep_031.csv,47,31.25,1.504,1.0410127659574469,3.6063413747564277,0.16487132394631665,1.0134714987736682,0.022863835262351903,0.014190206416355919,0.08606808510638299,3.595969437883781,-1.326914226908097,-0.018723404255319147,-0.45421473228200504,0.08758094357076782,0.5344425531914894,3.3545869279274743,-1.3448970391908972,-0.25872340425531914,0.33520033310364644,0.47766790009250704,0.4205021276595744,3.511354280145573,-1.0246659278754857,-0.08723404255319141,0.29079499137579073,0.42186827012025896,115121.81142765956,3.5304308110442912,-1.1068238946642863,86.19340425531915,0.07727060839173934,110033.64997946346,3396.4676978723405,3.084528259713424,1.4553185304025718,-4.703829787234041,0.8319147002845545,3447.69693718779,129622.3498489362,3.541201820122516,-1.5664991339562702,293.05976824937096,0.08611760998921743,44689.155171312515,11104.070723404255,3.3051681194884557,0.04139900539164243,-14.23574468085107,0.16985020375618462,11138.401564107307
circulo,01,01,031,circulo_p01_s01_r031,2,circulo_p01_s01_r031_w02,circulo/participante_01_sesion_01_rep_031.csv,47,31.25,1.504,1.0645446808510637,3.4878776195549297,0.6558047300634042,1.0242138941839811,0.5411471503001352,0.01586820111179982,0.0484936170212766,3.499941510607668,0.3613010608148035,0.13829787234042554,-0.9531541249697758,0.030005735430157263,0.4027425531914893,3.2264361282188734,1.928755475989055,0.3593617021276596,-1.37396488363289,0.2795495837187789,0.6133085106382978,3.2400611121412366,-0.4137036476911753,0.4193617021276596,-1.0510654183419894,0.4469539315448658,85405.45899787235,3.2578157261015903,-1.1742094937052923,162.45893617021278,0.7104213789672214,60295.43464449584,1840.9757361702127,3.598984532566255,-0.23326333935556232,-24.422978723404253,-0.7435184978400561,1271.5480604995373,92556.61027021278,2.9812356432820764,-1.0210999454835887,218.50539784632957,0.8702291534254506,45786.175325321965,5310.175536170213,3.1852970067028132,2.3266556513823806,22.12978723404256,1.29172528081426,4925.240402127659
circulo,01,01,032,circulo_p01_s01_r032,0,circulo_p01_s01_r032_w00,circulo/participante_01_sesion_01_rep_032.csv,47,31.25,1.504,1.0217595744680852,3.2543094061786006,1.403379791364629,1.0037541764297389,-0.37560873260545163,0.014546630545505018,0.08366808510638298,3.1169627872034122,-0.7477471095322268,-0.08936170212765956,-0.9228145589767038,0.07732784458834412,0.5167617021276596,3.0140369095078077,-1.6142162107532567,0.08127659574468085,-0.35257529235214946,0.5212461609620721,0.4213297872340426,3.229601758120512,-1.3196453698827169,0.053829787234042546,-0.20043781966441465,0.42752849213691035,53202.95281276595,3.390274502467179,-0.6552462591465273,-152.69148936170214,-0.6228925400266792,30538.006712950973,543.5716553191488,3.390274502467179,-0.5742853554109062,13.399999999999999,0.5758103077808202,371.924952173913,57559.633334042555,3.2891066832722116,-0.6735727669709504,177.5407544549707,0.6537218376292164,26604.977185985004,3813.1088659574466,3.134955353531009,-0.6104715704989223,-25.60744680851064,-0.5672487979818457,3226.0059585568915
circulo,01,01,032,circulo_p01_s01_r032,1,circulo_p01_s01_r032_w01,circulo/participante_01_sesion_01_rep_032.csv,47,31.25,1.504,1.0349468085106384,3.4421587981639292,-0.12174141989061527,1.0116114813567083,-0.3122070381806559,0.011840954500052922,0.10176595744680852,3.6771669164110943,-1.0574900103029155,-0.16042553191489362,-0.1651737659987244,0.07768242368177614,0.4656468085106382,3.477447300498055,-1.384543520815505,-0.1672340425531915,0.33931633048106546,0.44719435707678085,0.4675340425531914,3.564337790691808,-0.4777092441691879,-0.3091489361702129,0.6451028999893723,0.3800470860314524,99225.35141914892,3.683347640995208,-1.0919936307178821,81.28702127659574,-0.4429887194754966,94631.2014083256,1731.2934234042552,3.6099060768636444,-0.8362452776549354,-6.695957446808511,-0.5705527266434874,1723.119698519889,106180.05442553193,3.7271353322748557,-0.9976962097738702,293.61671053267565,-0.35697722792744674,20403.39654153556,5223.409582978724,3.374704291491451,0.053361457005175694,-26.313617021276592,0.4877128888136124,4629.503210545791
circulo,01,01,032,circulo_p01_s01_r032,2,circulo_p01_s01_r032_w02,circulo/participante_01_sesion_01_rep_032.csv,47,31.25,1.504,1.0264744680851061,3.40969523571009,-0.07957510339993235,1.0068642614776164,0.12025547582672423,0.012974888501723666,0.034723404255319154,3.421847767474924,0.696141226250564,0.038297872340425546,-0.9292939755071224,0.03397964847363553,0.20135319148936176,2.988010330760814,0.7130838026021467,0.1417021276595745,-0.2978094348486012,0.18521443108233115,0.7903978723404257,3.0890158065534274,-0.9432377217741896,0.4172340425531916,-0.8546980316932303,0.6297117483811285,64480.34437659575,3.1173295259391556,-1.7506400154161352,167.49893617021277,0.2821112054784252,37216.28664449584,1835.4603808510635,3.7114145860799637,-1.1084076467269466,-19.661063829787235,-0.33110626192377784,1480.400840148011,67875.97140212766,3.0119743680125466,-1.740772713793767,193.6276676516723,0.30871690401809004,31044.825933246877,1560.166644680851,2.982928821026186,4.619600792768234,2.62191489361702,1.9471361262618245,1587.0594288621644
circulo,01,01,033,circulo_p01_s01_r033,0,circulo_p01_s01_r033_w00,circulo/participante_01_sesion_01_rep_033.csv,47,31.25,1.504,0.987872340425532,2.9359206299835137,3.7268325540939937,0.9898195612566714,0.5223285679838249,0.008306306504816795,0.009472340425531916,2.9460067466961952,6.063895868404185,0.08340425531914894,-2.1090659235010993,0.002570767807585569,0.23791489361702128,2.454729076279456,2.7930979123926303,0.4514893617021276,1.0385704664188071,0.03481295097132286,0.7404851063829787,2.3628206944612264,4.076793590335103,0.6553191489361703,-2.275759381579383,0.31780370027752086,47727.89739574468,2.1085972480517006,0.946991915456922,-111.12936170212765,-1.5872288984837288,36147.25284958372,1309.6393106382977,2.587394981328677,2.8416011473043836,5.264680851063829,1.4331987295461925,1309.790325439408,49877.31543617022,1.9304404873338799,0.8903054351310535,118.29214073752566,1.5764507498749996,36664.3780253798,839.778729787234,2.856532781312239,0.40667238237031444,-14.350425531914897,-1.3141160373193752,647.6232345975949
circulo,01,01,033,circulo_p01_s01_r033,1,circulo_p01_s01_r033_w01,circulo/participante_01_sesion_01_rep_033.csv,47,31.25,1.504,1.0357340425531913,3.496183141375423,0.18537738271642779,1.0100999378230777,0.17118584138268933,0.015767639862201917,0.1261723404255319,3.4015367367859204,-1.5915891544934635,-0.19765957446808513,-0.3589885627613665,0.08899657724329323,0.5109744680851064,3.3432663114245065,-1.719923549488888,-0.1502127659574468,0.11628371778001585,0.49902821461609626,0.39858723404255325,3.4908927142374035,-1.0171994401932307,0.07234042553191489,-0.18906453006222848,0.4019052728954673,78613.70270851064,3.537695500199526,-0.6043304003685956,-132.01340425531916,-0.10623022052124076,62516.297801202585,2595.7304127659568,3.7518429803329445,-0.5473336918788836,16.395319148936174,0.4711182413984945,2377.509225439408,86173.38456382978,3.462367091198825,-1.0871731100961581,227.1163651459343,0.47846099972348,35343.531273831184,4963.951442553192,3.6854724382315878,-0.3458570752881962,-23.351914893617025,0.3071827713065339,4514.696894079555
circulo,01,01,033,circulo_p01_s01_r033,2,circulo_p01_s01_r033_w02,circulo/participante_01_sesion_01_rep_033.csv,47,31.25,1.504,1.0078382978723404,3.4891121193452155,-0.09825487770576657,0.9952345958833726,-0.17738525898513405,0.017723492616791906,0.13075744680851065,3.698859469786709,-1.50097191110218,-0.1991489361702128,-0.2014995542598162,0.09307752081406108,0.5255531914893616,3.5412018201225157,-1.3416435060819212,-0.22638297872340424,0.4637394291115735,0.4846148936170213,0.3515276595744681,3.705783468920592,-0.844485152581925,-0.22340425531914893,0.18868981935283574,0.3081751156336726,87623.238406383,3.6081219696486158,-0.5019410690384203,113.79808510638298,-0.769220037626821,76296.56541147087,2316.9381340425534,3.5781238944525073,-0.25657694611270365,4.291702127659574,0.6505564743643186,2348.487240518039,94750.7992425532,3.608671577073358,-0.7918288089035177,275.57307301783135,-0.300628571508525,19219.199815063574,4810.622702127659,3.6715357992517244,-0.5945620720892122,-14.012340425531915,-0.008276878269776215,4714.587387881591
circulo,01,01,034,circulo_p01_s01_r034,0,circulo_p01_s01_r034_w00,circulo/participante_01_sesion_01_rep_034.csv,47,31.25,1.504,0.989372340425532,3.589045438749897,0.1172050769106705,0.9934043260291077,0.29754657133475687,0.0025749720924515677,0.035374468085106386,3.2871755531608597,0.6213030002166948,0.10340425531914899,-1.245373490511888,0.02521859389454209,0.3475489361702127,3.5082470324281614,-0.8819422844119571,0.04085106382978722,-0.43616617702218274,0.3533992599444958,0.6064489361702127,3.2350239578764906,-1.6584852224744004,0.12276595744680852,-0.1760741929559597,0.6042334875115634,46896.893457446815,3.5858798088482584,-1.3594613919301657,-172.14659574468084,-0.11664670840203595,17637.71353163737,1959.4615808510637,3.6268578105259817,-1.0064773198140187,23.77468085106383,0.17991716513363662,1424.5353950046253,50148.374865957456,3.601941245064502,-1.3267771805146984,179.69482771995465,0.09489400300019771,18246.364273102237,1292.0198276595743,3.4396933109061973,-0.3702911529613724,-29.216808510638305,-0.4579894192230161,447.928317853839
circulo,01,01,034,circulo_p01_s01_r034,1,circulo_p01_s01_r034_w01,circulo/participante_01_sesion_01_rep_034.csv,47,31.25,1.504,1.024044680851064,3.702768374238118,-0.24616091080408387,1.0091961551954627,-0.26664392939843923,0.0056888403460581835,0.0709,3.703658671684212,-0.7931090180148761,-0.14957446808510644,0.6692544467635219,0.04958242368177613,0.5879340425531915,3.1426490371631055,0.44569530843376093,-0.5478723404255319,1.2347635044237004,0.29402580943570766,0.3652106382978723,3.605997172412235,-1.5322876054815762,-0.4180851063829787,-0.1301600054434109,0.19455494912118407,54337.89259361701,3.704893171474499,-0.6474291485445804,-40.188297872340435,0.5773548519816111,53868.94098834413,2237.9366765957448,3.583414321590526,-0.7758930905912669,23.13787234042553,-0.25282284102237074,1739.588051896392,57790.237546808516,3.7795692353963486,-1.1413504610211924,205.4135726063803,0.08688891719356649,15934.534382324258,1214.4082765957444,3.3484645855275885,0.050909008549095525,-17.691063829787236,0.6069290357678132,921.0309401480113
circulo,01,01,034,circulo_p01_s01_r034,2,circulo_p01_s01_r034_w02,circulo/participante_01_sesion_01_rep_034.csv,47,31.25,1.504,1.0137617021276595,3.2555439059688873,1.4872977990310812,1.0025648044524913,-1.2062495680985594,0.008813026196466804,0.08104042553191489,3.56680327794954,-1.244037526170806,-0.09425531914893616,0.504834388081865,0.0737249768732655,0.5279191489361702,3.266864522471854,-1.1998824650658246,-0.24340425531914897,0.44484903060836617,0.4788620721554117,0.40480212765957446,3.581080606950755,-0.822845131228783,0.0678723404255319,-0.16807809645695618,0.40889537465309894,70369.71814255319,3.4496324047225557,-1.7079026211166397,185.46361702127658,0.1481118190998158,36754.985880111,1949.8637425531915,3.6003660552528642,0.17273440647186922,13.416382978723405,0.656891755618302,1808.3397235892692,73896.79879574467,3.2611750231282572,-1.706099850485938,212.00560525355257,0.21909691087788524,29579.77913979385,1577.2169106382978,3.4838800743914238,-0.10243417657870912,-19.741276595744683,0.04047044177016442,1213.314102682701
circulo,01,01,035,circulo_p01_s01_r035,0,circulo_p01_s01_r035_w00,circulo/participante_01_sesion_01_rep_035.csv,47,31.25,1.504,0.9926446808510639,3.1696346426921473,1.426282480078351,0.9947594103878346,-0.6113557942944023,0.0031657527371268548,0.06492765957446808,2.667226187447745,1.6268042062761454,0.17021276595744686,-1.6810578997972663,0.036736910268270126,0.3002382978723404,2.8476332965971207,-0.12281925757165846,0.0748936170212766,-0.8100712837370678,0.3010342275670675,0.6274787234042553,2.61636747413789,-0.9047700422425322,0.36617021276595746,-0.8089980305888941,0.5041241443108233,70161.10880851065,2.6452976582071854,-1.0025300685127159,-183.51872340425535,-0.5210768954304607,37275.073641813135,2172.32735106383,2.591423850214856,-0.3756951384791485,23.879787234042553,0.6650783762202876,1636.911006475486,74384.07488510638,2.708653105626068,-1.0666800993029804,190.3193904417857,0.48574600769891496,38992.22634408162,2050.638725531915,2.780713147071021,-1.5215716980375522,-30.683617021276596,-0.46122567193202774,1133.2664235892694
circulo,01,01,035,circulo_p01_s01_r035,1,circulo_p01_s01_r035_w01,circulo/participante_01_sesion_01_rep_035.csv,47,31.25,1.504,1.0407808510638301,3.6129211715461187,0.2989670096250925,1.0139714785264713,0.40064287853186276,0.012917532924729982,0.06979148936170214,3.7748284156830723,-1.4441392344692296,-0.07914893617021276,-0.08515716804583762,0.06490795559666974,0.6157680851063829,3.4996298555501677,-1.5674637750461167,-0.21425531914893617,0.385802703524768,0.5822510638297872,0.35522127659574465,3.7175953106640764,-1.120258884166154,-0.20808510638297867,-0.02192649138351062,0.31870277520814055,131633.4826212766,3.6498432458761103,-1.2808957126483231,-33.69276595744682,0.2845398355024085,133335.19927696578,3039.6980276595755,3.601941245064502,-0.12373015762597905,15.087021276595744,-0.22077724803985388,2873.2119865864947,137988.3645382979,3.4769560752575397,0.16371490245061038,335.8627222435143,-0.17531085075319786,25732.087570375377,3315.1838893617023,3.550741841733296,-0.2549982420987713,-25.47617021276596,0.8319706958779409,2724.108393709528
circulo,01,01,035,circulo_p01_s01_r035,2,circulo_p01_s01_r035_w02,circulo/participante_01_sesion_01_rep_035.csv,47,31.25,1.504,1.0449234042553193,3.5195092667469017,0.27497627908419187,1.0153947181040945,0.07492221074168723,0.014199078760355687,0.09494042553191488,3.5464922472605354,-1.3155956152355714,0.04425531914893617,-0.46974859064728536,0.09500323774283072,0.41471702127659577,3.377572363277602,-0.9960807286606905,-0.14617021276595746,0.2688849460657287,0.40190240518038856,0.5352659574468085,3.32335435294108,-0.5987214106719807,0.3091489361702128,-0.768460070741138,0.44925143385753935,81867.5200851064,3.262647475285786,-0.9942998483127856,202.31063829787234,0.33569465671730775,41827.880623496756,1215.7025723404254,3.27307779434266,2.5596822112389903,-2.863617021276595,-1.2218963376954313,1233.7523192414435,84642.48828085107,2.8945984259615973,-0.8250714982052338,220.81761356237837,0.4440049052080799,36662.114817586036,1559.2656234042552,3.4996298555501673,0.3858216551823008,0.0853191489361703,0.4420187382723382,1593.1552645698428
circulo,01,01,036,circulo_p01_s01_r036,0,circulo_p01_s01_r036_w00,circulo/participante_01_sesion_01_rep_036.csv,47,31.25,1.504,0.9901127659574468,3.3611083425329387,0.847446795322405,0.9928633898086939,0.0032130184162872184,0.004429295464059101,0.030944680851063833,3.186839649227759,0.6514194718787945,0.08595744680851064,-1.2342873043482925,0.02406808510638298,0.29435531914893615,3.2620653205743513,0.0009098114465739826,0.10148936170212765,-0.7656464875824813,0.29023034227567074,0.6648127659574468,2.855389210992871,-1.3972905322644935,0.34765957446808504,-0.6014910799526089,0.5557704902867716,60752.994110638305,3.346622096128332,-0.8159206786610889,-177.1268085106383,-0.6109796164074303,30017.76363959297,679.6542893617021,3.756642182230448,-0.5291331716639007,-3.2093617021276613,-0.20068285975152877,683.9054669750232,63392.64557234042,3.374213066250935,-0.841234888071007,187.81524682609074,0.5965962964959758,28729.341210951457,1959.997172340426,3.6637798848559737,-0.5506886654003464,-31.787872340425526,-0.664957164870377,970.1702649398705
circulo,01,01,036,circulo_p01_s01_r036,1,circulo_p01_s01_r036_w01,circulo/participante_01_sesion_01_rep_036.csv,47,31.25,1.504,1.0158659574468085,3.4370772884293017,-0.10272014338297764,1.0032030519401525,0.6138313334956371,0.009655019981832732,0.05107021276595745,3.6212266933666117,-1.0956755803585354,-0.057659574468085104,-0.06210856438516337,0.048783533765032375,0.6512382978723406,3.40578633125868,-1.4024234537691243,-0.3327659574468084,0.5324708057015497,0.5522552266419981,0.31355744680851066,3.6663959073328702,-0.7159703854201238,-0.26851063829787236,0.34191720920099056,0.2467086031452359,108200.50271489364,3.780459532842442,-0.9751729476171311,-54.26553191489361,0.4501964819343106,107543.92334264569,1416.8065659574468,3.5117533523511515,1.1674541651898096,-8.157021276595744,-1.1480493723430274,1379.6232561517115,113018.24045319148,3.8816273520374103,-1.0087323663334475,299.12773911847455,0.05656157309210381,24052.593450519227,3400.9311723404257,3.662339979985137,-1.108772534598104,-6.815957446808511,0.24648323944268602,3427.3972419981505
circulo,01,01,036,circulo_p01_s01_r036,2,circulo_p01_s01_r036_w02,circulo/participante_01_sesion_01_rep_036.csv,47,31.25,1.504,1.0352723404255317,3.434062193746827,-0.09519072984123111,1.0117324400604413,-0.1844544215605712,0.011923501679983423,0.07924893617021278,3.207506620216478,-1.163717608285036,0.07425531914893617,-0.711067475705477,0.07533802035152636,0.48502553191489367,3.2850507559244786,-0.9287839279607635,-0.32638297872340427,0.41342403233531283,0.3867279370952822,0.47099787234042545,3.2703159725334583,-1.0413635175625844,0.24531914893617024,-0.28559039753315335,0.4197471785383902,84332.75276595743,3.5950791404376874,-1.3320053949540478,181.4948936170213,0.32042480892573116,52509.58149509713,1271.1738127659576,3.226927353459389,2.283739979737276,-19.404680851063826,-1.5975306015994666,914.0806993524515,87699.99229148935,3.478887205368893,-1.3378635227246745,224.28938184667223,0.4742126094973954,38207.1842971602,2096.065712765958,3.643662521291997,-0.40086157167193504,14.63085106382979,0.03177666475319539,1922.917038390379
circulo,01,01,037,circulo_p01_s01_r037,0,circulo_p01_s01_r037_w00,circulo/participante_01_sesion_01_rep_037.csv,47,31.25,1.504,1.0338787234042552,2.608628856750468,13.43875588473474,1.0093262972933548,2.753818241880333,0.015468260931045124,0.06094893617021277,3.2893925034321776,-0.7471942132690557,0.022553191489361694,-0.8383821306917392,0.061754209065679924,0.41686595744680854,3.3687397704239164,-0.8731468697241143,-0.1270212765957447,-0.34061277402539225,0.40944310823311747,0.5560638297872339,3.307292916724836,-1.446298988396317,0.18425531914893617,-0.23526136134825495,0.533464107308048,61644.3990574468,3.1005896959296684,-0.9859016866138783,-175.630425531915,-0.5676597382662354,31467.88209111933,3457.955191489361,3.4887679170010233,-0.5206416397296296,38.05787234042554,0.6897038909132305,2053.239491026827,67882.18698085107,3.1268076530428672,-0.9796229016163682,192.32030243452635,0.5718715323263623,31566.720605655213,2779.8327319148934,3.039418651495412,-1.2233614963012978,-31.51531914893617,0.06796119278126313,1825.4568993524515
circulo,01,01,037,circulo_p01_s01_r037,1,circulo_p01_s01_r037_w01,circulo/participante_01_sesion_01_rep_037.csv,47,31.25,1.504,1.068623404255319,3.107573300811797,5.522904133933292,1.0228751999721177,1.7448246106001468,0.022835593222913175,0.07276382978723403,3.755751884784354,-1.4754031073503535,-0.029148936170212754,-0.1267126019604011,0.07347752081406107,0.617163829787234,3.4983079386118034,-1.2100588952437747,-0.3342553191489363,0.41117530667938246,0.5164249768732655,0.37869574468085104,3.7601485021534375,-1.2947872583743516,-0.4359574468085105,0.12684497887268745,0.19273765032377427,81310.75962340426,3.346831013531723,-1.4447467155086509,48.54617021276596,-0.1636333669211951,80670.42091544866,3273.631653191489,3.73015042695733,-0.583023582608988,10.506595744680853,0.24206140527547215,3232.0092533765032,88209.77194893618,3.2660032599896116,-0.4075661399661885,268.3703214518763,-0.46593012598710143,16539.036915203935,3625.3806723404255,3.6762766189650007,-1.1798474973590862,-7.492340425531917,0.060951492175287024,3646.8378009250687
circulo,01,01,037,circulo_p01_s01_r037,2,circulo_p01_s01_r037_w02,circulo/participante_01_sesion_01_rep_037.csv,47,31.25,1.504,1.0312851063829789,3.286432278611089,2.258566638025406,1.0086152092281078,0.6664453460149984,0.01428438927273482,0.0712,2.615790808251594,1.2785153831589255,0.18255319148936167,-1.622122147598716,0.03869768732654949,0.3277191489361702,3.3744988864109007,-0.3943865602694525,-0.022553191489361708,-0.27653947565365816,0.33432377428307125,0.6323659574468085,3.4951423087101645,-1.4201119144460634,0.22765957446808513,-0.38490975269182803,0.5931574468085108,62743.36959999999,3.0819718429847733,-1.5560165960081214,194.29148936170213,0.0032934082313133893,25537.538647733578,1080.9699723404256,3.426097361947685,0.4178947975276617,-17.177659574468088,-1.059319453856923,802.9827226641997,65258.91934893618,3.103118301258486,-1.5103278476375177,202.14501523406273,0.021806797312900812,24926.66677723837,1434.5797765957448,3.0685848114296523,0.7855274082392523,12.24744680851064,1.0211539528022322,1312.5054716003701
circulo,01,01,038,circulo_p01_s01_r038,0,circulo_p01_s01_r038_w00,circulo/participante_01_sesion_01_rep_038.csv,47,31.25,1.504,1.0630957446808513,3.5304308110442912,-0.17444190732195786,1.0261879823307072,0.248827205796808,0.010252099374815303,0.040025531914893615,3.598241258016484,-1.5613752073381528,0.020425531914893613,-0.11972460994809624,0.04046938020351527,0.5604340425531915,3.483136799841653,-1.4040047770259614,-0.26765957446808514,0.32522390746253,0.499418316373728,0.462636170212766,3.583414321590527,-0.6518150039695878,-0.24276595744680848,0.6042400689314865,0.41247696577243287,114850.33427446811,3.5108630549050575,-0.28407612372806046,-73.47468085106384,-0.012176502640871391,111831.1926254394,1081.8691936170214,3.2737301394215113,1.2158382422450202,4.703617021276595,0.1590492946431261,1082.783119241443,119304.55751276595,3.3302199698907367,-0.18700823474168438,278.2714684218185,0.6570969400586141,42779.75492676408,3372.3540446808515,3.694521234601852,-0.7814050586990664,-27.535531914893618,-0.29666215734077267,2670.9778426456987
circulo,01,01,038,circulo_p01_s01_r038,1,circulo_p01_s01_r038_w01,circulo/participante_01_sesion_01_rep_038.csv,47,31.25,1.504,1.0360170212765956,3.358836522400235,2.1839885858154595,1.0118840710431765,-0.82461264337192,0.01237085778580697,0.07682340425531914,3.6298180353470713,-1.57130943586705,0.10446808510638299,-0.13410373660124827,0.06734264569842739,0.5040510638297871,3.4510139274091647,-1.0544850917772766,-0.22851063829787235,0.43087431546601995,0.4616564292321926,0.45514255319148944,3.312374426459464,-1.093400005721847,0.08702127659574468,-0.22751815628438474,0.45729962997224793,73914.42361914895,3.5379334525667683,-1.561938758453162,180.21510638297875,0.22196657459355754,42337.74207335801,836.2591021276598,3.06434601539292,1.153221170889104,6.135744680851062,-0.6575671965314438,815.9728641073082,76341.67956808509,3.394212441882439,-1.6098852786142979,210.70927218228573,0.343709266324256,32637.70136242036,1590.99684680851,3.575108799770033,-0.8683021416427232,-16.32127659574468,0.4511067766356789,1353.4087070305275
circulo,01,01,038,circulo_p01_s01_r038,2,circulo_p01_s01_r038_w02,circulo/participante_01_sesion_01_rep_038.csv,47,31.25,1.504,0.9774340425531914,2.949025353701511,6.155801248925419,0.9851268928090168,-2.2041232224825964,0.00711033126150533,0.12353617021276594,3.06378560953215,2.03540712630518,0.34212765957446806,-1.6230707555126278,0.006625809435707678,0.18394893617021274,2.339710772606326,0.5584033184439852,-0.007659574468085103,1.5202351242630865,0.18788788159111935,0.6699489361702129,2.088391243775628,4.016948895046829,0.7272340425531915,-2.1790939270556726,0.14414653098982422,37497.63420425532,2.2946777831003637,-0.31614969439338125,99.51319148936172,1.2215456135211489,28194.644987419062,326.89089787234036,2.8963825331766264,1.170154423024865,7.139574468085107,1.4394862891184295,281.91557807585565,38808.18923404256,1.9627514401309916,-0.29110784486237096,113.4747485160959,1.239516370068808,26495.402654626378,983.6641319148937,3.1018838014682,-1.034320032550146,-18.896595744680855,-0.7903057378769803,640.2041664199816
circulo,01,01,039,circulo_p01_s01_r039,0,circulo_p01_s01_r039_w00,circulo/participante_01_sesion_01_rep_039.csv,47,31.25,1.504,1.0382553191489363,3.4054456412373293,1.0804256520478628,1.0120856457096372,-0.03352199047384114,0.014240964134343193,0.02502978723404255,3.575999097216127,-1.1638472061034224,0.10468085106382981,0.49870653806047777,0.014377613320999074,0.5795617021276595,3.4661850661793148,-1.2354715004326615,-0.3370212765957447,0.5295792240165804,0.47610832562442185,0.433663829787234,3.3576020226099477,0.020285090318147514,-0.28978723404255324,0.9309111361837601,0.35728908418131355,68070.56268723404,3.7483366604099544,-0.6339722994608601,-125.31595744680854,0.2016073135081718,53504.87509417206,1202.831014893617,3.516002946823911,0.7898341239244555,12.07212765957447,0.9607387607824591,1080.0750692876968,69917.58298297874,3.5563729588926662,-0.7519176052339875,218.0170974642451,0.3634101561220143,22872.783157032514,644.1892808510639,3.263046547491365,1.5196614289012107,1.5076595744680847,-0.15925090193409966,655.8709444033302
circulo,01,01,039,circulo_p01_s01_r039,1,circulo_p01_s01_r039_w01,circulo/participante_01_sesion_01_rep_039.csv,47,31.25,1.504,1.0153872340425532,3.61114057665393,0.34564143937913316,1.0002838871924753,0.5958730185419298,0.01514153948013572,0.06400212765957446,3.5465506294447624,-1.581572785342585,0.18872340425531914,0.20191438456520083,0.029002682701202594,0.5466765957446809,3.5638465654512923,-1.3740435545486713,-0.27872340425531916,0.3392908042870105,0.47918529139685473,0.4047085106382978,3.4873280121301864,-1.040548986220333,-0.12744680851063828,0.3091892874400069,0.3969107308048104,60731.84118297872,3.8920576710942836,-1.134212315741494,177.64510638297867,0.05962972200911031,29808.275999444966,617.2531595744681,3.497816713371287,0.5184926653937296,0.6878723404255321,0.2895650986550684,630.1882518963922,62369.75712127658,3.687597235467968,-1.203301537842414,203.40363551795147,0.3511929601042835,21453.168574560368,1020.6627787234045,3.734206354305063,-0.3153661206144043,-9.737446808510636,0.4654060789347123,945.9719716003702
circulo,01,01,039,circulo_p01_s01_r039,2,circulo_p01_s01_r039_w02,circulo/participante_01_sesion_01_rep_039.csv,47,31.25,1.504,0.9936510638297874,3.0837559501998024,1.8508756603412273,0.9920134820932849,0.3014664688786523,0.009768148113528741,0.12027234042553188,3.348406203343361,1.5323158600669942,0.3387234042553191,-1.2197702950528948,0.005659204440333022,0.2180851063829788,2.892525134401152,-0.910065671614122,-0.04170212765957447,0.8647570679301746,0.22104921369102679,0.6552936170212766,2.424462154804829,1.3260267627664222,0.5,-1.6205569487770808,0.414104347826087,53056.66889787235,2.8873956313134306,-1.3489041824229164,150.63659574468087,0.5700690944611769,31025.39980989825,548.1590042553192,3.2126790594220247,1.5870867084241507,-1.702553191489362,0.63192321441003,557.1138020351527,54296.49032127659,2.8873956313134306,-1.3253830124005286,161.91360245124025,0.5868410948363003,28690.920785636994,691.6624191489362,3.657599160271861,-0.6887689174060303,-17.5836170212766,-0.5452782944466794,390.7935888066606
circulo,01,01,040,circulo_p01_s01_r040,0,circulo_p01_s01_r040_w00,circulo/participante_01_sesion_01_rep_040.csv,47,31.25,1.504,1.0589425531914896,3.5959694378837805,0.024152232036473986,1.021618261731005,0.04189519502797306,0.015569956152018314,0.02127872340425532,3.6415377240556164,-1.2486514824079902,0.0376595744680851,0.09725417736069707,0.02029222941720629,0.628863829787234,3.4377847171863953,-1.3680761975314508,-0.3182978723404256,0.5307889632167754,0.5390187789084181,0.4088,3.291231480508592,0.3869601390440951,-0.3987234042553191,0.6883344605074123,0.25525050878815914,141449.5372638298,3.5138781495875313,-0.7163554526894438,-40.61319148936169,-0.04947968631401408,142839.23867872337,1947.0675595744685,3.4322780865317983,-0.11926794324178491,12.95936170212766,0.05697327177909577,1817.7990800185014,144446.33627234038,3.2808011614517185,-1.1577551375878945,305.98789521642146,0.3390134703488765,51922.47782409002,1049.7314489361702,3.7209546076907425,-0.7004519315211182,-4.362765957446809,-0.23396427719220936,1053.1041943570767
circulo,01,01,040,circulo_p01_s01_r040,1,circulo_p01_s01_r040_w01,circulo/participante_01_sesion_01_rep_040.csv,47,31.25,1.504,1.0178893617021276,3.1035173734640646,1.9154251429275586,1.0004616073432224,-0.4991811974929614,0.017334758585089944,0.07171063829787236,3.4522484271994514,-1.2435761325945174,0.16936170212765958,-0.28110324235871614,0.043962627197039784,0.44856170212765967,3.077722248512013,-0.5563343658269995,-0.2876595744680851,0.7191343343332646,0.3737661424606845,0.4976170212765958,3.3010538099564957,-1.1778718964109134,0.1621276595744681,-0.409049493296917,0.48157798334875107,88442.49824893619,2.9298830797162974,-1.5589370596490104,194.7363829787234,0.5206872422045115,51618.50546706752,1672.6047787234043,3.1789592483272355,0.007525679388495465,2.1055319148936165,0.5915613192614345,1704.4361122109156,91078.46162553196,2.7635792182102596,-1.5554346285863287,210.89890386371664,0.5432520151116762,47613.15993058461,963.3585978723402,3.503598365749823,0.5419908032609078,-3.882340425531914,-0.6055975273445192,968.9009444033305
circulo,01,01,040,circulo_p01_s01_r040,2,circulo_p01_s01_r040_w02,circulo/participante_01_sesion_01_rep_040.csv,47,31.25,1.504,0.9790063829787232,2.621242355227949,7.07188528264615,0.9847482456142223,-1.828515695080956,0.009478955645792105,0.11007659574468086,2.9392320592174572,3.5115957197176053,0.325531914893617,0.7818687939436745,0.004194819611470862,0.1818340425531915,2.087039979616887,4.5161183723840725,-0.23319148936170214,2.3548862877503223,0.13022654949121182,0.687095744680851,2.395090589790038,5.310492742775672,0.808723404255319,-2.249426060514687,0.03378094357076781,35106.85625744681,1.2407638617144217,1.582120349716841,73.09723404255318,1.8364210017883322,30410.686516096204,958.1596021276595,2.6598282600816745,1.7722775659736163,5.94063829787234,1.6934278502329134,942.9307756706752,36711.423551063825,1.5530006301187913,1.5517459978939723,93.2834522508374,1.829761974782865,28618.52589347369,646.4076914893618,2.731508187710292,3.1566225858467085,-8.460212765957447,-1.66218778818025,587.3288499537465
derecha,01,01,001,derecha_p01_s01_r001,0,derecha_p01_s01_r001_w00,derecha/participante_01_sesion_01_rep_001.csv,47,31.25,1.504,1.0465510638297875,3.2256928536691025,1.6838443870754976,1.0210391369830323,0.9419361791563333,0.004117756417399811,0.002291489361702128,3.4070208310489667,0.7697152812332937,-0.005319148936170215,-1.1615401981125957,0.002312395929694727,0.04527021276595745,3.18080945986281,1.0565305378212129,0.026170212765957452,0.4027025622294117,0.04555457909343202,0.9989893617021275,3.6155371940230143,-0.4921076954456334,0.9985106382978723,-0.24415597058423205,0.002008603145235895,82.06095531914893,3.1536328122241493,1.2018441263143957,2.28404255319149,0.6141643987872536,78.5146289546716,45.41922127659574,3.6441537465325125,0.20816440247421575,1.1140425531914895,-0.6084141797521438,45.13852460684552,1284.0662382978724,3.069211321610969,0.9505164269480271,25.823729703994037,1.4832368428438414,630.6186403527747,1156.5860617021276,3.32335435294108,0.3121797866995113,-13.363617021276594,-1.1443128822112525,999.2606670675301
derecha,01,01,001,derecha_p01_s01_r001,1,derecha_p01_s01_r001_w01,derecha/participante_01_sesion_01_rep_001.csv,47,31.25,1.504,1.0162553191489363,3.863441118584786,-0.8420987797107617,1.0069938075157971,-0.1934293372149236,0.002267025355812263,0.0013255319148936173,3.444521547767552,0.8195570170878481,0.015106382978723408,-0.902564912923918,0.0011211840888066605,0.02892553191489362,3.7774444381599688,-0.2926206090878285,-0.05212765957446809,-0.5574380294866342,0.026777983348751165,0.9860042553191489,3.634273034900382,-0.9493293479263616,0.9919148936170213,-0.09323703222346605,0.00215494912118409,86.54401914893617,3.5242500864601785,0.3640073284384977,1.8819148936170214,-0.3305324081269128,84.80681581868637,53.96036808510637,3.602490852489245,-0.303385367919744,0.8908510638297875,-0.562737354140831,54.32255143385754,1572.6843234042558,3.520890789433512,-0.21679476358883898,31.39514873717763,0.9258346973562427,599.790458287243,1432.1799361702126,3.478740182472569,0.2904782888967157,0.6510638297872336,-0.7175136739272489,1462.8811836262716
derecha,01,01,001,derecha_p01_s01_r001,2,derecha_p01_s01_r001_w02,derecha/participante_01_sesion_01_rep_001.csv,47,31.25,1.504,1.019759574468085,3.841748565209171,-0.9162004544926869,1.008999372075579,0.1453718689351994,0.0017163599152411472,0.0028425531914893615,3.684090915544979,-0.8481607074186899,0.03787234042553193,-0.17017920376075038,0.0014388529139685478,0.013974468085106382,3.725010535038476,-0.08488067163294666,-0.007659574468085107,-0.41957837757555205,0.014218316373728031,1.0029425531914893,3.80695128811556,-1.038623937607935,1.0006382978723405,-0.0319910671157294,0.001701757631822389,60.02857234042553,3.146093101344977,1.3029764190080257,0.29595744680851066,0.14922451204151113,61.24404634597596,48.15655106382979,3.7322752241937103,-0.4960791995105551,2.0074468085106383,-0.5880886055622419,45.0859846438483,699.8870765957446,3.014377599529159,0.5457706542684306,20.081954532835976,1.3470211592482781,303.0500521876544,591.7019531914892,3.1797911635891025,0.41919041958847814,15.847234042553195,1.2403978746986135,347.97075957446805
derecha,01,01,002,derecha_p01_s01_r002,0,derecha_p01_s01_r002_w00,derecha/participante_01_sesion_01_rep_002.csv,47,31.25,1.504,1.0986787234042557,1.683408311938257,19.2500868727925,1.0400945677468703,4.3004499467155215,0.017249013842221505,0.01137659574468085,2.2226060036998874,9.227034361954683,0.01936170212765958,2.6281228372192245,0.011240888066604997,0.07744893617021277,2.022974592475813,15.311498613016962,0.029574468085106394,-3.7402626381031094,0.07823894542090656,1.0098531914893616,3.1900962086003166,0.7876196316420656,1.0044680851063832,-0.7530688793244361,0.0009165587419056438,870.8621659574469,1.2121887214889417,44.486584723305384,4.615744680851064,6.5817124153062885,868.0256988899168,194.17804680851066,3.153141586983633,0.03233076945179558,8.577872340425534,1.0917981203968954,123.21985189639224,3049.0231489361704,1.9839277209094415,11.237777551030037,33.00012500391184,2.6845350759690523,2002.6239181985009,1983.9829361702125,2.1053884862441983,6.2082518487615435,-21.725106382978726,1.3752883416797677,1544.8723124884368
derecha,01,01,002,derecha_p01_s01_r002,1,derecha_p01_s01_r002_w01,derecha/participante_01_sesion_01_rep_002.csv,47,31.25,1.504,1.0926297872340427,2.0575227408301617,12.768174268376695,1.035193136906674,2.8098808618984648,0.021461586025261797,0.03679574468085107,3.323295970756853,-0.34580017017816367,0.13148936170212766,0.11084910840898614,0.019930342275670674,0.09965957446808511,2.811140865257102,6.184682710177153,-0.05744680851063829,-1.9047385360800289,0.09845420906567995,0.9561744680851066,2.659055950568053,16.631325784899335,0.9744680851063829,-3.323213189668669,0.006729602220166513,2266.658993617021,1.8692508946196782,10.567716800887618,4.140212765957446,-0.17286954671536733,2298.4201890841814,382.9956255319148,2.7283171008471103,11.962489973966044,7.414468085106382,-2.49643886054368,335.15218612395927,6154.511436170211,2.845270546993498,5.725819002947366,62.804071624556215,2.1054446417355,2258.2069805814726,3504.856817021276,3.392890524944075,-0.011837501597032674,-7.75617021276596,0.9213698997299712,3519.5833937095285
derecha,01,01,002,derecha_p01_s01_r002,2,derecha_p01_s01_r002_w02,derecha/participante_01_sesion_01_rep_002.csv,47,31.25,1.504,1.0786489361702132,2.0914297204776786,19.758995981679348,1.0311126018856256,3.036316295144114,0.015791732715973842,0.033565957446808514,3.575658407194776,0.11795753722763891,0.12936170212765954,0.4627732289979251,0.01719740980573543,0.07187234042553192,2.7673639724134818,8.7111284106716,-0.012765957446808522,-2.0080389811738972,0.07326827012025902,0.9732106382978722,2.6164431533304455,14.042621422422254,0.9827659574468085,-2.8911675947374746,0.007542183163737281,2362.679557446808,2.136352538078955,9.476184362389862,4.165531914893617,-0.16074497220534112,2396.3132904717854,305.981785106383,2.7057342500254022,9.011356538389254,-4.366170212765957,-1.7996741437594594,293.1556980573544,5986.540942553193,2.820163826729831,4.012509818589767,58.08580285474853,1.8283354444306212,2669.3756764305776,3317.8796000000007,3.522465979245149,-1.0186219642814933,33.3668085106383,0.47828736538473926,2252.4603787234046
derecha,01,01,003,derecha_p01_s01_r003,0,derecha_p01_s01_r003_w00,derecha/participante_01_sesion_01_rep_003.csv,47,31.25,1.504,1.0488723404255318,2.88739563131343,1.9854503582603549,1.022159050245084,1.0634824151655458,0.004151547219504042,0.006938297872340427,2.7960449056404437,1.1886778589966482,0.020638297872340425,-0.8348491052527158,0.006653931544865865,0.029072340425531917,2.8979802593798145,2.130493146692743,0.0825531914893617,1.3055268230944463,0.02274116558741906,1.0128617021276594,2.851019652085341,1.902099868593429,1.0053191489361701,-0.09414266959562602,0.002242830712303424,16.658725531914893,3.2486199068350032,1.5176862691741997,-1.5095744680851066,-1.0832018770395737,14.692517206290471,94.85936170212767,2.600306037921646,3.757449414735209,4.314893617021275,1.7538139006780664,77.89846901017575,3096.7997106382986,2.1296853241411866,-1.358967467202586,34.70049405799301,0.7532285475214868,1933.8205406557834,2985.2816234042552,2.193065382893585,-1.354460843062473,-32.39808510638298,-0.7528211340908386,1977.724959296947
derecha,01,01,003,derecha_p01_s01_r003,1,derecha_p01_s01_r003_w01,derecha/participante_01_sesion_01_rep_003.csv,47,31.25,1.504,1.0701446808510637,3.782584330078823,-0.32206379605521596,1.0314424137360267,0.023983758685818,0.006407559040886018,0.010219148936170215,3.4926768214524335,0.47503702633607414,0.042765957446808514,-1.0293638976736441,0.008572617946345977,0.07520425531914895,3.5242500864601785,-0.3683176399370338,-0.08808510638297871,0.7555011010574891,0.0689114708603145,0.9847212765957447,3.7119641935047056,-0.21890619512792409,0.99,-0.32540744243285913,0.004721739130434785,43.35157234042553,3.3858195029138685,0.1619592272100423,-2.458510638297872,-0.07578176982380597,38.118325994449584,198.13114468085104,3.676276618965001,-0.3486886915921672,5.485106382978725,0.11433894946734204,171.6978994449584,5612.438257446808,3.644494436553864,-1.2178326763435072,65.5696555246318,-0.5139783664150064,1341.6032825198442,5370.955540425533,3.5585561383132736,-0.6322816874748076,-37.8668085106383,0.7096887966702448,4022.648622201665
derecha,01,01,003,derecha_p01_s01_r003,2,derecha_p01_s01_r003_w02,derecha/participante_01_sesion_01_rep_003.csv,47,31.25,1.504,1.0558191489361701,3.6150459687824994,-0.4462417243097869,1.025413889922104,-0.7208264759334795,0.004439970753836932,0.0053680851063829796,3.4678186381751797,-0.334124340678847,0.04787234042553191,-0.5030966832476125,0.003143200740055505,0.05836382978723405,3.633723427475639,-0.87033660363084,-0.13085106382978726,0.4751282840761624,0.04213839037927845,0.9920872340425532,3.4970734388215168,-0.3934961843249858,0.9938297872340427,-0.6075426179741027,0.004485013876040706,178.65639361702125,3.595969437883781,0.11659619617550998,2.8542553191489355,0.8811694170838864,174.21635106382976,180.1092085106383,3.637288129582856,0.11208179039261434,-4.192340425531915,0.9537663075879111,166.06682701202587,6615.078461702128,3.7530774801232307,-0.425559125286473,75.81398102002102,-0.7911043368697463,886.1734988936305,6256.3128595744665,3.577783204431157,-0.8993624253510228,32.60042553191489,-0.7752288222794884,5306.4278345975945
derecha,01,01,004,derecha_p01_s01_r004,0,derecha_p01_s01_r004_w00,derecha/participante_01_sesion_01_rep_004.csv,47,31.25,1.504,1.0711212765957445,3.120157452068902,3.5531341787140907,1.031909949555373,1.5588884902558993,0.006419722443597853,0.011993617021276598,3.1000958456737435,-0.9204266893690347,0.03893617021276596,-0.7658563236836412,0.010705365402405182,0.053340425531914884,3.073604090400626,1.133681709967898,0.05659574468085104,0.03403452884347088,0.051227289546716,1.0057872340425533,3.700152351761222,0.06250117488812235,1.0008510638297872,0.3355292479703859,0.004173172987974099,123.3518659574468,3.066595299134073,1.6973550723948723,2.984042553191489,1.4432995093129843,116.93534199814985,134.74766808510634,3.4917865240063386,0.13096697408499702,3.7676595744680847,1.0315046299388138,123.17311396854763,5348.997440425532,2.272540648712938,-0.3639264384170837,44.707036855666125,1.1753437319068023,3423.110432881461,5090.897906382978,2.601950408353539,-0.45097532337384516,-39.08042553191489,-1.1329891184472791,3641.0882085106377
derecha,01,01,004,derecha_p01_s01_r004,1,derecha_p01_s01_r004_w01,derecha/participante_01_sesion_01_rep_004.csv,47,31.25,1.504,1.0956893617021277,3.291722705749108,1.7080329040939182,1.043275798218813,0.8712605373590739,0.007422904695482817,0.012110638297872343,3.65898068295847,-0.9616509516496099,0.03446808510638299,-0.45944592127188544,0.011160037002775207,0.17677234042553197,3.502557533084564,-0.8498606837416491,-0.20446808510638298,0.7122129659699034,0.1378991674375578,0.9068063829787232,3.4132015556330795,-0.18659541693342696,0.9482978723404254,0.6198684957279964,0.007701387604070307,145.62952765957445,3.4167078755560696,0.5446675090222488,4.041702127659574,0.8736047717260466,132.10491443108234,195.78447872340428,3.5930417603493843,-0.7468534347008369,4.072127659574468,0.4044372532853233,183.09795624421832,8369.127912765958,3.7882154472381933,-1.2551201028668744,75.17374692206715,0.19187015115082498,2777.123418777369,8027.71390638298,3.6757853937244853,-0.8241289782290906,-33.069361702127665,0.21347675465268398,7084.873206105459
derecha,01,01,004,derecha_p01_s01_r004,2,derecha_p01_s01_r004_w02,derecha/participante_01_sesion_01_rep_004.csv,47,31.25,1.504,1.0712787234042553,3.385819502913868,0.7248723121642837,1.0333300397578176,-0.5702568793462138,0.0035840078239784707,0.008885106382978724,3.602490852489245,-0.5019754578789235,0.06936170212765957,0.059659913450764934,0.004162627197039778,0.13667659574468083,3.716705013217982,-1.4351656429424238,-0.24638297872340426,0.22822677489055856,0.07762358926919519,0.9257170212765957,3.610796374309738,-1.2549383633558755,0.9585106382978724,-0.10690231560003129,0.0071259944495837245,73.19088085106381,3.555541043630799,-0.053235061072893775,2.602553191489362,0.25030647829178726,67.86145855689176,253.7747680851064,3.613412396786634,0.2053712677029811,-7.496382978723404,0.17316746549313872,201.87420619796484,6158.215853191487,3.779569235396348,-1.3624240961787533,66.91553325937834,-0.12425265775129574,1717.0604631480965,5831.250204255319,3.776759545794425,-0.8439291033565421,35.60765957446809,-0.4567714456340152,4662.547931359853
derecha,01,01,005,derecha_p01_s01_r005,0,derecha_p01_s01_r005_w00,derecha/participante_01_sesion_01_rep_005.csv,47,31.25,1.504,1.0755425531914893,3.5676935753956336,0.9912883368683305,1.034871058627089,0.9095133496733027,0.004684107059874954,0.01827446808510639,3.271946032206482,0.13610810564991338,0.10319148936170214,-0.8556157566669033,0.007791766882516188,0.08556382978723404,3.0814222355600305,-1.0338243535584335,-0.09680851063829787,0.13070099710097113,0.07784828862164662,0.9717042553191491,3.62843300033762,0.15885881293434911,0.9823404255319149,0.11073859717555842,0.006857446808510639,100.4368234042553,3.106770420513781,-0.3377099001332011,-3.690851063829787,-0.4470395149520256,88.70171230342275,300.0695553191489,3.2226777589866287,0.26361821414065556,9.506170212765959,1.1754921214499083,214.26102849213694,5612.05774468085,3.2199043247822754,-1.212465985201825,53.6719428065622,0.5253367835995084,2790.758132659749,5211.551365957447,3.1404290589629222,-1.2608719434315863,-50.16425531914895,-0.49205300013244463,2753.687959759482
derecha,01,01,005,derecha_p01_s01_r005,1,derecha_p01_s01_r005_w01,derecha/participante_01_sesion_01_rep_005.csv,47,31.25,1.504,1.0626553191489363,3.660215182748756,-0.40359361638725044,1.0288616788357492,-0.026847718761681662,0.004188072906398223,0.02196595744680851,3.5611721607901696,-1.1481406118917252,0.08085106382978725,-0.4314714713327859,0.015764477335800185,0.14480425531914895,3.481012002605272,-0.3237101135964182,-0.2540425531914894,0.9636715626483228,0.08201156336725254,0.8958851063829786,3.6589806829584703,-0.5954499778648579,0.9429787234042555,0.5853674185076383,0.006821369102682705,141.1148489361702,3.540058249803149,-0.634329596904589,-4.704893617021276,-0.03918667852369324,121.56532118408879,428.04264042553206,3.5802486916888876,-0.3927961351263063,1.8108510638297872,0.406971156923616,433.9974470860314,10980.07383829787,3.730150426957329,-1.0465491848322632,95.0416453408415,-0.40306724773171976,1989.4890433166947,10410.91634893617,3.80132017095619,-1.5359378159728774,2.893617021276597,0.04192894424847904,10628.685575763182
derecha,01,01,005,derecha_p01_s01_r005,2,derecha_p01_s01_r005_w02,derecha/participante_01_sesion_01_rep_005.csv,47,31.25,1.504,1.0717680851063829,3.2903411830624982,1.1929822918712096,1.033221073563903,0.7740829730389328,0.004314087342227299,0.01828510638297872,3.481012002605273,-0.2140101202249438,0.08468085106382979,-0.7831618257690217,0.011355874190564288,0.09086170212765954,3.8417485652091714,-0.8309684955849295,-0.08191489361702126,-0.16944074549087831,0.08598103607770582,0.9626212765957447,3.6736605964881046,-0.6732091814154852,0.9782978723404256,0.025136362534117062,0.005675300647548567,290.8250510638298,3.3620895694499513,0.8768647552498798,5.045531914893616,0.8546296181451485,271.136520906568,183.96724042553194,3.6414793418713898,-0.34766071644480645,-5.381489361702128,-0.5881449243405976,158.3765259944496,6573.680353191488,3.6228018831782496,-1.2828599345145866,62.4028248588782,0.4290551090550845,2737.81927679809,6098.888061702128,3.5965480802723744,-1.3362588223669838,56.25382978723405,0.437375235719075,2998.1858850138765
derecha,01,01,006,derecha_p01_s01_r006,0,derecha_p01_s01_r006_w00,derecha/participante_01_sesion_01_rep_006.csv,47,31.25,1.504,1.0625127659574471,3.1460705649534257,2.4884391836109394,1.0282214763177566,1.597797401562838,0.005387999891953453,0.013304255319148937,3.6385226293731425,-0.7135268728383242,0.09340425531914893,-0.35793027525694854,0.004679463459759482,0.08538936170212766,3.621226693366612,-0.7561524553980163,-0.0704255319148936,-0.1217647099548598,0.08217807585568918,0.9638191489361703,3.314158533674492,1.3774581830630472,0.9793617021276595,1.0794903276983143,0.004771322849213691,31.878623404255325,3.1195788096803088,1.501516388962166,-0.8700000000000002,-0.7657079447072632,31.79828260869566,168.27132127659573,3.2085322026033727,-0.7879918121895804,8.214680851063829,0.45279750925404977,102.98143413506013,5906.423389361701,3.4340038115626004,-1.6421695093755286,58.979537588588805,0.11598696839799454,2480.616612050072,5706.273444680851,3.4521900450152243,-1.6194376664848789,-57.16404255319148,-0.1132037244449067,2491.5575463459754
derecha,01,01,006,derecha_p01_s01_r006,1,derecha_p01_s01_r006_w01,derecha/participante_01_sesion_01_rep_006.csv,47,31.25,1.504,1.0358170212765958,3.4007048215240525,0.6435965280085258,1.0160568846698874,0.9387432727958538,0.0035203290087252744,0.01308936170212766,3.7483366604099544,-1.2835285587327765,0.07872340425531917,-0.1356109692498619,0.007041813135985198,0.13235744680851064,3.6845821407854946,-0.7475561418318026,-0.285531914893617,0.34991099221269145,0.05193395004625346,0.8903702127659574,3.3644676395596047,0.9563850749072778,0.9404255319148936,1.06737983042787,0.0060998149861239605,116.97815531914897,3.4649505663890285,-0.3807659573505453,1.7738297872340427,0.12166141670978732,116.30628501387606,454.46915106382977,3.6549247556107374,-1.358941644153957,-6.5934042553191485,-0.33451071723424186,419.93087076780756,10249.622180851065,3.7274760222962073,-0.5672228764613072,94.60509322142201,-0.7163582253529452,1327.7484851870524,9678.174874468086,3.640794449505847,-1.6939239347847646,3.326595744680848,-0.06512336177880389,9877.263170767807
derecha,01,01,006,derecha_p01_s01_r006,2,derecha_p01_s01_r006_w02,derecha/participante_01_sesion_01_rep_006.csv,47,31.25,1.504,1.0653021276595744,3.4115083778889694,0.6013639864161164,1.030683254266609,0.656151207953804,0.0030592474042707334,0.0075361702127659585,3.59171984341102,-0.7284641903489759,0.05617021276595744,0.07493564444021608,0.0044763182238667905,0.08689361702127657,3.451445546901436,-0.7909732387225725,-0.11574468085106386,-0.6310167549367576,0.0750945420906568,0.9708723404255316,3.4348941090086944,-0.7327442122012959,0.9817021276595747,-0.253327542701235,0.00728834412580944,141.30108723404257,3.4983079386118034,0.28151806729216844,-0.1989361702127661,-0.09748043026680867,144.33241406105458,386.9715595744681,3.476557003051962,-1.0421687800986676,-13.313404255319151,-0.6270477909833279,214.28406207215548,6004.144963829787,3.4670753636254097,-1.4439376470762328,60.77463195020872,0.2383084402668113,2360.8192724322503,5475.872317021276,3.6303641304489727,-1.434800013996968,54.597659574468096,0.13206399420435644,2549.206318316374
derecha,01,01,007,derecha_p01_s01_r007,0,derecha_p01_s01_r007_w00,derecha/participante_01_sesion_01_rep_007.csv,47,31.25,1.504,1.097706382978723,2.640770687572198,4.66687988539955,1.0394398783275391,1.2795270104738052,0.017646581502048477,0.027017021276595745,2.6103735401705124,5.984989485130484,0.05319148936170213,1.9315764670430662,0.024713506012950973,0.08225106382978724,2.8712684520106913,5.040150886417107,0.046808510638297864,-1.3043979076715797,0.0818004625346901,0.9884382978723405,2.559612632839869,9.01765008834554,0.9876595744680852,-2.012653304810647,0.01324875115633673,2768.9068468085106,1.5261151372284498,13.485122866686943,-2.616595744680852,-2.817575427244255,2822.105062072155,1277.4679127659574,1.56345538262181,31.25119493667158,0.22617021276595717,-5.226875909276769,1305.186689361702,11668.377165957449,2.7735221606060447,0.6318153433176183,78.66906083990266,0.8587654755095147,5598.676815840905,7622.002406382979,2.4527227670146123,4.415243630491428,-41.17,1.4646115923632876,6055.882060869568
derecha,01,01,007,derecha_p01_s01_r007,1,derecha_p01_s01_r007_w01,derecha/participante_01_sesion_01_rep_007.csv,47,31.25,1.504,1.0444744680851066,2.6180118445697826,5.866399791479932,1.0134738780225108,1.6989388286968514,0.017722235491361517,0.02986382978723405,2.8070265557251424,5.331348023913039,0.08425531914893619,1.6441788438772762,0.02325975948196115,0.08161702127659576,2.461148253269875,5.2113136405731115,-0.12510638297872342,-0.2339748693090389,0.06739944495837187,0.9329936170212765,2.7324414212742116,6.49467761608315,0.958936170212766,-1.3413880002158818,0.01372710453283997,2864.5898170212768,2.352939982829095,12.72017555970618,-0.8221276595744696,-2.7617019575984725,2926.17292146161,1349.3660680851062,1.866459725590101,28.05609335774446,0.8140425531914894,-4.868327906673803,1378.0230419981494,12370.388970212764,3.2703708423948443,2.08667828695363,91.6814921420049,1.2179525804496485,4051.0862942375675,8156.433085106382,2.9556973035261396,5.300476063015843,-48.09872340425532,1.795206550372219,5969.966454856614
derecha,01,01,007,derecha_p01_s01_r007,2,derecha_p01_s01_r007_w02,derecha/participante_01_sesion_01_rep_007.csv,47,31.25,1.504,1.0493659574468086,3.4340621937468274,0.9436498240157754,1.0217449039239288,0.5856902107912284,0.005520771986035294,0.01197021276595745,3.3632331397693185,0.23849461405671413,0.03404255319148936,-0.9458206576342479,0.011046345975948198,0.07427021276595745,3.2552322509113867,1.7957020358543145,-0.21680851063829787,0.4486057514867584,0.027856984273820537,0.9631255319148936,3.3060909642212417,0.22864002920417636,0.9776595744680852,0.022208424996555873,0.00746614246068455,327.1638085106384,3.788765054662936,-0.6828875477331882,8.95872340425532,-0.08860583205147422,252.2725852913969,472.55934468085104,3.563993588347616,-0.420881182138543,-7.099999999999999,-0.7061049011780528,431.3265043478261,8668.570042553192,3.6429192467422262,-1.0673220100917882,77.94935834813286,0.45410686839174763,2648.8255664429407,7868.846889361702,3.663230277431231,-1.3109576741251494,32.36765957446808,0.18547683455851438,6969.468057446809
derecha,01,01,008,derecha_p01_s01_r008,0,derecha_p01_s01_r008_w00,derecha/participante_01_sesion_01_rep_008.csv,47,31.25,1.504,1.0602212765957446,2.904035709918268,2.6810387087188854,1.0280288511154783,1.8743976691053856,0.0034513917366727513,0.005393617021276596,2.3716100806199676,4.504303216298001,0.052127659574468105,-2.3810362850678723,0.0027345050878815917,0.015136170212765959,2.2330480607122833,2.2846028089395114,-0.016595744680851073,1.9519282115604208,0.015183811285846437,1.039691489361702,2.9753307279627874,2.2441924900499277,1.0185106382978726,1.6543122550030194,0.0023781683626271964,21.11068085106383,2.3099842068113143,11.677673696008302,-0.8208510638297872,-2.3803265821327524,20.881164477335798,80.33157446808511,2.2782639189072458,6.00188663302132,3.0527659574468085,2.5865198412396664,72.55593783533764,778.8595234042552,1.2690304365530363,7.821802187571283,12.270435750843601,2.9022910679666514,641.9545370601675,677.4172680851063,1.2690304365530363,7.3429323496700185,-8.328085106382979,-2.8257763457049516,621.2789679925994
derecha,01,01,008,derecha_p01_s01_r008,1,derecha_p01_s01_r008_w01,derecha/participante_01_sesion_01_rep_008.csv,47,31.25,1.504,1.0876553191489362,3.6944628524176246,0.02168720833998572,1.0408720601327257,0.7478164483538814,0.004332862140165268,0.01645531914893617,3.5285222173244897,-0.7678848938027203,0.04680851063829788,-0.13073003843331332,0.014574375578168363,0.11660425531914892,3.1664041320339815,-1.2510072849414982,-0.16808510638297874,-0.03002826080290035,0.09027234042553191,0.9545957446808512,3.4536299498860608,-1.1494768523735281,0.9710638297872342,-0.16120631477737088,0.011883626271970395,97.99184680851063,3.370648364143718,-0.6464393583176964,-5.293617021276596,-0.572886690983372,71.49054098057356,652.6915361702128,3.4824627059121376,-1.0272365893295141,17.69744680851064,0.542946677178682,346.87217160037,8351.12085106383,3.245941653594453,-1.1306000667313814,66.18288330740934,0.5239696287736197,4057.2717387943107,7600.437468085103,3.3558214277177605,-1.1267641206963719,-61.52340425531915,-0.5104174640602831,3898.24967946346
derecha,01,01,008,derecha_p01_s01_r008,2,derecha_p01_s01_r008_w02,derecha/participante_01_sesion_01_rep_008.csv,47,31.25,1.504,1.0556425531914895,3.8304279487062036,-1.0138565414193461,1.0258737922974255,-0.20503482086398483,0.0032956353702840472,0.024170212765957443,3.786984459770748,-1.079326460705859,0.08170212765957446,-0.466371382493481,0.017875300647548564,0.16788297872340427,3.479572097734436,-0.414810012189859,-0.321063829787234,0.87499509361391,0.06620971322849213,0.8635893617021275,3.6471688412149867,-0.9770524119367439,0.9240425531914892,0.6090632777036786,0.0099463459759482,203.24120425531913,3.5699689078511785,0.9219473318735414,-1.2068085106382975,0.8687226753599798,206.17144394079554,962.6932127659576,3.7313849267476162,-1.2412592325687193,3.944680851063829,0.03320603684753947,967.7225471785383,13557.464274468084,3.7566421822304483,-0.7063312495242364,106.04036355678316,-0.3769002135655438,2363.1861271092803,12391.529857446803,3.8143665124899595,-1.555234088809727,-8.51170212765957,-0.05814410968349017,12586.886888344125
derecha,01,01,009,derecha_p01_s01_r009,0,derecha_p01_s01_r009_w00,derecha/participante_01_sesion_01_rep_009.csv,47,31.25,1.504,1.098208510638298,3.4366782162237235,0.29717086104203405,1.045762472824995,0.6963359628219036,0.004689129788146576,0.020625531914893618,3.497505058313787,-0.8302593373100384,-0.035744680851063824,-0.04313497923579389,0.01976845513413506,0.0716851063829787,3.2587969530186034,-0.22417582007486336,-0.0953191489361702,0.7440891280615327,0.06396022201665127,1.0058978723404255,3.464950566389029,0.05261180137704358,1.001276595744681,0.08031594152674067,0.00341572617946346,112.87446170212766,3.546001022020019,-0.7513436174339745,-4.233404255319148,-0.365957981650485,97.01694033302496,178.80474255319146,3.624183405864859,-0.43954502417001784,9.290425531914895,0.6410648377174739,94.5034476410731,8955.8627,3.4377847171863958,-1.5779795157672116,71.7516574679662,0.28641689349671173,3890.3354451779032,8664.18349574468,3.5620624582362637,-1.56217057127204,-66.42957446808511,-0.22341625206674814,4343.714591119335
derecha,01,01,009,derecha_p01_s01_r009,1,derecha_p01_s01_r009_w01,derecha/participante_01_sesion_01_rep_009.csv,47,31.25,1.504,1.0600872340425531,3.617661991259395,0.01933357223169674,1.0269692067710068,0.38140806961253565,0.005539340699436544,0.013736170212765958,3.7431967684910994,-0.9974212117795709,0.030638297872340424,-0.32358636999579005,0.013075670675300652,0.08693191489361701,3.205575490105126,1.335512493899996,-0.17276595744680845,1.426606127066031,0.058324791859389456,0.9594191489361702,3.649784863691883,-0.5315060088096009,0.9776595744680855,0.19614837130371593,0.003679185938945423,268.7470234042553,3.4635106615181916,0.21997519735833615,-2.5925531914893623,-0.08178639620105334,267.7219020351526,161.41851063829787,3.528306013807911,0.17637602724544088,3.3893617021276596,-0.5572007977988429,153.1901017576318,11673.875585106385,3.6611054801948506,-0.8279641365476165,97.1531810705296,-0.5088747682169262,2283.7248841350847,11243.71005106383,3.5686748023126467,-1.2629727366537693,20.919574468085106,-0.4319075036596981,11040.996269380206
derecha,01,01,009,derecha_p01_s01_r009,2,derecha_p01_s01_r009_w02,derecha/participante_01_sesion_01_rep_009.csv,47,31.25,1.504,1.0537212765957449,3.589935736195991,0.4966381631062329,1.024047547812553,0.597625064438687,0.0051576332934255955,0.007110638297872341,3.392743502047752,0.6640112081247724,0.02510638297872341,-0.9155148756546244,0.006621184088806662,0.05191702127659574,3.7114145860799628,-0.502832676558314,0.021063829787234048,-0.14821617225738362,0.0525923219241443,0.9946936170212765,3.505572627767038,-0.19277151044306384,0.9957446808510639,-0.24652318249073188,0.0032554116558741937,448.25675957446805,3.087053352719401,2.582593949110631,6.941914893617022,0.5389519932156547,408.7636766882517,116.17248297872342,3.54249470209703,0.24443275130398145,-0.7487234042553191,-0.22596924325452827,118.12519833487511,7832.144621276595,3.509078947690028,-1.466823870865763,71.96450960077715,0.027498840251751703,2710.933413526604,7267.715378723406,3.5817211438464165,-1.453922226244334,67.7348936170213,0.06372900542253326,2737.9539037927852
derecha,01,01,010,derecha_p01_s01_r010,0,derecha_p01_s01_r010_w00,derecha/participante_01_sesion_01_rep_010.csv,47,31.25,1.504,1.0788574468085104,3.169634642692148,0.28583742111501476,1.0361422638130944,0.8901541683038035,0.005381148469412017,0.014551063829787235,3.633723427475639,-1.0247071099593577,0.016382978723404256,-0.2654831153288606,0.014593154486586497,0.06880000000000001,3.473940980575066,-0.8883256792642116,-0.05446808510638297,0.49632835752188775,0.06726438482886216,0.9955063829787236,3.3512276309008078,0.5337750989647558,0.9957446808510639,0.7402655817234364,0.004085846438482889,90.70385957446808,3.5390770228861363,0.17981334716829744,-5.463404255319149,-0.9153008754808427,62.178009898242365,202.23465744680848,3.221512439816597,-0.011427738163477752,7.1657446808510645,1.1526230220998575,154.1669075855689,8672.086914893618,3.4985241421283817,-1.3634640309963082,71.48632980010096,0.3216999148503743,3639.2218180527475,8379.148397872343,3.6433508662344964,-1.379068780627552,-68.21936170212766,-0.2509821414643016,3806.251153931544
derecha,01,01,010,derecha_p01_s01_r010,1,derecha_p01_s01_r010_w01,derecha/participante_01_sesion_01_rep_010.csv,47,31.25,1.504,1.0113255319148935,3.395446941672726,1.11226600642828,1.0047703257876408,-1.1621861702129397,0.0018004313821762556,0.012193617021276597,3.5346804055170518,-0.43857706542949826,0.0848936170212766,-0.3706718472893843,0.0050950971322849216,0.06955106382978725,3.266314915047112,0.7978568808012598,-0.22234042553191496,0.954579479526297,0.02055309898242368,0.9295808510638298,3.567693575395634,0.013523513990550295,0.9631914893617022,0.030042181341259286,0.0018830712303422768,177.70014680851068,3.718338585213847,-0.302025914478262,0.07978723404255327,0.2405542469912701,181.55668908418133,85.94324255319148,2.863028673276693,4.766161582911537,-0.8336170212765958,2.0413170722126392,87.10154967622572,9242.533846808512,3.678951023626124,-0.42761925663341316,87.44913540673565,-0.2678497094806997,1629.8604452364648,8978.890457446809,3.687597235467968,-1.3508761714937851,8.859361702127659,-0.3585418451507817,9093.88917132285
derecha,01,01,010,derecha_p01_s01_r010,2,derecha_p01_s01_r010_w02,derecha/participante_01_sesion_01_rep_010.csv,47,31.25,1.504,1.0324489361702125,3.0553330648153323,3.0928242754469437,1.0150053593891852,0.27901959342267413,0.002261166507126997,0.008734042553191492,3.835567840625058,-0.8929596278248404,0.07851063829787236,-0.15609336199991894,0.0026259944495837196,0.03637446808510638,3.6332322022351233,-0.5288035890496734,-0.07446808510638298,-0.2529399494479881,0.03149916743755782,0.9873404255319148,3.361452544877131,0.9372549697843562,0.9923404255319149,0.24730231970634442,0.002657446808510639,258.2621106382979,3.2508030862556105,3.0618694410328775,11.124255319148935,1.2471296458932337,137.43725106382976,76.30959361702126,3.2682460451584645,2.758165777318686,-6.12872340425532,-1.1636594453297964,39.590698334875114,6781.945968085106,3.6659046820923544,-1.5274059234152508,70.74767288391446,-0.25790291499525997,1815.336939804344,6447.374263829785,3.7092897888435825,-1.5367263203067583,67.91957446808512,-0.22951091461896975,1874.1818780758558
derecha,01,01,011,derecha_p01_s01_r011,0,derecha_p01_s01_r011_w00,derecha/participante_01_sesion_01_rep_011.csv,47,31.25,1.504,1.049595744680851,3.3915090022574654,1.522171048002659,1.0193087535720828,1.100344790850386,0.010835961954182197,0.011657446808510639,3.6471688412149867,-0.718669372492232,-0.01255319148936171,-0.14470655939705845,0.01174986123959297,0.030968085106382978,3.622801883178249,-0.23356271027016717,0.055957446808510634,0.6619738744405026,0.028441998149861234,1.0069702127659574,3.4435438331733796,0.42508833177170535,0.9995744680851063,0.4775078790713983,0.007991119333950048,173.8012744680851,3.711964193504706,-0.39540915162093926,-4.367021276595744,0.04955411353042731,158.09410397779834,209.80060851063837,3.5843046190366206,-1.3612948727149312,3.7238297872340427,0.3038602983540168,200.19312849213694,6023.424840425531,3.2029010854440028,-1.5385004174351011,60.03658209775379,0.4084898189423827,2471.621338498357,5639.82295744681,3.1872647701477286,-1.56677675759455,-50.219574468085106,-0.27881902254429675,3185.5959345975944
derecha,01,01,011,derecha_p01_s01_r011,1,derecha_p01_s01_r011_w01,derecha/participante_01_sesion_01_rep_011.csv,47,31.25,1.504,1.068327659574468,3.226436128218873,2.534277243528863,1.0292401449292545,1.1647954997606351,0.009187870241355003,0.014710638297872341,3.4245221721360477,-0.9236157005361854,0.022127659574468085,-0.7352991046806995,0.014530157261794636,0.07871702127659574,3.476615385236189,-0.05989041489692992,-0.12829787234042553,0.8093012016754156,0.0636100832562442,0.9748999999999999,3.131568998042788,2.17830563462927,0.9840425531914894,1.03654577469467,0.006702867715078631,152.74604042553193,3.462707781220176,0.23461847819355874,-2.994255319148936,-0.2592548483278016,146.90613802035153,220.73301276595745,3.3289854701004504,-1.2371574284073628,1.2851063829787235,0.5054335354781336,223.84415596669743,8043.841829787235,3.8152568099360535,-1.0124609663410535,80.38220453172384,-0.21686931086488057,1616.9461336335924,7670.362776595746,3.5941853306687515,0.24132674547939947,-53.65808510638299,0.9786036712695275,4895.328607123034
derecha,01,01,011,derecha_p01_s01_r011,2,derecha_p01_s01_r011_w02,derecha/participante_01_sesion_01_rep_011.csv,47,31.25,1.504,1.1008808510638297,3.3077841419653518,1.785158058304078,1.0455659038082745,1.452487267246374,0.007839591680402823,0.02714255319148936,3.436527681004559,-1.3483051617705055,-0.05085106382978723,-0.512642788198491,0.02509056429232193,0.09298085106382978,3.599475757806771,-0.8480675091585521,-0.14617021276595749,0.578138129869809,0.07317197039777983,0.9807574468085107,3.11917973747473,1.030955501268667,0.9863829787234042,0.6749608200967431,0.007975763182238667,177.36172978723408,3.4367656333718015,0.644471238345238,0.5419148936170208,0.21154087874478794,180.9173636447734,132.78993404255317,3.6840909155449784,-0.5678771183536226,-7.955531914893618,0.07081173636917959,71.01030351526364,10894.896657446809,3.8417485652091714,-0.9101758027610334,87.79433401564353,0.46447696562035895,3256.335302026782,10584.74499361702,3.9102439045469075,-1.2440415909313232,49.96829787234043,0.008764227360148822,8263.738423126733
derecha,01,01,012,derecha_p01_s01_r012,0,derecha_p01_s01_r012_w00,derecha/participante_01_sesion_01_rep_012.csv,47,31.25,1.504,1.1076872340425532,2.7062613210585944,1.4537424134412111,1.0472606091609198,1.6352465713311033,0.011170112510766434,0.015808510638297874,2.419591109164494,2.937031957725541,0.030638297872340427,-1.998962268091479,0.015193061979648474,0.03153191489361702,2.7262832330816487,1.1893477822792828,0.04212765957446808,1.6476800080785672,0.0304040703052729,1.0603468085106382,3.042093056156535,1.5779877869842993,1.0270212765957447,1.4187370301564575,0.0056952821461609595,72.99008297872341,2.6336481598660564,5.198466730332882,-2.1406382978723406,-1.8861700944254518,69.8948756706753,131.63471063829786,2.7573003920923513,4.173381879839132,2.9029787234042552,2.2202328560527604,125.88584745605921,2395.88885319149,1.7157378130153145,7.09494436116783,25.354681650999378,2.755851465705388,1791.138297036834,2191.2640595744683,1.9982232207590123,6.228694724575314,-10.022553191489363,-2.6056376989455585,2136.2649324699355
derecha,01,01,012,derecha_p01_s01_r012,1,derecha_p01_s01_r012_w01,derecha/participante_01_sesion_01_rep_012.csv,47,31.25,1.504,1.1741106382978723,3.142161660502017,0.829500375119804,1.079409107165278,1.3860928241742259,0.009181978920149648,0.03366808510638298,3.5195092667469017,-0.9418682796974798,-0.018723404255319154,-0.6630536467630666,0.034041813135985206,0.14349787234042555,3.313268236228399,-1.0932001869733958,-0.15872340425531914,0.3544052745352347,0.12087659574468083,0.9969446808510638,3.4223973748996666,-0.28146832857819026,0.9927659574468086,0.5476898104314887,0.011607400555041624,249.27197021276598,3.444089928275282,-0.9745723856369697,-7.580851063829788,-0.5552977592179861,195.97229056429228,328.8641234042553,3.2986757398468423,-0.7048064275556625,10.254042553191487,0.9233810782877844,228.5821854764107,13022.643323404254,3.158710473379349,-0.9593983850907599,79.81730401915127,0.7260134088236423,6796.446548225558,12444.507229787234,3.3444972988919517,-1.0682010465636829,-70.1055319148936,-0.6194184980202504,7693.411225254393
derecha,01,01,012,derecha_p01_s01_r012,2,derecha_p01_s01_r012_w02,derecha/participante_01_sesion_01_rep_012.csv,47,31.25,1.504,1.1016914893617025,3.241080195955831,2.1306865038290583,1.0480610287998149,1.1671092180687812,0.0033304294743580205,0.0298,3.6875972354679685,-0.9687584306344106,-0.021276595744680847,-0.38543827317262763,0.02998529139685477,0.17523404255319147,3.4153263528694597,0.07081019699011781,-0.33063829787234045,1.0986580291443062,0.06734523589269195,0.8966574468085106,3.5060638530075536,0.7143043707916927,0.9431914893617024,1.0536694517677734,0.007200462534690104,372.4175297872341,3.6099060768636444,-1.0933349431307513,-0.9951063829787237,-0.013642562952825333,379.5017994449584,686.3545382978723,3.7322752241937103,-0.7758738315651788,-7.000212765957446,0.11312407799151096,651.2070282146161,19824.99063404255,3.665505609886776,-0.6760616477114247,125.87966713938204,-0.14082048830685043,4065.8065574192137,18766.218565957442,3.618002681280746,-1.224259781011104,8.15702127659574,-0.5211357340797742,19106.196386586496
derecha,01,01,013,derecha_p01_s01_r013,0,derecha_p01_s01_r013_w00,derecha/participante_01_sesion_01_rep_013.csv,47,31.25,1.504,1.0872234042553193,2.9631673977619246,4.829217232788301,1.0384651513359522,2.049554491437322,0.009005132275163039,0.01822127659574468,3.535570702963146,-1.177712988792054,0.05446808510638298,-0.2576381370008683,0.01558612395929695,0.09731489361702127,3.2972942171602324,-0.9296439369367668,-0.12893617021276596,0.5542442225975983,0.08244449583718778,0.9716872340425533,3.043485377279173,2.840827823749146,0.9810638297872338,1.5546224087555616,0.009401017576318223,135.05567234042553,3.4504643199844227,-0.6727130721456698,-6.7238297872340445,0.053395566228068,91.79895457909343,399.22911276595744,3.1789592483272355,-0.8394970359918696,12.821063829787235,0.8816290033405183,239.95485753931544,9298.90479574468,3.435659919950015,-1.4135665134916593,72.15691498959434,0.3475972877776738,4181.247119601509,8764.620010638298,3.6206770859418698,-1.4070821757876801,-67.34744680851064,-0.3250036942097692,4320.87492812211
derecha,01,01,013,derecha_p01_s01_r013,1,derecha_p01_s01_r013_w01,derecha/participante_01_sesion_01_rep_013.csv,47,31.25,1.504,0.9985702127659573,3.5299395858037754,-0.2611833788410953,0.998390116541275,-0.5447383311539691,0.0018262442186278774,0.024438297872340427,3.239482469752643,1.2301933362994006,0.14382978723404255,-1.003582566594684,0.003832839962997224,0.10817446808510639,3.386160192935219,1.4187410501424917,-0.2953191489361702,1.3805700151207514,0.021416743755781686,0.8659574468085103,3.47313810027705,0.7470073931735928,0.9297872340425533,0.5622107605389731,0.0014847363552266415,101.04280851063831,3.8251375215681844,-1.0285008595703826,-2.2327659574468086,-0.1855397924520215,98.14577261794632,193.17007659574472,3.348152930470088,1.1306721035930298,-0.8931914893617023,0.6077490827435753,196.55429176688256,9865.510517021277,3.7665228938625783,-1.2177757916058567,88.10283830709606,-0.2270419648095473,2149.126494890942,9571.297631914893,3.7899995544532223,-1.2888491141991556,11.170851063829792,-0.30683115038976366,9651.868625346902
derecha,01,01,013,derecha_p01_s01_r013,2,derecha_p01_s01_r013_w02,derecha/participante_01_sesion_01_rep_013.csv,47,31.25,1.504,1.0362340425531915,3.206616322770384,1.1450056608952757,1.0170629075997824,-0.0058422112222745026,0.001856586375647693,0.011482978723404256,3.547382544706629,-1.4245381328977302,0.08702127659574468,0.3552832314465274,0.003995282146160963,0.04513617021276598,3.5214403968582544,-1.3840671813436056,-0.04765957446808513,-0.35233460967591973,0.04379657724329324,0.9796148936170213,3.7006435770017383,-0.928593345468542,0.9882978723404258,-0.06138343797946076,0.002944865864939873,60.353772340425515,3.342922109080314,1.2325364581730724,5.241914893617023,-0.40512154354844876,33.590798427382055,156.74664042553192,3.6559655882759956,-0.4214382204301108,-9.911702127659574,-0.550655562127232,59.77664486586493,6782.712961702127,3.817381607172434,-1.3898603683913286,69.50097090674947,0.0691499529281587,1994.7699178674059,6565.612548936172,3.910793511971651,-1.3912356872181297,67.97489361702128,0.06909585972907316,1987.3095690101763
derecha,01,01,014,derecha_p01_s01_r014,0,derecha_p01_s01_r014_w00,derecha/participante_01_sesion_01_rep_014.csv,47,31.25,1.504,1.1162446808510638,3.464950566389029,0.05217026028012528,1.0552612500871368,0.11644726240702777,0.002726383065936591,0.015285106382978721,3.8313182461522977,-1.1973746536159768,0.010638297872340424,0.013405273854495425,0.015501757631822388,0.1183127659574468,3.608671577073358,-1.3907711445522382,-0.18872340425531914,0.21390057668689907,0.08449398704902868,0.9826468085106382,3.5825240241444325,-0.4748935939220251,0.9889361702127657,0.5194326784715612,0.004753191489361704,306.0409085106383,3.7271353322748557,-1.1990204712580979,-3.4219148936170214,0.12252739661915883,300.72991581868644,196.56178085106384,3.6158778840443664,-0.38264018443908965,8.242340425531914,0.5364628195241025,131.42181396854764,12525.089848936168,3.829193448915918,-1.410822312172634,95.28330448138223,0.09535431299328317,3521.0987303062075,12022.487159574468,3.80482649087918,-0.9487596140577472,-44.4482978723404,0.2789078997418902,10265.24545356152
derecha,01,01,014,derecha_p01_s01_r014,1,derecha_p01_s01_r014_w01,derecha/participante_01_sesion_01_rep_014.csv,47,31.25,1.504,1.116055319148936,3.191298161103911,2.1530489935659656,1.0533567836740887,0.5775231912141839,0.0066359968592526524,0.0164063829787234,3.811007215463293,-0.926987840691611,0.012127659574468087,-0.23625691366328375,0.016612765957446814,0.1317595744680851,3.7530774801232307,-0.9325972456978024,-0.12021276595744682,0.43635515828585725,0.11985864939870489,0.9678893617021275,3.3650172469843476,0.40889683020603185,0.981276595744681,0.6521462010226317,0.0050939870490286756,288.91821276595743,3.6289826077623624,-0.36055817736980256,6.687659574468087,0.21823513700902308,249.50197483811283,93.55559574468084,3.5807982991136313,0.22783383027008686,-5.046382978723404,-0.8790309637918351,69.5698235892692,12669.943274468085,3.58430461903662,-1.3808559056321055,90.9371105170597,0.33173296428183485,4496.045753216939,12287.469465957449,3.6233514906029924,-0.9489008480973857,67.53978723404256,-0.06447095479136744,7893.799793432005
derecha,01,01,014,derecha_p01_s01_r014,2,derecha_p01_s01_r014_w02,derecha/participante_01_sesion_01_rep_014.csv,47,31.25,1.504,1.0764829787234043,3.244714514706435,1.9651692454118814,1.0340195961327179,0.9017992514088082,0.007444854700781811,0.008453191489361703,3.4608946390412965,-0.07017691792037173,-0.02702127659574468,-1.0140222071012928,0.007890934320074003,0.04508510638297872,3.0129268962222944,0.6628345598853702,0.08936170212765958,0.6896205722247242,0.03790610545790933,1.0229446808510638,3.2808011614517185,0.9954600465686108,1.0093617021276595,-0.10993383406086156,0.00422349676225717,184.48247021276592,3.1711449517472574,2.003539394261815,4.052978723404255,1.3562125409244643,171.70922136910272,101.95558085106384,3.541201820122516,-0.03158132551090631,-4.672127659574467,-0.4412259675893146,81.86869102682701,9916.48874468085,2.2621103296560645,-1.1151090126883125,64.19444513680929,0.8520394164886411,5921.552435611467,9630.050693617022,2.097331631823671,-1.1327317574159923,55.05744680851065,0.8573698185913275,6742.178858556892
derecha,01,01,015,derecha_p01_s01_r015,0,derecha_p01_s01_r015_w00,derecha/participante_01_sesion_01_rep_015.csv,47,31.25,1.504,1.1447382978723404,3.498307938611803,1.0098241989198273,1.0653034363471394,1.1919855813719604,0.010081383909302036,0.007251063829787235,3.4256982897421064,0.8799558205124813,0.030212765957446812,-1.1636521948988245,0.006476040703052729,0.023836170212765958,3.120960332366918,3.0281228848872477,0.0036170212765957396,1.7480175572487162,0.024340980573543013,1.1136510638297872,3.622402810972671,0.1836504295277721,1.0519148936170213,0.8680589369692996,0.007281036077705829,232.01701276595742,3.0716324533988186,3.6890343534695624,2.0872340425531912,-1.6150135731756994,232.60960740055503,499.702485106383,3.243879087121727,2.351596048811645,8.672340425531916,1.655684092201885,433.72110527289544,3150.5189340425536,1.807764813218633,7.453187092472959,31.630338747385466,2.8638365570819917,2196.7806179153336,2418.7994361702126,2.0501025847808645,7.052691385275768,-14.020638297872338,-2.7859623200882355,2270.5302930619796
derecha,01,01,015,derecha_p01_s01_r015,1,derecha_p01_s01_r015_w01,derecha/participante_01_sesion_01_rep_015.csv,47,31.25,1.504,1.121182978723404,3.3068938445192577,0.7987740673396484,1.052022117765801,0.17262057185131288,0.014746191203984545,0.0073085106382978745,3.4439429053789588,0.03936586914369844,0.02361702127659574,-0.8614528094161114,0.006897502312673451,0.10258936170212765,3.5998164478281214,0.22609729585262928,-0.17851063829787236,0.8088611662672343,0.07226077705827938,1.0112851063829789,3.50517355556146,-0.02194041108094691,0.9982978723404256,0.26755911542729593,0.015005735430157256,547.8209723404256,3.6819661183085977,-0.28134507987183754,-8.514680851063833,-0.6603060409814308,485.6542515263645,625.0791489361702,3.2686776646507343,0.9608068523625772,11.918723404255323,1.2788562525826204,493.52368529139676,9976.688795744683,3.408277867230804,-0.6104529557916347,72.93727125825207,0.9298094875314685,4758.078980126249,8803.788674468084,3.4549518668244255,-0.9189637553032712,-58.047021276595736,-0.7251670127126346,5552.469647456061
derecha,01,01,015,derecha_p01_s01_r015,2,derecha_p01_s01_r015_w02,derecha/participante_01_sesion_01_rep_015.csv,47,31.25,1.504,1.0162978723404255,3.573324692555004,-0.2959594814532691,1.0038602399057601,-0.6366991950903216,0.008748632187140032,0.004604255319148935,3.7271353322748557,-1.1374342281321252,0.031063829787234033,-0.04755982953113975,0.0037184088806660512,0.11765744680851063,3.781009140267185,-1.2002092876483323,-0.2189361702127659,0.5061693029693183,0.07124014801110082,0.8940361702127658,3.485752822318549,-0.059801744024944536,0.9419148936170216,-0.14924912594007536,0.006981036077705829,699.1698127659575,3.6346137249217327,-0.3348448117333751,-1.9455319148936163,-0.027610784807355074,710.5017774283072,398.6629085106382,3.527814788567395,0.34280870792838813,1.039787234042553,0.6483846989576855,406.22483256244215,16512.77155106383,3.8800521622257724,-1.1195102959872987,113.9727460203876,-0.19217269627620234,3599.5713398890102,15414.938829787237,3.6580903855123763,-1.1818458818912412,21.064255319148938,-0.36978373891283794,15296.697629324697
derecha,01,01,016,derecha_p01_s01_r016,0,derecha_p01_s01_r016_w00,derecha/participante_01_sesion_01_rep_016.csv,47,31.25,1.504,1.0623978723404255,3.4146414605039164,0.7584400251262609,1.0280150154802656,1.101542385368513,0.005704369859002784,0.007953191489361704,3.454951866824426,-0.8681610390468304,0.04851063829787235,-0.8027159869963177,0.005721646623496762,0.06276170212765958,3.5941853306687515,-0.6436957083848656,-0.0425531914893617,0.38931433062448206,0.06227594819611472,0.9916829787234044,3.702277148997603,-0.36907083876488844,0.9938297872340427,0.718214851292566,0.004071970397779834,107.17820638297871,3.2552322509113867,0.13443293889479602,1.267021276595745,-0.7460062423908908,107.86792571692877,105.19000425531917,3.6709861918269815,0.03889465257093638,4.3268085106382985,-0.19695427663523116,88.34848741905643,5988.128095744681,3.377513981093375,-1.2497283643652,61.55181961646664,0.3996958991122682,2247.3168497693873,5775.759885106384,3.5138781495875318,-1.344033400818166,-55.783404255319155,-0.25966760545926254,2721.8841229417203
derecha,01,01,016,derecha_p01_s01_r016,1,derecha_p01_s01_r016_w01,derecha/participante_01_sesion_01_rep_016.csv,47,31.25,1.504,1.017172340425532,3.7271353322748553,-0.8264578284132096,1.007270384497548,-0.008421304414455938,0.00263477191664356,0.007846808510638298,3.515259672274141,0.21297827376929224,0.059148936170212746,-0.9530793107544401,0.004442738205365402,0.10465957446808512,3.6792917136474745,-0.3929317380244366,-0.27617021276595743,0.4763602333368489,0.029006753006475487,0.9046659574468086,3.5555410436307997,0.16431353252050318,0.9504255319148935,0.15236988042044233,0.001386771507863089,136.0039659574468,3.506954150453648,-0.23944266169325168,2.3974468085106384,-0.1600476163131726,133.08787160037005,161.16508085106383,3.3259703754179766,-0.3297562242237797,-1.2531914893617022,-0.66879065480333,163.0640395929695,9450.298814893617,3.758766979466828,-0.7256037248901741,89.23282591896434,-0.5244427295687296,1520.1451063096329,9153.129768085106,3.566550005076267,-1.583371764547415,-5.595957446808513,0.052807398204882575,9320.11535504163
derecha,01,01,016,derecha_p01_s01_r016,2,derecha_p01_s01_r016_w02,derecha/participante_01_sesion_01_rep_016.csv,47,31.25,1.504,1.0387978723404256,3.4921272140276898,-0.2507297113689768,1.0173958880314529,-0.44899215304407813,0.0037839897779238228,0.008180851063829788,3.0233572152791677,1.991189736545456,0.06999999999999999,-0.16003825112043785,0.003352173913043479,0.07655319148936172,3.597350960570391,-1.3666669436492695,-0.14297872340425533,-0.33259118600745574,0.057330064754856615,0.954063829787234,3.5717495027433666,-0.39055879382864456,0.9748936170212766,0.2963097289183094,0.003725531914893619,136.3060255319149,3.5799080016675364,-0.680711598230832,2.8029787234042547,0.21396065386346863,131.2417126734505,317.1431127659574,3.5039390557711734,-0.33781719859361425,-12.189148936170213,0.12924470399884666,172.23227752081405,5829.489321276595,3.6575407780876334,-1.503223368176274,64.92258575342083,0.12715083897073115,1649.6460321134086,5376.040182978723,3.652459268353006,-1.415438319589253,55.0804255319149,-0.08556680654256095,2393.1040128584646
derecha,01,01,017,derecha_p01_s01_r017,0,derecha_p01_s01_r017_w00,derecha/participante_01_sesion_01_rep_017.csv,47,31.25,1.504,1.0473191489361704,3.7140889907410854,-0.8050312687869021,1.020688407208969,0.261494187403803,0.005634200941157339,0.01701276595744681,3.4022800113356904,-0.5242738230373414,-0.06723404255319149,0.7369749267186486,0.012763922294172064,0.020657446808510636,3.626857810525982,-0.4524368525714171,0.013404255319148933,0.7177944620739556,0.020922941720629053,1.0096489361702128,3.608121969648615,-0.47862824103587664,1.0023404255319148,0.3813858280264387,0.00507049028677151,93.01808510638297,3.237698362537614,1.903488947612721,-2.194042553191489,-1.080473435273642,90.12174634597594,218.5687468085107,3.6441537465325133,-0.632442087354788,-3.618936170212767,-0.6244697884609047,209.9388314523589,3478.6133553191494,3.3132682362283985,-1.3824896175880852,46.99446455421055,0.5758050050759076,1297.7452578122454,3167.0265234042554,3.2199147136134094,-1.4590864619032091,-37.68170212765957,-0.6093427812142447,1785.0966274745604
derecha,01,01,017,derecha_p01_s01_r017,1,derecha_p01_s01_r017_w01,derecha/participante_01_sesion_01_rep_017.csv,47,31.25,1.504,1.065527659574468,3.804276883454437,-0.8420421787191312,1.0305766777931522,0.05743513004947419,0.0035141396929341665,0.015112765957446808,3.4391437034814545,-0.6558807554059141,-0.11255319148936174,-0.7205185271077694,0.0024976873265494916,0.07324468085106384,3.707908266156973,-1.0504157809999028,-0.11936170212765958,0.2403998932580596,0.06028001850138762,0.9771702127659574,3.5781238944525073,-0.13295370820940322,0.9872340425531915,0.5773731295468963,0.002594357076780761,158.69290425531912,3.562062458236264,-0.9609925183931982,6.87,0.43685216118767567,113.91983043478261,52.5895595744681,3.7462118631735737,-0.6028358286549316,2.457659574468085,0.22465585411505337,47.56141396854765,4909.025695744682,3.7774444381599688,-1.4287131081370419,62.11898222202211,-0.28884996652925,1073.0894335196688,4697.743231914894,3.537354810178175,-0.7060738619224258,-53.91851063829787,0.6532272610759268,1829.462169472711
derecha,01,01,017,derecha_p01_s01_r017,2,derecha_p01_s01_r017_w02,derecha/participante_01_sesion_01_rep_017.csv,47,31.25,1.504,1.024731914893617,3.704208279108955,-0.714433736053429,1.0108338952979334,0.16422058857170296,0.003010810814998116,0.009638297872340426,3.320679948279957,0.6492459263545247,-0.09319148936170213,-1.0065488526501138,0.0009743755781683626,0.09073404255319147,3.4084607359198036,-0.0635956064247396,-0.2538297872340426,0.7750393416766788,0.02687631822386679,0.9243595744680851,3.7622732993898182,-0.46238397504239614,0.9602127659574469,0.4216738885184321,0.002402127659574468,340.0942680851064,3.5507418417332954,0.4644141665781878,0.8778723404255326,-0.7578823030291317,346.7002084181314,67.10969574468086,3.348406203343361,0.7396099919693775,-3.6819148936170216,-0.6627686167222476,54.717398427382065,6221.072638297874,3.7396904485681097,-0.6863734656196678,71.88554658404779,-0.32251886776649114,1076.4438921455794,5813.868674468085,3.652799958374357,-1.5240650642244888,22.48063829787234,-0.21530930914539875,5423.891523496762
derecha,01,01,018,derecha_p01_s01_r018,0,derecha_p01_s01_r018_w00,derecha/participante_01_sesion_01_rep_018.csv,47,31.25,1.504,1.0655978723404258,3.230777875726571,-0.0064459200612128065,1.030386599166723,0.5742657142764788,0.003986140089322321,0.01282340425531915,3.5438762247836397,-0.7203373818957011,0.01723404255319149,0.053555704600039104,0.012798704902867714,0.051180851063829795,3.432827693956541,-0.5461602478582219,-0.007021276595744677,-0.026069764913306644,0.05224310823311749,1.0015936170212767,3.3379758842864873,0.6109475276202483,0.9993617021276595,-0.3804832895834601,0.002932192414431085,28.321319148936173,3.141271363055923,3.1910682275229583,-2.155744680851064,-1.339647480808095,24.18873802035153,170.8032,3.3954469416727253,-0.7760802725187732,5.880425531914893,0.3735396826694227,139.1851824236818,5439.973282978724,3.0596674514207622,-1.5428002543588373,56.835361666600924,0.05679623654652885,2257.752228666381,5240.848763829787,3.0757288876370064,-1.5408136784915902,-55.24446808510638,-0.05010429772445516,2236.4822382978723
derecha,01,01,018,derecha_p01_s01_r018,1,derecha_p01_s01_r018_w01,derecha/participante_01_sesion_01_rep_018.csv,47,31.25,1.504,1.0250808510638298,3.711964193504706,-0.6507353743322843,1.0112102180620326,-0.0470557279002256,0.002589849123608636,0.017527659574468085,3.4656938409388,-0.6073569222443203,0.06851063829787235,-0.7296987609991041,0.01311295097132285,0.07650000000000001,3.4538461534026395,-0.3007522194128245,-0.21425531914893614,0.7456767764470533,0.03125975948196114,0.9310531914893616,3.421507077453573,-0.1400861839473504,0.9640425531914895,-0.34724978634688103,0.0017115633672525434,62.90257872340426,3.4613858642818123,0.3924522017690535,-4.056170212765958,-0.9718138000948153,47.45984588344127,171.4209063829787,3.457879544358822,-0.758904803290763,3.224255319148936,0.5794772068079865,164.52562932469937,8763.327214893616,3.6736605964881046,-0.8128947084670592,85.80527120526396,-0.5124790367471977,1431.2344449865561,8529.003729787235,3.6840325333607513,-1.4655931730779832,-11.395957446808511,0.32391783763579246,8581.725794172064
derecha,01,01,018,derecha_p01_s01_r018,2,derecha_p01_s01_r018_w02,derecha/participante_01_sesion_01_rep_018.csv,47,31.25,1.504,1.0666893617021276,3.687597235467968,-0.8462823064669043,1.03134252299321,-0.03611334639459186,0.003087656793521573,0.011365957446808512,3.4900024167913095,-1.5518932860352268,0.00127659574468085,0.3957892090504266,0.011611378353376507,0.07493829787234044,3.7322752241937103,-1.4905147983603566,-0.0304255319148936,-0.07014335898600475,0.07562155411655876,0.9803851063829786,3.4560954371437926,-0.11001074939767097,0.9887234042553192,0.7410595391117686,0.002872247918593898,66.26983191489363,3.465635458754573,0.49464244791370815,-0.27553191489361717,-0.6934667144860011,67.63291221091583,113.41907872340427,3.598984532566255,-0.01954555028070981,-7.174255319148935,-0.38071443531490945,63.29585975948197,6392.142578723405,3.6928876626059877,-1.604326442654167,66.70243228665032,0.18650407241841332,1985.1656732849356,6212.453668085106,3.7135393833163435,-1.4457633206467964,58.37957446808511,-0.08209335095912611,2865.241538945421
derecha,01,01,019,derecha_p01_s01_r019,0,derecha_p01_s01_r019_w00,derecha/participante_01_sesion_01_rep_019.csv,47,31.25,1.504,1.0299063829787234,3.687047628043225,-0.507683862036969,1.0137803796164486,-0.11243953137595657,0.0022025884678752087,0.002740425531914894,3.7908898518993164,-0.840839181936285,-0.023404255319148932,0.1195508820347724,0.002240333024976873,0.019751063829787238,3.63406411749699,-0.5830675724066481,-0.014680851063829787,-0.19767943169605465,0.019960222016651246,1.0074148936170215,3.6849228308068454,-0.25900071998890883,1.0027659574468086,-0.1297701248692067,0.0019160962072155433,20.90829787234043,3.5881551413038033,0.021678086706303112,1.7306382978723402,-0.4231683757808731,18.30260610545791,76.22563191489363,3.377173291072024,1.6599721777426364,4.969574468085107,0.9537378349949638,52.64915633672525,1730.1626085106384,3.5890454387498973,-1.4115461332385033,34.17720553936972,0.08366085922845262,574.300387204886,1633.0286787234045,3.446958000061432,-1.4452623147372117,-31.62914893617021,-0.023168957142489344,646.3783470860315
derecha,01,01,019,derecha_p01_s01_r019,1,derecha_p01_s01_r019_w01,derecha/participante_01_sesion_01_rep_019.csv,47,31.25,1.504,1.0167170212765955,3.5408611301011645,0.18789934441499145,1.0070197288727472,-0.34965099318969606,0.0026854236102120356,0.005442553191489361,3.365357937005699,0.9139579716102109,0.05191489361702128,0.4962897623758039,0.0028071230342275664,0.04155531914893618,3.6414793418713898,-0.4347066660632244,-0.14702127659574465,0.35295804986947904,0.02037354301572618,0.9697191489361702,3.652799958374357,-0.07248876481372468,0.9834042553191491,-0.2549462732052064,0.002692506938020353,151.0884468085106,2.7161061868980485,3.959544738588188,0.12553191489361692,0.25536779291435807,154.35687742830714,111.02897872340428,3.287326088380024,0.9675851861602842,3.067659574468084,-0.3278628187537807,103.82754005550417,1769.8565191489365,3.79919537371981,-0.9612734216027343,37.951723820703435,0.22538191575814914,336.6867255378568,1507.7390936170211,3.7119641935047056,-0.4233310466759259,-22.83787234042553,0.530058020638306,1007.6091736355228
derecha,01,01,019,derecha_p01_s01_r019,2,derecha_p01_s01_r019_w02,derecha/participante_01_sesion_01_rep_019.csv,47,31.25,1.504,1.015408510638298,3.333385599792376,1.086119458025676,1.0066784337810262,-0.5472019189408176,0.0020506729375756707,0.005061702127659574,3.4110767583966997,0.49229331575401103,0.04446808510638297,0.7015044717473197,0.003151341350601295,0.036425531914893616,3.841198957784428,-0.8971154607423832,-0.09957446808510638,0.04664040985329396,0.02708677150786309,0.9739212765957448,3.4543732244358316,0.5160988188908466,0.9857446808510638,-0.4912715809370716,0.002277150786308975,192.74874680851065,3.0431186385434295,1.6322663479584296,0.5027659574468085,0.06565129382840242,196.6806682701203,82.36976595744682,3.6254762878393727,-0.08982622572579624,-2.1127659574468085,0.001618087682134706,79.59959435707678,2554.5127468085107,3.7153234905313726,-1.4876224042839095,44.54446977116843,0.06781513692094042,582.7008500403638,2279.394234042553,3.6228018831782496,-1.2774130759461562,29.8459574468085,-0.2535863455189834,1418.8002985198889
derecha,01,01,020,derecha_p01_s01_r020,0,derecha_p01_s01_r020_w00,derecha/participante_01_sesion_01_rep_020.csv,47,31.25,1.504,1.0576893617021277,3.4227415772438596,0.7638167682945642,1.0269176611545112,0.74976623060528,0.0031975110613167656,0.0076191489361702135,3.616427491469109,-1.409114325670121,0.005744680851063829,-0.2579514394758117,0.007751063829787235,0.05064680851063831,3.633232202235123,-0.4887236820908387,-0.06978723404255319,0.5716948311078893,0.04677169287696577,0.9994234042553191,3.4953802610774067,0.5579947111071331,0.9985106382978722,0.5563294460834721,0.00245208140610546,141.60735531914895,3.3406502889476104,0.433133082057247,0.7725531914893616,0.3680436502157871,144.07596290471784,78.85247659574466,3.6328331300295447,-0.2085940454603743,5.0238297872340425,0.5718110431952095,54.779124144310806,4585.359344680851,3.452248427199451,-1.4842724468200892,52.630132055107495,0.44686259028047653,1854.8943824676405,4364.899512765957,3.40969523571009,-1.4530240547224589,-50.30234042553191,-0.46831458091438216,1874.456105272895
derecha,01,01,020,derecha_p01_s01_r020,1,derecha_p01_s01_r020_w01,derecha/participante_01_sesion_01_rep_020.csv,47,31.25,1.504,1.029953191489362,3.5703095978725297,0.6381074333826477,1.0142805096612817,0.5009742664960163,0.0012140704977994324,0.01042340425531915,2.768323886502963,5.6388921122365065,0.09553191489361702,-2.0800205710895536,0.0013252543940795558,0.05267234042553191,3.665355074667611,-0.6690208181028736,-0.21234042553191493,-0.7205297073328802,0.007748751156336725,0.9668574468085104,3.4900024167913095,-0.2697979668987096,0.9827659574468083,-0.07139338294433734,0.0010508788159111942,85.72205319148935,3.4935671188985267,1.5224230410666308,3.028297872340425,1.2676639901122853,78.2156274745606,24.979817021276595,3.473940980575066,0.8967655411223028,2.579148936170213,-0.12739911154388478,18.726238390379276,1304.491774468085,2.6462293248737025,3.683753020338373,23.998026457511582,2.1047692173897095,744.4253375824997,1193.7899042553192,2.9100036685195625,2.7263819452959286,-17.770851063829785,-1.6942837512486506,897.0734253469009
derecha,01,01,020,derecha_p01_s01_r020,2,derecha_p01_s01_r020_w02,derecha/participante_01_sesion_01_rep_020.csv,47,31.25,1.504,1.0319319148936168,3.272986864871741,1.5381180930433516,1.0147481958438227,-0.4955896850016309,0.002266231619352525,0.012038297872340425,3.2481286815944874,-0.7958614771263663,0.04553191489361703,-0.8471098171707152,0.010181776133209992,0.06092553191489363,3.6051068749661415,-0.0019289137635301046,-0.17638297872340428,0.49829136304555527,0.0304627197039778,0.958968085106383,2.997415067430793,2.528162813964082,0.9780851063829787,-1.034646559873652,0.0023679925994449596,73.77425957446808,3.291722705749108,2.768022100820062,0.9570212765957447,1.0546067043037561,74.4422474560592,156.16959574468086,3.684582140785494,-1.317788854958933,-5.093191489361703,-0.4765913271503571,133.06006133209993,5269.887668085107,3.245941653594453,-1.205882561441037,52.47511107396494,0.6098416547799881,2570.9514812049356,5039.943812765958,3.2560935133936297,-1.2893412285729722,46.16978723404255,0.533717278702146,2971.5183543015723
derecha,01,01,021,derecha_p01_s01_r021,0,derecha_p01_s01_r021_w00,derecha/participante_01_sesion_01_rep_021.csv,47,31.25,1.504,1.0913191489361704,3.2742213646620266,1.2203592778039711,1.0422333357203803,0.8159865097080742,0.005179014650412028,0.008300000000000002,3.479572097734436,-0.1300238105398468,-0.042340425531914895,0.6468528905931789,0.0066487511563367244,0.07111702127659575,3.6075723622238725,-0.5914587377522507,-0.03808510638297872,0.12275650307460058,0.07118103607770583,1.0119021276595748,3.0681930253372616,1.4698446353478012,1.0038297872340425,0.17132201474352088,0.004319796484736358,367.13303829787236,3.3659075444304416,0.08395797558785745,0.6153191489361701,0.5677741106979375,374.7273428307122,339.58439361702125,3.4370189062450747,0.16439074467398074,10.994255319148937,0.9622694162969994,223.4653249768733,6997.9536468085125,3.575999097216127,-1.3478710686950512,69.90983612593774,-0.0881745211303545,2156.450382688975,6291.236214893616,3.575999097216127,-1.3902805331034251,-60.470000000000006,0.022000251789047465,2691.8895608695657
derecha,01,01,021,derecha_p01_s01_r021,1,derecha_p01_s01_r021_w01,derecha/participante_01_sesion_01_rep_021.csv,47,31.25,1.504,1.042685106382979,3.6709861918269815,-0.23371905977336427,1.0191144334067619,-0.19885313627412352,0.004179810135536888,0.00828936170212766,3.589045438749897,-0.22375514184655332,0.03148936170212766,-0.2848513713062116,0.007456429232192415,0.09070851063829788,3.5313211084903857,0.22424184943697778,-0.2738297872340426,-0.45653004915420753,0.01606762257169288,0.9436872340425533,3.649444173670532,0.023103457672748462,0.9691489361702124,0.1562174793774594,0.00453404255319149,668.9844127659575,3.6423696393174834,-0.2860298399155137,2.751914893617022,-0.025405906736314467,675.7898853839038,304.2326680851064,3.4935671188985267,0.33527838811228783,-1.709361702127659,-0.7229455726220878,307.8609843663274,9733.701608510637,3.7635077991801045,-1.3762533515499094,91.63439824833152,-0.2814981434055588,1365.9003763110918,8760.484527659573,3.7209546076907425,-1.5453124437454606,-1.7829787234042558,0.0008184355707806207,8947.681721369101
derecha,01,01,021,derecha_p01_s01_r021,2,derecha_p01_s01_r021_w02,derecha/participante_01_sesion_01_rep_021.csv,47,31.25,1.504,1.0458361702127659,3.6632302774312304,-0.26420912150404385,1.0207769652403833,-0.16305136922456637,0.003934265217994586,0.007080851063829788,3.038869044070669,2.4324560645955815,0.054042553191489345,-0.566084454078869,0.004250693802035153,0.06749148936170211,3.7209546076907425,-1.438647061384203,-0.05468085106382979,-0.15939874741883137,0.06590370027752082,0.9712638297872339,3.6923380551812444,-0.2583750510496916,0.9834042553191489,0.0029118809122407555,0.0042707678075855696,857.7609340425533,3.6762766189650007,-0.6100817488572172,-0.21042553191489263,-0.07379962616519144,876.3626693802034,274.95961914893616,3.3953560122018067,0.9809427598857265,-8.429999999999996,-0.48028123613603246,208.32721304347825,7241.2515021276595,3.715814715771889,-1.4740161907199465,75.50618535906762,0.28678198878377675,1573.5472023595594,6108.530948936172,3.6289826077623624,-1.1899350372956268,63.693617021276594,-0.11742805732712869,2096.255275763182
derecha,01,01,022,derecha_p01_s01_r022,0,derecha_p01_s01_r022_w00,derecha/participante_01_sesion_01_rep_022.csv,47,31.25,1.504,1.0851595744680853,2.7324088739875196,4.472844973643857,1.03630860476163,1.9842001751595306,0.011468051255634229,0.021644680851063833,3.2399736949931586,-0.4372338525011652,0.11468085106382978,0.5491791709535512,0.008677613320999075,0.061421276595744666,3.3867098003599625,-0.28678609792183085,-0.0876595744680851,0.6722383578070605,0.054905272895467164,1.0020936170212766,3.3263110654393273,2.605213798374434,0.9953191489361698,1.4578697016102247,0.01168196114708603,481.19229574468085,3.478428527415069,0.10418681042323152,-9.943191489361704,-0.03834221960559033,390.63665698427377,425.7089063829786,3.3424634311264905,-0.9082764284097524,13.051063829787235,0.7643187968698976,260.93034884366324,6187.293136170213,3.506829663948875,-1.500788989992543,60.815110194853034,0.22897604833476998,2542.920193118055,5280.391934042554,3.518091898267616,-1.5057060183891202,-54.74574468085107,-0.26139698794228333,2332.9322293246996
derecha,01,01,022,derecha_p01_s01_r022,1,derecha_p01_s01_r022_w01,derecha/participante_01_sesion_01_rep_022.csv,47,31.25,1.504,0.9993978723404257,3.793014649135696,-0.4785510179968746,0.9983544822638626,-0.25918856717367883,0.0027445957380823395,0.06170425531914892,3.4254450168688337,-0.09917790179717167,0.2295744680851064,-0.9882099818847279,0.009195467160037003,0.07188085106382981,3.572093705087559,0.14253698809922444,-0.25404255319148933,-0.2014560164721607,0.007502867715078631,0.8658127659574467,3.5803992269080527,-0.9834736751654098,0.9285106382978725,0.10672999184644998,0.003760777058279371,434.4423085106383,3.628982607762363,-0.1914269600766012,-10.895106382978723,-0.43423763517320535,322.60285596669746,204.54773191489363,3.569477682610663,0.08114301337104779,7.790212765957446,0.6822301172465436,146.9877151711378,4520.2605808510625,3.1370801507673893,-0.45912290709538084,52.21895612629452,1.0716864783403754,1832.4290541470862,3881.270540425533,3.5759990972161275,-0.9413977796071213,-37.032765957446806,-0.6063887597541922,2564.4066291396857
derecha,01,01,022,derecha_p01_s01_r022,2,derecha_p01_s01_r022_w02,derecha/participante_01_sesion_01_rep_022.csv,47,31.25,1.504,1.039123404255319,3.677716523835837,-0.1720257248636896,1.0168769955087387,0.33417961566922,0.005195114613927416,0.05457446808510639,3.582611441292511,-0.5081659934131237,0.20595744680851066,-0.7574225162955064,0.01242025901942646,0.07544042553191486,3.6206770859418693,-0.05680989826670757,-0.1402127659574468,0.5090317211279257,0.05699343200740055,0.9091085106382977,3.5357212381823104,0.02990104071503108,0.9491489361702129,0.08220122358699365,0.008403607770582792,305.4453872340425,3.8381838631019543,-0.9820446894896877,9.107659574468084,0.20483789467826566,227.33279222941724,318.9518723404255,3.6241834058648594,0.03842626826200313,-5.618297872340426,-0.6662730216967631,293.6341361702128,7296.713795744683,3.2707150447390374,-1.1122170916188892,66.71306773890127,0.6785768205424666,2907.9517014053094,6672.316536170214,3.6870476280432256,-1.192233166148161,52.92553191489362,0.4541192663617917,3955.361229602221
derecha,01,01,023,derecha_p01_s01_r023,0,derecha_p01_s01_r023_w00,derecha/participante_01_sesion_01_rep_023.csv,47,31.25,1.504,1.0174042553191491,2.9477908539112243,4.768907688666723,1.0084082215474355,1.6379058821864434,0.0005283556441362579,0.012740425531914895,2.185958515070702,6.471153723521489,0.11191489361702127,-1.9704675359613357,0.00022016651248843664,0.003382978723404255,2.323770310572014,12.58624339052452,0.0374468085106383,3.2650142704742957,0.00202377428307123,1.0012808510638296,2.7775780879537777,1.8416022391512152,1.0004255319148936,0.9486187536721963,0.0004389454209065688,13.068574468085105,3.2924075981146514,1.8682678607622778,-1.245531914893617,-1.0172820033036003,11.767599167437558,3.339821276595745,3.453629949886061,0.8010280079737186,-0.7693617021276596,-0.7968058828051648,2.8076408880666057,19.542159574468084,3.0753920461950823,3.6208140905055934,3.4667827648009677,1.901220257821256,7.687132854324153,3.1337638297872337,2.928801740160584,7.15022403978292,-0.21595744680851064,-1.7822225769820215,3.154237650323774
derecha,01,01,023,derecha_p01_s01_r023,1,derecha_p01_s01_r023_w01,derecha/participante_01_sesion_01_rep_023.csv,47,31.25,1.504,1.0749531914893617,2.588079873694221,6.679619488094916,1.0314968119770918,1.2334335677512442,0.01120594268285919,0.011770212765957449,2.2588126148799406,10.095652089373305,0.08042553191489363,2.2052901721053053,0.005417206290471786,0.041036170212765954,3.0824034624770436,2.5529501425744066,0.06404255319148937,-0.628480779576842,0.03773765032377428,1.0221468085106382,2.235097501882991,10.382441228017306,1.005744680851064,-1.5287945966900698,0.010855411655874192,298.0609829787234,1.7504614576463347,20.487888854314704,-5.4455319148936185,-2.692878150695062,274.24210351526364,115.43036595744681,3.4795720977344358,-1.3555120315400557,5.946808510638298,0.5338085118467978,81.8063961147086,4776.956585106383,2.9100264754882326,-1.5908983632597828,48.611070085208056,0.45224738594449176,2466.3969818051423,4363.465236170213,2.744340680165773,-1.6846319888130978,-44.452127659574465,-0.40959890738849486,2439.375182331175
derecha,01,01,023,derecha_p01_s01_r023,2,derecha_p01_s01_r023_w02,derecha/participante_01_sesion_01_rep_023.csv,47,31.25,1.504,1.0927936170212764,3.153973502245501,2.2233688138682224,1.0377004903324223,0.35163138621691475,0.016318511763064952,0.02104468085106383,3.1169627872034127,1.157379983631846,0.11085106382978724,0.743946789487762,0.00894708603145236,0.09456382978723402,3.684582140785494,-1.0513484760481424,-0.10617021276595744,0.40673268311342375,0.08510240518038853,0.9771851063829785,2.9806570008934825,3.323389173105607,0.9806382978723407,-0.7565860666092209,0.015871322849213693,327.66929148936174,2.2418257089155023,15.180470545224075,-3.441489361702128,-2.267193492142462,322.6912129509714,200.18587021276596,3.47132495809817,0.26932876467344524,4.7623404255319155,-0.9284294619925887,181.36480962072156,6030.184406382979,3.5387363328647847,-1.5038362147881752,65.74569790354067,-0.045105705092146384,1744.8112573323745,5502.329244680851,3.6932283526273384,-1.3236768532762695,-56.972127659574475,0.3346662216555808,2305.560391026827
derecha,01,01,024,derecha_p01_s01_r024,0,derecha_p01_s01_r024_w00,derecha/participante_01_sesion_01_rep_024.csv,47,31.25,1.504,1.1763595744680853,2.572314772029446,13.211028776897383,1.0635259967921327,2.744701711560766,0.046256203150503515,0.03272978723404255,3.5676935753956336,-0.4519693645828946,-0.06702127659574471,0.2677947699818939,0.028851803885291395,0.12702127659574466,2.465366524019963,9.932515462191795,0.046808510638297864,-1.510108420300142,0.12754394079555967,1.0166085106382978,3.0757911184006606,2.0434988334577664,0.9974468085106385,-0.48814200793111767,0.022180296022201663,1357.3316425531916,2.4744153203902264,18.378903226494657,-1.6302127659574468,-3.3337377929475682,1384.123484736355,349.17403404255316,3.2386795894546268,1.9620269765225604,-0.6880851063829785,-0.6074579361898755,356.2810201665125,9190.956614893617,3.2417542898853466,-1.1466905869187634,75.03981443294832,0.4355275371183326,3637.3737966049566,7484.450938297873,3.3295350775251937,-0.6504254574246215,-58.51255319148938,-0.08929043867251722,4149.008841165586
derecha,01,01,024,derecha_p01_s01_r024,1,derecha_p01_s01_r024_w01,derecha/participante_01_sesion_01_rep_024.csv,47,31.25,1.504,1.0858702127659572,2.2102670909232116,21.43914444920705,1.023091853555045,3.753396608185964,0.04000443004124308,0.026272340425531913,3.242185909377617,-0.1393584395012999,0.02978723404255319,-0.7860330629132346,0.025936910268270125,0.11404255319148938,1.8226417757825837,13.253356267814617,-0.12638297872340426,-0.9579890015229257,0.10020185013876043,0.9455553191489364,3.0919434840878237,2.5284451990781562,0.962340425531915,-0.14724198892588544,0.019879185938945425,1428.4148531914893,2.5698275359210507,18.03076867416566,2.646170212765957,-3.3790377336370545,1452.3129111008327,471.26064468085116,3.522183671408025,0.37673004097706597,2.01,-0.6831606069881023,477.3775130434783,12928.321685106383,3.540861130101165,-0.9578307000730844,101.25297591446838,-0.15976787737729176,2734.333869952438,11028.646187234042,3.7696885237642173,-1.3274883383882703,-14.212340425531915,0.10177345291144416,11062.01764440333
derecha,01,01,024,derecha_p01_s01_r024,2,derecha_p01_s01_r024_w02,derecha/participante_01_sesion_01_rep_024.csv,47,31.25,1.504,1.0820829787234039,3.7483366604099544,-1.037912783369753,1.0362055043694347,-0.09741123902232653,0.008542895164799913,0.011074468085106388,3.4796304799186633,0.38313112621153156,0.02702127659574469,-1.016429692772897,0.010569195189639224,0.04183617021276596,3.5855391188269072,-0.14527518423256724,-0.035531914893617025,0.8461790393640585,0.04145568917668825,1.0291723404255315,3.7140889907410863,-0.7687278778097721,1.0104255319148938,-0.31703633024848227,0.00839111933395005,385.0995680851064,3.6605558727701077,-0.5849232766486168,11.381914893617022,-0.03229397563361593,261.10705060129516,257.083085106383,3.7057834689205924,-0.43996705466115227,0.38255319148936184,-0.1346433374986038,262.522319426457,8016.019289361702,3.478681800288342,-1.264126721565858,70.1566802965252,0.5224921201350793,3161.3216621574825,7373.836636170212,3.4870747392569132,-1.3063391144306764,60.55425531914893,0.44795320088294927,3787.6061641073074
derecha,01,01,025,derecha_p01_s01_r025,0,derecha_p01_s01_r025_w00,derecha/participante_01_sesion_01_rep_025.csv,47,31.25,1.504,1.031927659574468,2.9983161633129147,4.63222599065768,1.0096477798371162,1.0860102319562959,0.012811607641068689,0.031225531914893623,2.9568686852453387,-1.2406065214564297,0.11531914893617025,-0.7081427169028724,0.018316743755781687,0.03736595744680852,3.037146831362708,0.9964334070580332,-0.04638297872340426,0.29277428442135783,0.03598011100832562,0.9633361702127659,3.118926464601457,2.2681444543601152,0.9753191489361703,-0.10987172167162851,0.01235152636447734,276.7297914893617,3.639354544635009,-0.35777618855722615,-1.365106382978724,0.04557848201612711,280.841629879741,135.42461063829788,3.588554213509381,0.2058125382256053,4.024468085106382,-0.7583229833465476,121.8201861239593,5807.537042553192,3.820887927095424,-1.1454427103598144,66.19503976711674,0.1403954783727654,1456.7483995826553,5395.3826404255315,3.830768638727555,-1.0450404494005194,-31.969148936170207,0.24698721548042796,4468.429116651249
derecha,01,01,025,derecha_p01_s01_r025,1,derecha_p01_s01_r025_w01,derecha/participante_01_sesion_01_rep_025.csv,47,31.25,1.504,1.0363702127659575,3.2954226927971257,1.6717051111465153,1.0156838687814218,0.7793705362480899,0.0048598934514909025,0.02361489361702127,3.3436653836300847,-1.1099621321934747,0.11170212765957445,-0.4228829536168391,0.011379648473635526,0.036634042553191484,3.3503373334547133,0.418457091937781,-0.01787234042553192,1.1455272905006109,0.03710407030527289,0.9761212765957448,3.6224028109726714,-0.029793763541475116,0.9857446808510639,-0.1458427429346714,0.0045249768732654955,420.48857234042543,3.6280923103162683,-0.25709478567626753,13.650425531914895,0.24156530985512012,239.24476938020354,141.62024042553193,3.713539383316343,-0.6937531479289607,-2.298510638297873,-0.021397971379206404,139.30093903792786,6061.205255319149,3.6090157794175504,-1.1791950760742178,63.26229213959411,0.5658830188083072,2103.850423532578,5499.096442553192,3.681966118308598,-0.9546127326531266,52.438297872340435,0.28027284761589066,2809.0892144310824
derecha,01,01,025,derecha_p01_s01_r025,2,derecha_p01_s01_r025_w02,derecha/participante_01_sesion_01_rep_025.csv,47,31.25,1.504,1.0621553191489361,3.298097097458249,2.555440124694301,1.0287459988558842,0.8463887159284417,0.003920401791009509,0.0047744680851063825,3.196958313227132,1.9722710392589144,0.04127659574468086,-0.5977812020051331,0.0031374653098982437,0.027634042553191483,3.1722506651690434,0.903899630281737,0.028085106382978724,1.2639489663334134,0.027428862164662348,1.0297468085106383,3.4156670428908114,0.13467404383113202,1.013404255319149,-0.16690484167691136,0.002818593894542093,403.65955744680855,3.7831339375035657,-0.7646222981707518,8.67276595744681,0.43325013204274065,335.5827465309898,95.92692978723404,3.582864714165784,0.04872916884751444,-5.215106382978723,-0.5917078960325323,70.2237168362627,5178.386489361702,2.95083849588039,-1.0554920068085487,50.88842573287023,0.82635216797593,2645.031890048199,4678.800002127658,3.0984648986932877,-0.9751670269320032,43.37723404255319,0.8654110839703506,2858.024603052729
derecha,01,01,026,derecha_p01_s01_r026,0,derecha_p01_s01_r026_w00,derecha/participante_01_sesion_01_rep_026.csv,47,31.25,1.504,1.0667425531914894,2.7518296072304302,8.508985600205856,1.0282319363245382,2.223208417753779,0.009687760885818937,0.012429787234042557,3.563993588347616,-0.3663718050166693,-0.0123404255319149,0.6294348637857694,0.012544403330249773,0.05126382978723404,2.5027759750110428,10.57924567301137,0.043829787234042565,-2.3952349513170375,0.050415448658649414,1.0030489361702126,3.362342842323225,1.1564321689265995,0.9997872340425531,-0.4919503057324255,0.003549953746530991,1109.8797744680846,1.82273041649468,22.320293473431057,-0.3080851063829791,-3.473378670619223,1133.910615818686,70.4780574468085,3.5486754266811427,-0.39016219204311575,3.5891489361702127,0.4517641316744001,58.8481557816836,6145.962002127661,3.194001600728885,-0.057617242850501516,61.308700877659696,0.6404131289665171,2439.1009640130774,4965.604170212765,2.907578663174821,1.9018063180015208,-42.61191489361702,0.8386083098763607,3218.3034201665128
derecha,01,01,026,derecha_p01_s01_r026,1,derecha_p01_s01_r026_w01,derecha/participante_01_sesion_01_rep_026.csv,47,31.25,1.504,1.0246553191489363,2.4232964576988056,15.843576384770834,1.0082872761566135,3.3546921311970004,0.00818626371330107,0.012340425531914894,3.190221482645976,0.3719667755393137,0.08170212765957446,-0.5216574189961166,0.005788344125809436,0.04152765957446809,2.446036720247971,13.270007417181308,-0.08510638297872339,-2.8400861420076926,0.035029879740980575,0.9707872340425531,3.115878822632291,2.1370730742398987,0.9838297872340428,-0.06911147047802203,0.0029284921369102704,1129.1184553191486,1.851350481327019,22.669246764935014,1.9931914893617013,-3.6052165149766133,1149.6053308973171,39.033774468085106,3.376829088727831,1.7663657068136782,0.3387234042553193,0.9994206575392999,39.76510703052729,4155.653134042554,2.9233284443335648,2.37102185058966,45.74632083397942,1.6025041325045215,2107.773509071026,2987.5009042553193,2.931945621211559,2.9753017495541574,-23.267021276595752,0.5074174013106314,2499.323725716929
derecha,01,01,026,derecha_p01_s01_r026,2,derecha_p01_s01_r026_w02,derecha/participante_01_sesion_01_rep_026.csv,47,31.25,1.504,1.015731914893617,2.8175152569662427,4.104532664495308,1.006598044779834,1.476360727856504,0.0025464713811856076,0.013831914893617021,3.022466917833074,-0.008336291097503779,0.03297872340425532,-1.2369990005788056,0.013021369102682699,0.03732553191489362,3.409383580652589,0.012071850741163015,-0.08191489361702128,0.6319789264883179,0.03128103607770583,0.9645744680851064,3.3932347272882675,1.0085861864152275,0.9808510638297873,0.5327298527968883,0.00256012950971323,194.05584468085107,3.46781863817518,0.8255987305298662,-0.43085106382978744,-1.0379112388356166,198.08478186864014,210.49629148936168,3.1887707793391113,1.4086900918886371,-6.237659574468086,-1.3032769223812835,175.3180661424607,4188.61355319149,3.4188910549766773,-0.588825834482047,48.965316693077,0.8237813257217055,1829.946342910733,3784.0614170212766,3.7265857248501133,-0.9751063814541379,34.776170212765955,0.5332973853074569,2630.6506937095282
derecha,01,01,027,derecha_p01_s01_r027,0,derecha_p01_s01_r027_w00,derecha/participante_01_sesion_01_rep_027.csv,47,31.25,1.504,1.0410148936170212,3.0519737677886654,3.5982609724783288,1.0192184512377398,1.7246326163829584,0.002256656236033109,0.00940425531914894,3.0275484275677016,-0.6984945754405985,-0.040425531914893634,0.6329227072654503,0.007938945420906568,0.021604255319148932,3.47483127802116,-0.31520692742817324,0.07829787234042554,0.5743219287618608,0.015810083256244216,1.0100063829787234,3.189514053888882,4.2025508009944454,1.0044680851063832,1.536742244710319,0.0010730804810360796,123.6364021276596,3.4162166503155538,0.5550652629968336,-4.05,-0.9066058602368332,109.56507391304346,62.103540425531904,3.306743309300093,-0.38485653922931284,3.5361702127659553,0.6212979396002459,50.67728066604993,3158.7706531914896,3.4488891301727853,-1.514946011202027,42.91367514416357,0.19263882432589155,1345.8216418303546,2973.0307106382975,3.2173251010849553,-1.4704520353874186,-40.88765957446808,-0.2379032120311558,1329.5176139685475
derecha,01,01,027,derecha_p01_s01_r027,1,derecha_p01_s01_r027_w01,derecha/participante_01_sesion_01_rep_027.csv,47,31.25,1.504,0.9915170212765959,3.744087065937194,-0.23659691763143087,0.9952976740148198,0.3656499149165663,0.0009191170593999653,0.011808510638297874,3.3003689175909523,0.24708906379728957,0.07148936170212766,-1.2232533049526624,0.006843385753931545,0.004574468085106384,3.2675719512289487,2.187531452468283,-0.0038297872340425534,1.0118056406229123,0.0046589269195189634,0.9751340425531915,3.4462147255116617,-0.44128709368642793,0.9870212765957446,0.19043565064531284,0.0009431082331174851,150.58440212765953,3.5495073419430097,-0.06636857174218269,-5.578510638297871,-0.5866086875616047,122.06167816836262,44.54035319148937,3.7089490988222313,-0.48835773983926867,2.4531914893617017,0.148053589168554,39.35964394079556,3073.6777808510637,3.744087065937194,-1.2961589677816296,45.05032260936963,0.432982533733633,1066.84504437415,2878.553025531915,3.827811926229307,-1.180395933097854,-30.420851063829787,-0.0892816030620857,1995.5840818686397
derecha,01,01,027,derecha_p01_s01_r027,2,derecha_p01_s01_r027_w02,derecha/participante_01_sesion_01_rep_027.csv,47,31.25,1.504,1.004963829787234,3.4158175781099755,0.6097039864713243,1.0015704770207656,0.6580427104090014,0.0018599834638824558,0.009297872340425534,3.6911035553909586,-0.9864452537873651,0.0753191489361702,-0.546453541860079,0.0037037002775208135,0.0229063829787234,3.482246502395559,0.4469055124015169,0.06127659574468087,1.0093949995471536,0.01956790009250694,0.972759574468085,3.305853011853999,1.3027023391551005,0.9853191489361701,0.8589825749549914,0.00194717853839038,128.7319765957447,3.308128344309544,1.1555428493733766,3.5623404255319158,0.05804245734430887,118.5643530989824,83.87068936170213,3.6185522887054886,-0.2119960644224541,3.9242553191489353,0.47604621194581964,69.95940758556893,3748.323819148936,3.4887679170010233,-0.9702418957551511,48.634612012505926,0.6223639369271005,1413.063514705905,3535.72115319149,3.7379063413530806,-1.171903620560353,40.499148936170215,0.3286766490549924,1936.7474818686403
derecha,01,01,028,derecha_p01_s01_r028,0,derecha_p01_s01_r028_w00,derecha/participante_01_sesion_01_rep_028.csv,47,31.25,1.504,1.0641787234042555,3.2976058722177326,2.2831968239053664,1.0291893018178166,1.7117342184494304,0.0050556719155759435,0.006572340425531916,3.4692001608617895,-0.5956067149834308,-0.055531914893617036,-0.9330594160780638,0.0035643848288621645,0.03028723404255319,3.24486031403874,-0.21542968890210146,0.13893617021276597,0.5518177554488851,0.011222756706753007,1.0273191489361704,3.3164303538071964,2.295457747164198,1.0119148936170212,1.5691156292854955,0.003420166512488437,56.936821276595744,3.2460038843581076,1.2354893330484638,-0.22638297872340443,-0.9657972087476268,58.12221489361703,70.75625957446807,2.9529307458300784,4.192000083397323,3.221702127659574,2.0311685973942706,61.68943617021277,1790.0511680851066,2.3234629553782407,1.3195546600592483,24.019323901449994,1.6796417754749629,1239.495491911086,1662.3580872340424,2.5211580005650394,1.4553458413336653,-19.17808510638298,-1.6969578871340856,1322.7017288621646
derecha,01,01,028,derecha_p01_s01_r028,1,derecha_p01_s01_r028_w01,derecha/participante_01_sesion_01_rep_028.csv,47,31.25,1.504,1.2252893617021277,2.1983860685594734,25.073553970107554,1.076619333661196,4.361730395341169,0.06761887148228986,0.014057446808510638,2.7471774282292505,8.647922465234355,-0.05170212765957447,2.313610592538098,0.011631822386679,0.22198723404255316,2.3829380580252035,10.938005989883994,0.007234042553191473,-1.8040976593734608,0.22675957446808512,0.9892446808510639,3.205381822980098,2.514667299776825,0.987872340425532,-1.0281576046536502,0.013643200740055506,2330.4317319148936,1.73753539280386,15.637113120112428,1.6634042553191488,-1.1640671733870422,2378.2662272895473,645.814259574468,2.830843906337137,5.567492953269433,-2.1234042553191474,-1.679968748138819,655.246835985199,11468.900882978727,2.7867739072203648,6.219613094405577,80.26439140513317,1.8453359674913947,5135.800710893229,8492.654891489363,2.6478270510768906,2.5276955841799964,-59.233829787234036,-0.08783829726832469,5092.356306753006
derecha,01,01,028,derecha_p01_s01_r028,2,derecha_p01_s01_r028_w02,derecha/participante_01_sesion_01_rep_028.csv,47,31.25,1.504,1.181295744680851,1.8795761872636199,28.084026790343543,1.0567661969366653,4.749853400744579,0.065944013816626,0.010525531914893617,2.680466196106543,10.313721794288416,-0.029574468085106387,2.4895526958180123,0.00986068455134135,0.22924468085106386,2.303890899375279,10.343410928852736,-0.13468085106382977,-1.1007451612677874,0.21569500462534694,0.9415255319148934,2.9790234288976185,3.5384588048235504,0.9648936170212766,-1.313925473852568,0.01073422756706753,2321.6350106382974,1.73753539280386,15.942729752643455,2.589574468085108,-1.22752961907888,2365.253660684551,685.5563872340425,2.9682489074965526,4.937569662852467,-0.5229787234042551,-1.6530901175704837,700.180334412581,16249.582472340424,2.7440378470420033,7.105834914934114,111.07968796295299,1.6242522133100512,3995.904642097634,13242.391074468085,3.1999443729457555,-0.9041170933400422,7.244468085106382,-0.318351804663753,13476.64590351526
derecha,01,01,029,derecha_p01_s01_r029,0,derecha_p01_s01_r029_w00,derecha/participante_01_sesion_01_rep_029.csv,47,31.25,1.504,1.0399744680851064,3.609356469438902,0.15490710343651148,1.0173728490124856,-0.46953234825115114,0.005034061876831537,0.003225531914893617,3.3462814061069803,-0.6332560518652532,0.02808510638297873,0.01996822546895098,0.0024897317298797415,0.01963404255319149,3.4271381946129438,0.8089854507766274,0.08255319148936169,1.1189376228804235,0.01309768732654949,1.0171148936170213,3.5578128637635027,0.21738260161887446,1.0063829787234042,-0.7497451947300852,0.00440185013876041,151.35451489361702,3.479572097734436,0.2823732771381078,-6.721702127659576,-0.17454706275579646,108.481349213691,70.44790638297872,3.365508472224864,0.922764106195769,1.6931914893617022,-0.7379986838953876,69.0501613320999,2424.4672765957444,3.450123629963071,-1.2955508202135089,37.84159157309565,0.6354177668362557,1014.0569025892565,2202.6648553191485,3.4510139274091656,-1.3656631900385452,-29.104680851063826,-0.5418127974409233,1385.0515906567994
derecha,01,01,029,derecha_p01_s01_r029,1,derecha_p01_s01_r029_w01,derecha/participante_01_sesion_01_rep_029.csv,47,31.25,1.504,1.0285829787234042,3.541751427547258,-0.0017058571939707612,1.0119385719260432,-0.25037166948675144,0.004662507662373335,0.013746808510638297,3.549507341943009,-1.3833531969765505,0.07851063829787235,-0.11621052119137931,0.0077477335800185,0.02358723404255319,3.7613830019437247,-0.29184256403788966,0.059148936170212774,0.4720405346845603,0.020525346901017576,0.9912489361702127,3.573324692555004,-0.25561756767634325,0.9934042553191489,-0.5589228392254179,0.004492506938020354,160.59824893617022,3.687597235467968,-1.0580568204910272,-4.074255319148937,0.25204958254336685,147.12909888991678,65.73611276595744,3.764398096626198,-0.8381274528257681,-0.12489361702127637,0.11711227650532911,67.14922118408882,3222.4210744680863,3.735781544116701,-0.9605563127813221,51.17547580412675,0.10607370899458249,616.6111365738733,2996.086712765958,3.723969702373217,-0.9063461449642567,-48.63808510638298,-0.06917038925907926,644.1282462534691
derecha,01,01,029,derecha_p01_s01_r029,2,derecha_p01_s01_r029_w02,derecha/participante_01_sesion_01_rep_029.csv,47,31.25,1.504,1.0383872340425533,2.974714228676612,4.10174440348189,1.0153766118658583,1.2962972574723535,0.00755838686006704,0.023193617021276598,2.9785322036571027,3.0486650837724767,0.1453191489361702,0.11364685880192617,0.0021210915818686404,0.02722553191489362,3.3024937148273326,1.3090907002918,-0.0825531914893617,0.03803299190801063,0.020854209065679925,0.987968085106383,3.010684111053441,5.217689152105983,0.99,1.4624932675844136,0.008039130434782613,421.95250000000004,2.4142255028729833,11.634937561669252,2.877659574468085,1.6041323424836966,422.6644357076781,192.72240425531913,2.9198591937672695,8.599558141051311,3.6297872340425523,2.331085333980857,183.4502456059204,2184.654589361702,3.1518522173319607,5.0360021526586465,39.85704787400817,1.6720375652010864,609.0283746553037,1569.979685106383,3.5087382576686768,0.26552139059632296,-9.55872340425532,0.9129959490723981,1510.7541983348751
derecha,01,01,030,derecha_p01_s01_r030,0,derecha_p01_s01_r030_w00,derecha/participante_01_sesion_01_rep_030.csv,47,31.25,1.504,1.0188212765957447,3.2481286815944874,1.3700605535765948,1.0084326234022167,-0.22412848126524806,0.0019258971898205358,0.016251063829787235,3.4101864609506056,0.14914581707862773,0.12127659574468087,0.9525044507588103,0.0015765957446808511,0.03207446808510638,3.5635349103937926,-0.8032840565546526,-0.03340425531914894,-0.2669211386901334,0.03163163737280296,0.9704957446808513,3.4711312909731418,-0.01923598637234436,0.9840425531914895,-0.3546695174408555,0.002202867715078633,196.8024404255319,3.541751427547259,-0.15172407203701788,4.3436170212765965,0.38235700815450235,181.8035931544866,144.4770276595745,3.453080342461319,0.21879105443431435,9.108723404255318,0.5404238689940061,62.845320074005556,2880.345344680851,3.4046427609393133,-1.386261895233663,43.34067312211669,0.09892869630120646,1023.7125153505679,2539.0658765957455,3.265447153992569,-1.3999372488729813,-39.0595744680851,-0.19582809263259504,1035.4462911193339
derecha,01,01,030,derecha_p01_s01_r030,1,derecha_p01_s01_r030_w01,derecha/participante_01_sesion_01_rep_030.csv,47,31.25,1.504,1.0279659574468085,3.452739652439967,0.655377886981884,1.0121955554855013,0.8813620051584505,0.003500595660949772,0.022387234042553193,3.566462587928189,-0.3595083706754809,0.14468085106382977,-0.23335372153517597,0.0014863089731729877,0.11554468085106386,3.666736597354221,-0.7713506557159739,-0.2953191489361702,-0.1649591008613385,0.028947178538390378,0.8900340425531914,3.651077745666396,-0.22690643864623627,0.9421276595744683,-0.167302648841969,0.0024823311748381127,260.30271914893615,3.615045968782499,-0.19983516899644682,2.8617021276595747,0.4424592600764792,257.59410573543016,216.0154446808511,3.454373224435832,0.45281149819114974,0.9763829787234038,-1.0455743128242658,219.7373844588344,4764.888902127658,3.66852070456925,-1.115990426855046,63.694389661690415,-0.23646707238051937,723.3030544426748,4288.570738297873,3.671535799251724,-1.2837165354901776,-10.501914893617021,0.48653017635416923,4269.112707123035
derecha,01,01,030,derecha_p01_s01_r030,2,derecha_p01_s01_r030_w02,derecha/participante_01_sesion_01_rep_030.csv,47,31.25,1.504,1.0649659574468087,3.4344028837681786,0.08071616542311943,1.028210035905809,0.4130867161911799,0.007918559498718026,0.022046808510638297,3.3081283443095444,1.391134863570608,0.14085106382978724,0.018445234082731837,0.0022557816836262716,0.10394893617021275,3.6867069380218744,-0.875869785533423,-0.21361702127659576,0.12959975143905866,0.059584458834412594,0.9389702127659574,3.3616579499576806,1.1774905883367177,0.9646808510638297,0.9170462555013655,0.008542830712303424,344.31255319148937,3.598984532566255,-0.2627126013217089,-0.7119148936170214,0.40327197232705025,351.27976799259943,285.14725531914894,3.6589806829584703,-0.5383202967002867,-8.88936170212766,-0.4366492215095431,210.60751480111006,3775.8501446808514,3.65378118529137,-1.481586536977635,52.97580702577026,0.26447313708853143,990.488232358967,3146.390336170213,3.658639992937119,-0.8331699571864437,36.9068085106383,-0.27949378279445497,1823.0664700277518
derecha,01,01,031,derecha_p01_s01_r031,0,derecha_p01_s01_r031_w00,derecha/participante_01_sesion_01_rep_031.csv,47,31.25,1.504,1.0988595744680854,3.171610128273382,2.9589854178605997,1.0434126390437397,1.394753016897164,0.010370283481252443,0.04277021276595745,3.4439429053789583,0.255445497562536,-0.1531914893617021,-1.1631888243835253,0.019722201665124887,0.05079361702127661,2.8497959507310826,4.78616720953409,0.08276595744680851,1.974039570242779,0.04489870490286771,1.005295744680851,3.4705816835483994,0.33280168015934253,1.001063829787234,0.16552944311572196,0.0032358001850138793,156.665170212766,3.4536299498860608,1.0685965818829413,3.8242553191489357,0.8670215392836779,145.1280728029602,355.2804574468085,3.412398675335064,0.3896870547308926,2.797234042553192,0.476607689944883,355.0093291396855,4137.139025531915,2.5445594820021915,1.6578510719085386,40.72472887087053,1.7823062750419472,2532.5188640113474,3625.1933978723405,2.662220356905673,1.633687925122259,-30.90148936170213,-1.7536525351393422,2728.3411651248844
derecha,01,01,031,derecha_p01_s01_r031,1,derecha_p01_s01_r031_w01,derecha/participante_01_sesion_01_rep_031.csv,47,31.25,1.504,1.126217021276596,2.824721563937251,4.970982730894941,1.0575351705199545,1.8221544828879441,0.008006740572316479,0.046172340425531935,3.6310490228145165,-0.845038690284281,-0.10787234042553193,-0.5230833661182618,0.03528667900092506,0.10070638297872339,3.463510661518192,1.0031408834377986,-0.05617021276595746,0.7806964920235492,0.09967197039777985,0.9793382978723404,3.5578128637635023,-0.3218503717305379,0.9882978723404255,-0.174618210163373,0.0026622571692876983,173.74859574468084,3.5087382576686763,0.9362513381263127,0.5255319148936171,0.9760066356398803,177.24355134135058,323.29881914893616,3.555541043630799,0.20996847529313145,11.251702127659577,0.972425028208189,200.97406225716927,6724.191251063829,3.1293242363716387,-0.9445603118335093,58.89176711209904,0.8231121440067068,3326.73256133634,6227.143836170213,3.363324069240238,-1.0251331728442772,-51.258936170212756,-0.7395221492479885,3677.9188923219235
derecha,01,01,031,derecha_p01_s01_r031,2,derecha_p01_s01_r031_w02,derecha/participante_01_sesion_01_rep_031.csv,47,31.25,1.504,1.0158936170212767,3.5168348620857786,-0.16436377559713167,1.0060021714688259,-0.8124096071557179,0.003937014282615704,0.011117021276595744,3.296862597667962,1.0080405482743808,-0.004468085106382977,-1.0755317716676542,0.011338297872340425,0.07864893617021278,3.3186460805144957,0.6751487544265533,-0.1678723404255319,0.6084856540226555,0.05156493987049029,0.9261276595744682,3.6715357992517244,-0.7140137909497772,0.9608510638297871,-0.4359121159274571,0.0029557816836262726,146.8846106382979,3.5004327358481833,1.2258300377708764,-5.328723404255318,0.9100200481104082,121.06517224791858,164.4291787234042,3.812582405274931,-0.7437814901459934,6.351489361702129,0.40068398264462146,126.7853216466235,8677.945734042552,3.4944025464832347,-1.5398268639736405,79.02706264774557,-0.04341252788027947,2485.553214253413,8366.631944680852,3.523015586669892,-1.007690005336145,17.023404255319146,-0.2731067285861721,8252.4190359852
derecha,01,01,032,derecha_p01_s01_r032,0,derecha_p01_s01_r032_w00,derecha/participante_01_sesion_01_rep_032.csv,47,31.25,1.504,1.0497106382978723,3.1135486203153597,2.2608666960694066,1.02265812012728,1.5668729551924687,0.003965377366818991,0.015727659574468086,3.5724927772931374,-0.40978405206905055,-0.038297872340425546,-0.9224945224443991,0.014570952821461609,0.03690851063829788,2.84656465253203,1.8442470240624562,-0.06106382978723404,1.580295235182206,0.033901017576318214,0.9970744680851065,3.4974176411657085,0.9656142180966922,0.997659574468085,0.8550952928363064,0.0017878815911193363,40.186144680851065,3.5325556082806715,0.4149167846139563,-1.3548936170212766,0.4195198622042345,39.18411248843664,110.69982978723404,3.4037524634932192,1.1098599046808442,5.681702127659574,1.0856062671311733,80.1228318223867,5038.520968085107,3.7348912466706063,-1.5923049751890899,60.66112393317372,-0.05196085502221276,1388.2870332329228,4887.634993617022,3.7036586716842126,-1.2312001682812508,-52.727872340425535,0.3876077430382348,2153.219656244218
derecha,01,01,032,derecha_p01_s01_r032,1,derecha_p01_s01_r032_w01,derecha/participante_01_sesion_01_rep_032.csv,47,31.25,1.504,1.0105446808510636,3.094526959278028,3.6903227356160517,1.0044927136888935,0.7362259787745066,0.0015725270186598046,0.004659574468085106,3.575999097216127,-0.7537980347224851,0.002978723404255319,-0.3786466625902807,0.004751803885291396,0.041687234042553194,3.0175686863923405,0.10425246873550398,-0.0504255319148936,0.954621783949967,0.039995467160037004,0.9641978723404254,2.9468421742809032,3.619772278134425,0.9810638297872338,0.19192379523919847,0.0017488436632747452,136.90347021276597,2.6017342048369603,7.711361456212302,-5.411702127659574,-1.7311844191408683,109.95644921369103,59.5502893617021,3.2091727394990346,1.8172717590113248,2.7617021276595737,-0.7422791941998568,53.052057909343205,4908.109363829787,3.6554743630354802,-1.495184814486656,60.14180528333792,0.043692145736361696,1319.139417201523,4711.655604255318,3.73790634135308,-1.2584186003132072,31.348936170212767,-0.18145047405284295,3809.962844495838
derecha,01,01,032,derecha_p01_s01_r032,2,derecha_p01_s01_r032_w02,derecha/participante_01_sesion_01_rep_032.csv,47,31.25,1.504,1.0480574468085102,3.428713384424581,1.0752674063310916,1.0212822964940684,1.12274678138959,0.005149481104057669,0.005853191489361702,3.2145884406827134,0.33637180926039134,-0.040638297872340426,0.1586266845195962,0.004293061979648475,0.0551595744680851,3.604615649725625,0.3101458618740214,0.1248936170212766,-0.7925895818672924,0.040421184088806655,0.9870446808510639,3.414436055423366,0.736893078623603,0.9912765957446806,0.803648744620174,0.004511378353376503,246.7251744680851,3.1285917602578963,2.0910538997440264,-4.115744680851065,-0.9541843536933511,234.78116410730806,199.2599787234043,3.0791729518188777,1.7365991607351807,1.3174468085106381,-1.0138869255753216,201.818319426457,4385.226168085108,3.4504643199844223,-1.5490534664525946,53.670977455631096,0.2978551803986048,1537.3621806735991,3939.2410148936165,3.349296500789455,-1.6497792033839145,42.802340425531916,0.3972159775069857,2153.0093791859385
derecha,01,01,033,derecha_p01_s01_r033,0,derecha_p01_s01_r033_w00,derecha/participante_01_sesion_01_rep_033.csv,47,31.25,1.504,1.0443425531914892,3.481755277155043,0.460578043534015,1.021028115757336,0.683626960041279,0.0018842300250466407,0.010151063829787237,3.3996056066745672,-1.6573056621963616,0.006595744680851066,0.1289307678680306,0.010327289546716004,0.04157234042553192,3.7375656513317295,-1.000198489319502,-0.005744680851063828,0.5152571136257246,0.04244236817761332,0.9926191489361705,3.47695607525754,0.7080774018137275,0.9951063829787237,0.9608455871731819,0.0024342275670675324,85.74149574468086,3.7197201079004567,-0.47361470317530596,1.4427659574468086,0.198842303981333,85.47861609620722,58.148082978723394,3.404211141447043,0.30570308089742415,3.381489361702128,-0.6403703515847197,47.72912599444959,4384.37354893617,3.625417905655146,-1.5590792606969734,55.22239112518753,0.1932016422937961,1363.87978620848,4240.4839702127665,3.729600819532587,-1.4600991955575788,-51.35617021276595,-0.04538339556221846,1637.87618066605
derecha,01,01,033,derecha_p01_s01_r033,1,derecha_p01_s01_r033_w01,derecha/participante_01_sesion_01_rep_033.csv,47,31.25,1.504,1.033176595744681,3.5834143215905265,0.14676704782273697,1.0152007896937363,-0.23948539447736153,0.0025992556618491835,0.008853191489361704,3.633781809659866,-0.7538565478438195,0.07851063829787235,-0.3859173828877014,0.0027477335800185003,0.047257446808510635,3.5048293532172674,-0.44716270351974874,-0.07425531914893617,0.8688242018155706,0.04265106382978724,0.9770659574468084,3.4961831413754227,-0.4154241942534802,0.9874468085106383,-0.09332691190422647,0.0020585568917668843,138.3932680851064,3.5460010220200195,-0.23773253876434586,1.0744680851063828,0.8960128677636467,140.22223829787237,47.90551914893617,3.476065777811446,0.6203184408977611,4.143829787234043,-0.5088696701752943,31.402328492136903,4755.340463829787,3.8173816071724342,-1.3703869930358676,58.42248923742364,0.16498276874236756,1371.3304589401448,4569.041676595746,3.7983050762737154,-1.1789232833633785,28.91914893617021,-0.12040431774079272,3813.870686216466
derecha,01,01,033,derecha_p01_s01_r033,2,derecha_p01_s01_r033_w02,derecha/participante_01_sesion_01_rep_033.csv,47,31.25,1.504,1.0457638297872338,3.49000241679131,0.9360164023868336,1.0215248308652511,-0.535093287193392,0.0022997812284535433,0.008914893617021278,3.6444944365538636,-0.10054571958615188,0.08382978723404255,-0.693813817756373,0.0019284921369102687,0.048602127659574466,3.497816713371287,-0.4778725802791315,0.08744680851063832,-0.8993470760134752,0.04184551341350601,0.9882468085106382,3.3536966304813802,0.054977026519772654,0.9931914893617021,-0.4648713281496246,0.001856984273820538,139.56479148936168,3.393974489515197,-0.2942449742122406,1.1923404255319145,0.8667142719068137,141.14622701202595,32.03145744680852,3.4795720977344358,0.0037919843308178436,0.3725531914893617,0.3191901238952439,32.5859802960222,4062.2620765957454,3.537695500199526,-1.3667698965425739,49.160841497764984,0.4639782977166328,1681.244908084488,3890.665827659575,3.4204662447883147,-1.3648499423324263,46.34744680851064,0.4554949193539072,1780.462175948196
derecha,01,01,034,derecha_p01_s01_r034,0,derecha_p01_s01_r034_w00,derecha/participante_01_sesion_01_rep_034.csv,47,31.25,1.504,1.0055042553191489,3.3510222258202567,0.8882717157943274,1.002296345039121,0.3189012273977586,0.0009259940412456826,0.034225531914893616,3.6388633193944933,-0.5801294231319307,0.17063829787234044,-0.5286402644837738,0.005219148936170214,0.02265957446808511,3.6232931084187654,-0.6908579093151785,-0.09957446808510642,0.6145347953832748,0.013021554116558743,0.9486191489361702,3.5837550116118777,-0.4105501446810069,0.9734042553191491,-0.34160374440248353,0.0011272895467160037,618.385970212766,3.632488927685353,-1.55165625510885,0.5148936170212771,0.01058862992361388,631.5582646623496,61.04857659574467,3.584304619036621,-1.2271241192193403,3.3985106382978727,0.09683064553998597,50.57476077705828,6705.798506382978,3.7930146491356966,-0.8442887080970682,74.36094129205186,-0.425398593339769,1201.8195451634947,6026.363959574469,3.5915109260076283,-1.4117837845367158,3.8282978723404244,-0.2985953531435275,6142.397401387606
derecha,01,01,034,derecha_p01_s01_r034,1,derecha_p01_s01_r034_w01,derecha/participante_01_sesion_01_rep_034.csv,47,31.25,1.504,1.041695744680851,3.72590083248457,-0.626791154227047,1.0195743822261687,0.03775579886358013,0.002210863436563944,0.025676595744680848,3.4400340009275485,0.18711612313809756,0.15361702127659577,0.34217753931723266,0.00212358926919519,0.025523404255319147,3.586920641513517,-0.18748097611128678,0.06425531914893617,-0.7315242164719843,0.021859759481961148,0.9904957446808511,3.785749959980462,-0.36218359619689444,0.9942553191489363,-0.20720087273309623,0.001994542090656801,397.53365106382967,3.565228088137903,-1.5016283199522027,7.532340425531913,0.12206489436893446,348.20614005550414,85.0427659574468,3.5543065438405126,0.11236124713911044,-1.4506382978723407,-0.34004291488523947,84.74142349676227,3860.84749787234,3.5581570661076953,-1.5937838892822234,52.34105135856776,0.14139766689346436,1145.6370979554204,3378.2710808510624,3.715323490531372,-1.5175524806070895,44.65872340425532,-0.05008125907255008,1413.9536244218318
derecha,01,01,034,derecha_p01_s01_r034,2,derecha_p01_s01_r034_w02,derecha/participante_01_sesion_01_rep_034.csv,47,31.25,1.504,1.0325297872340424,3.66852070456925,-0.8786629989955896,1.0149390953028132,0.05949728441964821,0.0024812118003828395,0.02036382978723404,3.367142044220728,-0.16098510145124,0.13936170212765958,-0.6676227266839765,0.0009626271970397781,0.038468085106382985,3.763507799180105,-0.2629732883863025,0.18808510638297873,0.06881423737441753,0.0031592969472710453,0.9736978723404256,3.8143665124899595,-1.0503542936499177,0.985531914893617,0.16880429384079182,0.002477428307123036,135.80379574468088,3.565228088137902,-0.10304010969995225,-4.947234042553191,0.7047267629799857,113.7488595744681,64.88388085106384,3.510863054905058,0.9296847150987175,-2.6080851063829784,-0.9315791340436957,59.34442016651247,718.6534531914893,3.014651397689078,2.7328253590134457,20.55768395238485,1.8693423179716415,302.47062900329036,517.9657765957446,3.120070034920824,1.904507253067523,10.402340425531916,1.6624567730977293,418.66485309898235
derecha,01,01,035,derecha_p01_s01_r035,0,derecha_p01_s01_r035_w00,derecha/participante_01_sesion_01_rep_035.csv,47,31.25,1.504,1.0362170212765955,3.7965209690586863,-0.7901078945579854,1.016903810536879,0.38609437756138293,0.0021698279441748516,0.010185106382978724,3.651909660928263,-1.5729798191018687,0.07170212765957448,0.23144578709943833,0.005153561517113783,0.02368297872340425,3.578123894452508,-0.8786804793771403,0.03723404255319149,0.5271108352449919,0.022781313598519898,1.0023489361702127,3.675386321518906,-0.9445846019995985,1.0004255319148936,0.037222670230642824,0.001530249768732657,75.12095106382979,3.602490852489245,-0.869949824967601,-4.344893617021277,-0.48068793340616417,57.46552118408881,37.86583617021277,3.453138724645546,-0.6766948592298965,-0.4202127659574469,-0.44843635769698886,38.50858908418132,3749.3603212765966,3.825137521568184,-1.4242497882924081,53.61790452412951,-0.07439966868960565,893.4910843204897,3636.3735340425537,3.770029213785569,-1.015090255384812,-48.97382978723403,0.4314959774963454,1264.8492154486587
derecha,01,01,035,derecha_p01_s01_r035,1,derecha_p01_s01_r035_w01,derecha/participante_01_sesion_01_rep_035.csv,47,31.25,1.504,1.0033148936170213,3.752392587757688,-0.61589017943008,1.0009928492057454,-0.11003943844750576,0.001357083574593417,0.019517021276595742,3.396249821970742,0.045741874488367085,0.13340425531914893,-0.8231415759810907,0.0017577243293246992,0.006904255319148936,3.453138724645546,0.17073629115453937,-0.05297872340425531,-0.47338772340547336,0.004186586493987048,0.9768936170212766,3.5899357361959905,-0.7149642426467206,0.9876595744680852,-0.0996389898221626,0.0014530989824236827,236.55191063829784,3.393322144436345,0.12048383554804065,5.07531914893617,0.9878128495715487,215.37550370027756,30.418436170212768,3.5655687781592538,-0.42865769459727776,1.8351063829787237,0.23930756607694634,27.63888205365401,3020.7608659574466,3.8655659158211657,-1.381206966941385,48.337338974284805,0.015655457648306864,699.1377991651976,2753.790519148936,3.7961802790373356,-1.179735933848261,12.688085106382976,-0.24209932009159094,2649.168298427382
derecha,01,01,035,derecha_p01_s01_r035,2,derecha_p01_s01_r035_w02,derecha/participante_01_sesion_01_rep_035.csv,47,31.25,1.504,1.0173148936170213,3.2603431078663903,0.8871138945384676,1.0072183603809242,-0.33287670777723405,0.002887504392248753,0.01272553191489362,3.421507077453573,-0.2900657423323878,0.10148936170212768,-0.12782101923034475,0.0024781683626271967,0.015785106382978722,3.5899357361959914,-0.39685965429216585,0.05893617021276596,0.2414922069027103,0.012579278445883442,0.9888042553191487,3.384093777883066,0.7416553347280224,0.9927659574468086,-0.5972359506489431,0.003290009250693803,322.2998170212767,3.7431967684911003,-0.5127023823292074,2.703829787234043,0.3435920534729046,321.8367111008327,65.63214468085106,3.6337234274756387,-0.9371145989597287,-0.772340425531915,0.2175145165434101,66.44945309898243,2950.0954361702125,3.797070576483429,-1.317009210375231,49.020014336375674,0.30641475124510353,559.0278399932955,2562.163474468085,3.7292601295112364,-1.2310489171575538,44.39936170212765,0.18334259239747625,603.7049408880666
derecha,01,01,036,derecha_p01_s01_r036,0,derecha_p01_s01_r036_w00,derecha/participante_01_sesion_01_rep_036.csv,47,31.25,1.504,1.0604595744680851,3.411417448418051,1.128913757351885,1.0272843260583147,1.111907007541944,0.005258368074803906,0.009042553191489364,3.361657949957681,-1.6758014820955565,0.03063829787234042,-0.21065899251397266,0.008280018501387603,0.05152340425531914,3.378151005666195,0.28675147405287715,0.07787234042553194,1.0209855135631378,0.04644754856614247,0.9998936170212767,3.4721568733600368,-0.5008036650904995,0.9987234042553191,0.10840899989715536,0.0024983348751156367,188.70199361702126,3.5821798218002403,-0.10303064100595805,-2.651702127659575,0.09315090576483964,185.6198274745606,106.94741063829787,3.4769560752575397,0.4701839492615587,-0.4410638297872343,1.0561949062384008,109.07358797409806,4642.790534042552,3.788765054662936,-1.0416399968440964,56.29896955513755,0.508234105241362,1505.2430080520792,4347.141129787234,3.7271353322748557,-1.0133277294519445,-53.416382978723405,-0.5331252672607558,1526.3057496762253
derecha,01,01,036,derecha_p01_s01_r036,1,derecha_p01_s01_r036_w01,derecha/participante_01_sesion_01_rep_036.csv,47,31.25,1.504,1.0103851063829787,3.5291963112540046,-0.4662359507535303,1.0041321499242117,0.5376966040698586,0.0021494651731149973,0.009655319148936171,3.5129878521414377,-0.5215125563736507,0.09319148936170213,-0.32955278077650396,0.0009917668825161889,0.015225531914893614,3.513479077381953,-0.0075531529758259275,-0.03148936170212767,0.25066046429798067,0.014543385753931543,0.9855042553191491,3.559047363553789,0.028191734867409668,0.9917021276595747,0.6960626326595118,0.002075300647548569,87.79914468085106,3.4522484271994514,0.7002027983720724,2.8565957446808508,0.7475977817382309,81.37028815911194,82.8181,3.761932609368467,-1.2285299282853688,1.1546808510638298,-0.00545575561415959,83.25622109158188,3647.952091489361,3.7431967684911003,-1.3961931452638159,53.364883442637215,0.00734061942780374,817.5356828744783,3477.3348468085105,3.4940583441390425,-1.611560187703895,18.53404255319149,0.07751210928728394,3201.9507246068456
derecha,01,01,036,derecha_p01_s01_r036,2,derecha_p01_s01_r036_w02,derecha/participante_01_sesion_01_rep_036.csv,47,31.25,1.504,1.0415170212765958,3.585879808848258,0.28033127618462306,1.0195759426952646,0.41418147884528833,0.002025003535259523,0.0037255319148936173,3.7545173849940676,-0.6398965330425415,0.046170212765957445,-0.201317931159787,0.0016284921369102683,0.027365957446808507,3.668520704569251,-0.9616689598764254,0.05446808510638298,-0.4153624866442994,0.024929602220166505,1.0104255319148936,3.4280284920590374,1.3877246904529095,1.0042553191489363,0.7904808265226293,0.0019380203515263661,224.12505744680854,3.764398096626198,-0.6631668257334056,8.242765957446808,0.11500227037156818,159.57712479185938,65.1434744680851,3.7705788212103113,-0.9888758681636114,2.425744680851064,0.13280323356333057,60.54748149861239,4180.630595744681,3.7431967684910994,-0.9773923962469646,59.28191405231403,-0.3993292215875623,680.769724256966,3891.362063829787,3.7774444381599683,-1.0908144676598126,55.111489361702134,-0.42775087889099384,872.6528868640149
derecha,01,01,037,derecha_p01_s01_r037,0,derecha_p01_s01_r037_w00,derecha/participante_01_sesion_01_rep_037.csv,47,31.25,1.504,1.0691191489361702,3.0145020860339318,3.070915477756156,1.031232346360405,1.9087673639596698,0.005802453207405257,0.009253191489361703,3.5537569364157697,-0.9836048516842211,0.02574468085106383,-0.09222770813498678,0.008777150786308972,0.08213617021276597,3.298804526215343,-0.386164921521011,0.11914893617021276,0.8154973506825546,0.06941665124884368,0.9777297872340426,3.4365276810045584,0.8621335421263883,0.9882978723404254,0.3962792639144299,0.001018778908418132,140.96349999999998,3.368955186399608,1.3197647848259795,0.17595744680851053,0.6335959943857815,143.99628982423684,47.963319148936165,3.4088049382639958,0.5862325138905025,-0.6378723404255319,0.49540025227324197,48.59027363552266,5627.566159574469,3.7280256297209498,-1.2658890743163322,59.67050562703776,0.31214627324218663,2111.9316333922116,5438.639340425532,3.6272894300182528,-1.319662224178761,-56.71191489361702,-0.2830565500290098,2270.711050601295
derecha,01,01,037,derecha_p01_s01_r037,1,derecha_p01_s01_r037_w01,derecha/participante_01_sesion_01_rep_037.csv,47,31.25,1.504,1.0092510638297874,3.6777165238358376,-0.29973101334811947,1.0036311591397848,0.17698090983499729,0.0020185071951178807,0.013540425531914896,3.2573570481477674,1.7618524251864631,0.09191489361702128,-1.464298454413448,0.00520277520814061,0.01567659574468085,3.2390798852242235,0.981906461958618,-0.09319148936170214,1.1628643890495223,0.007143940795559666,0.9800340425531915,3.4795720977344358,-0.19271900522564334,0.9889361702127659,0.05322387993437872,0.0020836262719703988,149.57632978723404,3.453629949886061,1.067053008248906,1.5019148936170212,0.7524688789491447,150.52320277520815,102.30176170212764,3.4578795443588217,0.11503643821695153,1.7948936170212766,0.8026414862473282,101.23403422756707,5455.30094893617,3.7878747572168425,-0.94067240996853,64.5319690312179,0.13228945624353852,1318.9895288877162,5203.422857446808,3.787383531976326,-1.191747568281773,-6.147872340425526,-0.08377127004534055,5277.922751896393
derecha,01,01,037,derecha_p01_s01_r037,2,derecha_p01_s01_r037_w02,derecha/participante_01_sesion_01_rep_037.csv,47,31.25,1.504,1.0523702127659578,3.614987586598272,-0.7727911646977805,1.0240502909581364,0.02647233605900718,0.0037714581448281574,0.009938297872340426,3.445324428065568,1.2731194628083724,0.0848936170212766,-1.0665365249006065,0.002790749306197965,0.03573617021276596,3.5325556082806715,-1.0695747790261723,0.04042553191489362,0.3480443917341826,0.03484329324699353,1.0066957446808513,3.702768374238118,-1.006202998034178,1.0019148936170212,-0.20790262546041505,0.002924514338575396,558.4400106382978,3.4852032148938066,0.16528668384234502,4.864468085106384,0.16397725801919133,546.4025469935245,116.371414893617,3.526924491121301,-0.24005653918259062,1.0091489361702126,0.6351787754796053,117.86070795559665,4988.603372340425,3.614987586598272,-1.243326030103216,62.34846912478892,-0.14378496506256297,1125.2124607907906,4313.791946808511,3.758766979466828,-1.0842364840773542,55.05723404255319,-0.24958916564476627,1310.373207400555
derecha,01,01,038,derecha_p01_s01_r038,0,derecha_p01_s01_r038_w00,derecha/participante_01_sesion_01_rep_038.csv,47,31.25,1.504,1.060195744680851,3.510863054905057,-0.3940040964298763,1.0277935745740632,0.5491288507157245,0.0039195065004493665,0.006782978723404254,3.4739409805750663,-0.24540778357058413,0.04468085106382979,-0.30457756644532535,0.004890656799259944,0.04089361702127659,3.3007131199351445,0.1325031189279242,0.11446808510638298,0.5883135523546084,0.02839481961147087,1.0125191489361705,3.579908001667537,-0.8157533963974348,1.0051063829787235,-0.021417039197576142,0.002329879740980576,253.4806638297873,3.2341920426146236,0.6579004176944623,-4.097446808510638,-0.4477702944069607,241.8370629047178,41.283502127659574,3.592060533432371,-0.9978298338138996,3.114468085106383,0.5783277977917632,32.27019047178538,4949.714493617022,3.318005543618834,-1.4851089924733574,52.36207733929629,0.34160165831819445,2255.925770989935,4654.950327659574,3.1166117083509275,-1.588074176305878,-48.47446808510638,-0.3215065787394328,2355.2887991674374
derecha,01,01,038,derecha_p01_s01_r038,1,derecha_p01_s01_r038_w01,derecha/participante_01_sesion_01_rep_038.csv,47,31.25,1.504,1.0441893617021276,3.6870476280432256,-0.16076954352555362,1.0203363836196502,0.5415179362745001,0.0031704830502775473,0.030229787234042554,3.4713249580981698,-1.4044942639146565,0.1225531914893617,-0.5260162168750874,0.015541165587419059,0.030819148936170215,3.025601976950318,2.5994529225585126,-0.032127659574468094,1.8413681000891968,0.03043450508788159,0.9831404255319148,3.4632573886449185,-0.7415594914833328,0.9902127659574468,0.49999327102191904,0.0026760407030527312,204.50250425531908,3.3181548552739804,0.7149144948264978,-6.136808510638297,-1.2760277674246017,170.4690874190564,43.77818510638297,3.556372958892666,-1.0481537188971062,2.8197872340425536,0.41547120903387175,36.60583256244218,5204.148540425531,3.7271353322748557,-1.296902826011373,59.00657526148253,0.35558424656544474,1759.8154993003677,4955.86785106383,3.8781210321144197,-1.3620571497163962,-46.03446808510637,0.036726232890310954,2898.3628948196115
derecha,01,01,038,derecha_p01_s01_r038,2,derecha_p01_s01_r038_w02,derecha/participante_01_sesion_01_rep_038.csv,47,31.25,1.504,1.015859574468085,2.9913543072814495,4.706139856652777,1.0063104470463944,1.0165149322520104,0.0032683990384441653,0.034391489361702124,3.313667308433977,-0.1481167164127215,0.1625531914893617,-1.067542832568493,0.008141165587419057,0.028708510638297872,2.5021966591318727,5.969954510119843,-0.06531914893617019,2.3389532782471205,0.024973265494912123,0.9527595744680852,3.0614554072152185,2.0409351473143325,0.9746808510638297,-0.3038122654559623,0.002816743755781684,186.65088085106382,3.309106058903716,0.5629836340195009,4.56595744680851,0.8037831512496836,169.4073246068455,76.63616808510638,3.644153746532513,-0.23879320586191666,-2.577234042553191,-0.2792070939386084,71.51564218316375,4407.304412765957,3.678401416201381,-1.211611213551983,54.92465550881575,0.34416046271109774,1420.8167741343925,4144.017363829786,3.7379063413530806,-1.0839046233417091,39.15425531914894,-0.08144554387977435,2667.7216901942643
derecha,01,01,039,derecha_p01_s01_r039,0,derecha_p01_s01_r039_w00,derecha/participante_01_sesion_01_rep_039.csv,47,31.25,1.504,1.0447617021276596,3.2855419811649944,1.5732687575556277,1.0202389266677174,1.4616234299224653,0.003958457131727387,0.004108510638297872,3.263791045605153,-0.6830107430924421,0.03638297872340426,-0.6945186933695634,0.0028453283996299726,0.04321914893617021,3.4493207496650546,-0.4863180604482329,0.1006382978723404,0.3914571101360499,0.0338104532839963,0.9974340425531915,3.636738522158113,0.39653850126966317,0.9978723404255317,0.8004247631807493,0.0017214616096207233,88.5301170212766,3.209172739499035,0.1461437907358043,-1.8436170212765957,-0.2399202185162899,86.98187141535614,32.3178085106383,3.353205405240864,1.3253929368852644,1.7008510638297876,0.9617235953658175,30.06458621646622,4426.342029787234,3.1573911814563944,-1.6147067444972907,49.880046427304805,0.18795797036122353,1980.460454679698,4305.494104255319,3.14345454247653,-1.643032511311874,-47.830000000000005,-0.1838279448752314,2061.6501
derecha,01,01,039,derecha_p01_s01_r039,1,derecha_p01_s01_r039_w01,derecha/participante_01_sesion_01_rep_039.csv,47,31.25,1.504,1.0346702127659575,3.444833202825052,1.1080689059524538,1.016425104917927,0.40536965762125265,0.0015839192685067698,0.013714893617021275,3.40015521409931,-1.1838477440134845,0.08170212765957448,-0.5947853738173746,0.007192691951896393,0.03168297872340426,3.206616322770384,2.095280661760593,-0.0797872340425532,1.5821810121545647,0.025867345050878815,0.9892723404255317,3.403111926597557,0.535467174325611,0.9940425531914895,0.334883791070743,0.001176780758556893,93.71092127659573,3.4427084055886716,0.10925079844668018,-2.278936170212766,-0.01966073827578484,90.44166188714154,35.40507872340426,3.469200160861789,0.8528645197702049,2.11,0.6095935368701874,31.6258695652174,4841.806506382978,3.79919537371981,-1.370612594203833,58.33607307715434,0.059477294527083197,1469.9853687616246,4712.690506382978,3.8131320126996737,-1.1919237203456319,-37.883829787234035,0.2392987643679245,3348.756076318223
derecha,01,01,039,derecha_p01_s01_r039,2,derecha_p01_s01_r039_w02,derecha/participante_01_sesion_01_rep_039.csv,47,31.25,1.504,1.0128851063829787,3.379844183410306,0.5875217164483049,1.004487392807123,-1.06834253160766,0.003974753293538636,0.02048297872340426,3.333784671997954,-0.05968603607290479,0.1368085106382979,-0.22878517571359194,0.0018048103607770586,0.028319148936170217,3.5959694378837805,0.0037538516274362443,-0.07276595744680851,0.8617728396611408,0.023524791859389455,0.9640829787234043,3.207700287341506,0.6850361464704164,0.9802127659574467,-1.0178261632532724,0.0033369102682701234,188.6591936170213,3.6476600664555026,-1.3276760746561238,9.341489361702127,-0.004524002241905991,103.60002599444961,62.98047021276596,3.30587554824555,0.5807383410253286,-1.2708510638297874,-0.5575453852113543,62.699438390379285,4303.139706382979,3.5581570661076958,-1.564181170629044,55.5341650163115,-0.08211117754335537,1245.5983141137165,4051.5000425531916,3.5876639160632875,-1.1649319104918796,44.151489361702126,-0.38635195099252384,2147.8448564292325
derecha,01,01,040,derecha_p01_s01_r040,0,derecha_p01_s01_r040_w00,derecha/participante_01_sesion_01_rep_040.csv,47,31.25,1.504,1.049017021276596,3.053915696336046,2.4555246956738053,1.020148927099075,1.3967706034983676,0.008493909289445897,0.00532340425531915,3.291231480508592,-0.45286721635210414,0.005531914893617023,-0.3487484948491109,0.00540786308973173,0.04921914893617023,3.2400611121412366,1.973624197370155,0.12446808510638299,1.4663703818981557,0.0344600370027752,0.9944744680851063,3.5251403839062725,-0.058533846057530425,0.9955319148936168,0.10169744044849853,0.0034643848288621677,70.27455106382979,3.3219144480702436,-0.5603833550455963,-6.083191489361702,-0.5110149738890447,33.99257872340424,75.85990851063829,3.427881469162714,0.09904002739349238,-1.7738297872340423,-0.432631945441564,74.29416327474561,4924.799863829787,3.065020109322436,-1.5411446128073794,56.40978789075853,-0.07198909407461405,1780.6212525135377,4778.665404255318,3.0754504283793094,-1.5551378433523373,-52.23361702127659,0.11627239472913967,2094.8867148936174
derecha,01,01,040,derecha_p01_s01_r040,1,derecha_p01_s01_r040_w01,derecha/participante_01_sesion_01_rep_040.csv,47,31.25,1.504,0.9996808510638298,3.5826114412925105,-0.13735542740079376,0.9984862279604216,-0.2438112966307754,0.0027649319771382084,0.011180851063829789,2.978872893678454,1.5902277954930373,0.08106382978723403,-1.4690663413844651,0.004709713228492137,0.007527659574468085,3.456645044568536,0.3792913624961054,0.008085106382978723,-0.31116263683846707,0.007624514338575392,0.9809723404255317,3.5278147885673956,0.040907172927645785,0.9891489361702127,-0.25868319463937084,0.002612303422756708,60.26523404255321,3.6503344711166252,0.11665276048949202,-4.144255319148936,-0.40396612707233853,44.02712932469935,76.98659999999998,3.5855391188269072,-0.19597535725771742,-1.4051063829787236,-0.6764318048022014,76.64297770582795,4088.0449255319154,3.2320088631940167,-1.343176234804224,50.06349189433415,0.38489310315984626,1616.0763071578072,3950.7930914893614,3.329820897685159,-1.4671642980828294,-40.535106382978725,-0.22487172017041918,2357.8655950971324
derecha,01,01,040,derecha_p01_s01_r040,2,derecha_p01_s01_r040_w02,derecha/participante_01_sesion_01_rep_040.csv,47,31.25,1.504,1.0244936170212766,3.5438762247836397,0.45549124697554255,1.0114010320290052,0.12286970274934404,0.001595516593503357,0.017102127659574466,3.550800223917523,0.14732556761107363,0.12680851063829787,0.1873424994740865,0.0010439407955596671,0.009165957446808513,3.7218449051368365,-0.44329650029403656,0.014042553191489362,-0.3449795462318748,0.009163737280296024,0.9982255319148937,3.3144992236958437,0.4035636223222663,0.9982978723404252,-0.13713157045739932,0.0016622571692876977,137.80477234042553,3.081425747882872,2.7512320345332633,5.223191489361702,1.0777399684092495,112.92571785383905,89.98455957446808,3.4961831413754227,-0.19958711494249615,5.432978723404257,-0.38934174950488215,61.78180832562443,2356.0687553191487,3.2626149279990937,-1.0443465405094583,38.63755535613409,0.5393753208893407,881.9734642777973,2128.279423404255,3.366614973187536,-0.6934330208727992,28.223191489361707,0.07673363363650713,1360.6815569842736
izquierda,01,01,001,izquierda_p01_s01_r001,0,izquierda_p01_s01_r001_w00,izquierda/participante_01_sesion_01_rep_001.csv,47,31.25,1.504,1.1097680851063827,3.5864294162730013,-0.9651602086092592,1.0499904274909928,0.11831750347780585,0.007446626137657964,0.02878297872340425,3.1162195126536423,-1.836903502100097,0.0748936170212766,0.09253998873558264,0.023677705827937098,0.11801276595744678,3.210865917243145,-0.7652476078822121,0.13021276595744682,-0.33985222672064624,0.10325430157261797,0.9629723404255319,3.256434203414981,3.1689587133483474,0.9793617021276596,-1.3929451638020478,0.003906105457909344,216.49952340425537,3.0846462476458965,2.2023715970487903,-1.496170212765958,-0.8967835652405362,218.91884588344124,277.62206382978724,3.1848641636465245,1.6947431295944604,-0.2753191489361704,-0.3590029196696796,283.57987761332106,8239.421619148936,3.039261239767955,-0.5597326536567993,64.34331681692234,0.7398789818299302,4188.475704497098,7745.3000319148905,3.329728744650221,-0.46302660049335387,34.88489361702128,0.40995539099385714,6670.264755966696
izquierda,01,01,001,izquierda_p01_s01_r001,1,izquierda_p01_s01_r001_w01,izquierda/participante_01_sesion_01_rep_001.csv,47,31.25,1.504,1.0755276595744683,3.6094148516231286,-0.9797490352169982,1.03292285038357,0.17816122471076787,0.008784958745817879,0.03210425531914894,3.3659075444304416,-1.7164232124375618,0.08106382978723405,0.18039047451401416,0.026087974098057357,0.10827659574468083,3.6540928403488704,-1.526881888473712,0.14297872340425533,-0.022809114998135028,0.08974310823311749,0.9351468085106381,3.398374619207122,-0.5446659424028466,0.9653191489361703,-0.06678490284784577,0.003377613320999076,138.5627340425532,3.6768262263897435,-0.10672396888953894,1.2980851063829786,-0.050870196306229055,139.8533114708603,284.6652510638298,3.3923992997035595,-0.5113564174127325,5.7936170212765985,0.36230808307870244,256.55793228492143,7715.599793617021,3.522183671408025,-1.3177039898103333,74.41350076468305,-0.14896107657538038,2225.583538812874,7292.371808510639,3.472032386855264,-0.7489158155527438,-16.43446808510638,0.625861381201078,7174.938329602217
izquierda,01,01,001,izquierda_p01_s01_r001,2,izquierda_p01_s01_r001_w02,izquierda/participante_01_sesion_01_rep_001.csv,47,31.25,1.504,0.9877170212765958,3.170038450784586,1.2144880858208182,0.9928972862191267,-1.3801168445204797,0.0019126959538823356,0.06334468085106384,2.724103352167026,1.9713978913689365,0.2387234042553191,-1.7773019069924447,0.006493987049028679,0.023008510638297872,3.123143511787526,0.9061679598570893,-0.08255319148936169,0.7284348272774411,0.016545513413506015,0.9013638297872342,3.171478355655422,1.5559196345176982,0.9487234042553189,-1.2198767898341558,0.0013157261794634594,50.70782127659573,3.2785293413190146,1.9660490362429401,1.3697872340425532,1.3574317387922938,49.893058649398704,166.1038446808511,2.7320349881663653,1.1722536252171682,4.827446808510638,1.5859238427136195,145.9039411655874,3695.926365957448,2.2034957019504584,-1.2431333648387741,40.404316827768355,0.7928168954698175,2108.2744508482992,3479.114699999999,2.651640726193653,-1.3096074865452292,-36.7427659574468,-0.738193806697581,2175.368281313598
izquierda,01,01,002,izquierda_p01_s01_r002,0,izquierda_p01_s01_r002_w00,izquierda/participante_01_sesion_01_rep_002.csv,47,31.25,1.504,1.0791808510638297,3.6519096609282635,-0.7628619943675017,1.036144479448008,0.4395193824196555,0.005706892007447623,0.014044680851063831,3.6241834058648594,-1.4643903462819259,0.08659574468085107,0.13183471601643867,0.0066881591119333965,0.08622340425531916,3.3666508189802125,-0.5706997956661679,0.08914893617021277,-0.16063945566430976,0.07997752081406106,0.9789127659574467,3.4793188248611626,-0.1541930435909804,0.9882978723404254,-0.16080571237211036,0.0022274745605920456,170.85834893617022,3.256434203414981,1.0682693098939327,-1.2255319148936168,-0.2722251420022432,173.0380817761332,66.32774042553191,3.495142308710164,0.3618409246273435,-1.2446808510638292,0.6352462649943702,66.18673848288623,4016.0207148936165,3.6185522887054886,-1.597625998078873,51.968106988870815,-0.1403018327001395,1343.9308441670437,3778.8346255319157,3.4115083778889703,-1.0215358755807848,34.71829787234043,-0.3351757897734267,2629.4195144310825
izquierda,01,01,002,izquierda_p01_s01_r002,1,izquierda_p01_s01_r002_w01,izquierda/participante_01_sesion_01_rep_002.csv,47,31.25,1.504,1.0500297872340427,3.7001523517612225,-0.6241229254171712,1.0216316852781557,0.5805927861646403,0.006435410497361235,0.010817021276595744,3.7301504269573296,-1.0692956799687103,0.07361702127659576,0.37277859770138133,0.005514893617021277,0.08786382978723405,3.6763350011492277,-1.092600345852532,0.09574468085106383,-0.10685605436595288,0.08040758556891768,0.9513489361702128,3.665505609886776,-0.4905486868393103,0.9740425531914892,0.30381125749131765,0.0026463459759481973,217.4421382978723,3.3510222258202575,0.24289770723264503,1.2831914893617022,-0.2560160584300354,220.48676567992598,107.27572127659577,3.8256871289929273,-0.7561797045964913,2.4210638297872342,0.3052135880313243,103.61882710453285,5175.888563829788,3.6441537465325125,-0.9904962486603632,63.649667795223166,-0.6470739582611664,1149.0563610698568,4851.17070425532,3.5599376609998834,-1.2827638303908344,-13.840638297872339,0.4063507172660162,4760.903249583718
izquierda,01,01,002,izquierda_p01_s01_r002,2,izquierda_p01_s01_r002_w02,izquierda/participante_01_sesion_01_rep_002.csv,47,31.25,1.504,1.002931914893617,3.254741025670871,1.2840663048049503,1.0007996166177195,-0.81465443743694,0.001360999712125782,0.026263829787234048,3.3388661817325813,0.549297710955869,0.15404255319148938,-1.2550049885917718,0.0025898242368177613,0.029927659574468076,3.085785295895261,1.359835872852928,-0.09021276595744683,0.16608665746574022,0.022262997224791855,0.946740425531915,3.2843074813747086,0.4596475882074742,0.9723404255319149,-0.7036732170242912,0.0013226641998149858,85.01574893617021,3.1614471088041265,1.1587285065350654,3.031063829787234,1.3742170010826225,77.47684449583717,66.01777021276594,3.383203480436972,0.7567422424566894,3.415744680851063,1.0194484841062,55.531990194264566,2791.352746808511,2.395845602295331,-1.4851910978312397,35.09381207981333,0.6245638510451441,1593.6852983525462,2640.3192276595746,2.3554172080423497,-1.5253461876861023,-31.76404255319149,-0.6001346037740176,1666.8292811285846
izquierda,01,01,003,izquierda_p01_s01_r003,0,izquierda_p01_s01_r003_w00,izquierda/participante_01_sesion_01_rep_003.csv,47,31.25,1.504,1.0982297872340425,3.464400958964286,-0.6718574789432132,1.0441400358644632,0.5265785065440595,0.00817531562463023,0.021521276595744678,2.6871847901598755,-1.6676814193212546,0.0997872340425532,-0.14536153594574158,0.011815171137835336,0.1333872340425532,3.4525891172208025,-1.1217995106242533,0.128936170212766,0.02698828543222514,0.11930101757631824,0.9433212765957447,3.37874496856082,0.009870262510333294,0.9700000000000001,-0.632176322176067,0.0024739130434782612,259.4441872340425,3.328311376170935,0.9554629845264193,-2.9063829787234043,-0.9182526719917153,256.45358445883437,108.55417234042552,3.3614525448771304,0.6263197274965573,-0.12361702127659613,-0.5875093374836841,110.89843228492137,5965.822276595744,3.440583608352292,-1.3497198197463403,57.1241321744058,0.40276363256490716,2761.409186871473,5597.823917021276,3.127393106260286,-0.9238710845468892,30.248297872340416,0.19328413886807566,4784.6657926919515
izquierda,01,01,003,izquierda_p01_s01_r003,1,izquierda_p01_s01_r003_w01,izquierda/participante_01_sesion_01_rep_003.csv,47,31.25,1.504,1.0718106382978725,3.539077022886136,-0.5308745515379956,1.030830913374437,0.47740550408364923,0.00939822864100732,0.017127659574468084,3.667971097144507,-1.31621165438047,0.0851063829787234,0.1084279917375857,0.010099444958371877,0.12998297872340422,3.7483366604099544,-1.42489575474065,0.1527659574468085,0.06236163324871344,0.10896392229417204,0.9246999999999999,3.679841321072218,-0.3510313986874052,0.9602127659574465,-0.347921564807804,0.0027499537465309897,319.80986808510636,3.5507418417332963,0.22454800523146545,-0.2740425531914895,-0.7449662693229873,326.6855246068455,120.01355319148938,3.6143026942327285,0.4033698429189343,0.4063829787234041,-0.36960437465517665,122.45380619796485,7948.831129787236,3.697477947100099,-1.4168555211127465,75.02635052084408,-0.11148675023831855,2370.3099846435143,7509.0077085106395,3.609906076863645,-0.8425808323209267,-14.326170212765959,0.5406946502778227,7462.5461328399615
izquierda,01,01,003,izquierda_p01_s01_r003,2,izquierda_p01_s01_r003_w02,izquierda/participante_01_sesion_01_rep_003.csv,47,31.25,1.504,0.9935127659574465,2.800505141119678,2.2840843289349237,0.9959287983782484,-1.6003618003372286,0.0016742161382680538,0.04454468085106384,3.117200739570655,1.3124143860291966,0.20382978723404255,-1.4248673483802965,0.00306327474560592,0.02459361702127659,2.8499719429117896,1.1715589697742317,-0.09000000000000001,0.3756264771245135,0.016852173913043476,0.9243744680851063,3.032006939443854,2.109017576778829,0.960851063829787,-1.652906653337171,0.001164477335800185,84.17017021276595,3.205176417899547,1.1356977902216485,2.697872340425531,1.4637976835863251,78.56321276595743,34.46363404255319,2.9657942186748483,3.5758025147431356,1.9144680851063827,1.2188764598564865,31.46797742830712,3388.2245744680863,2.089256929888205,-0.6249376064652004,34.802329850740776,1.095790238044859,2224.348985589808,3269.5907702127643,2.389308937411503,-0.6874546053896244,-30.451489361702123,-1.0610402731001973,2393.2170781683626
izquierda,01,01,004,izquierda_p01_s01_r004,0,izquierda_p01_s01_r004_w00,izquierda/participante_01_sesion_01_rep_004.csv,47,31.25,1.504,1.0448148936170214,3.364467639559605,0.4304701393331052,1.0184729454161208,0.3260213526384605,0.007691399878355232,0.020778723404255316,3.2399736949931586,0.12367356206573055,0.11361702127659574,-1.1197264999065377,0.008040980573543017,0.03592978723404256,3.230492055566606,1.3537317121296661,-0.05042553191489362,0.15283794127761555,0.03411285846438483,0.9881063829787234,3.3471717035530744,0.1372861590050114,0.9902127659574468,0.18494995589219618,0.007749953746530989,158.99070851063829,3.0561649800771993,1.303103591678223,3.1763829787234035,-0.40580934040594235,152.13828445883445,256.2843,3.260683797887742,0.8775593569260529,-5.8861702127659585,-1.1642737270826842,226.45550240518043,4068.5771255319146,2.786227812118463,-0.8550517378171612,46.55838755852683,0.6039743638579098,1942.2174489924055,3653.3021170212764,2.997550352371594,-0.9649515339154751,42.07851063829788,0.5333571630878271,1923.629343385754
izquierda,01,01,004,izquierda_p01_s01_r004,1,izquierda_p01_s01_r004_w01,izquierda/participante_01_sesion_01_rep_004.csv,47,31.25,1.504,1.0565765957446807,3.7530774801232307,-0.7989582024482984,1.0222903820227156,0.4065791926276684,0.011748948189585858,0.008759574468085108,3.5803992269080522,-0.28684339059879926,0.06191489361702127,-0.5517580529203461,0.005033209990749307,0.05080851063829788,3.7887650546629357,-0.9105922991978779,-0.03617021276595745,0.21592076226687498,0.05057631822386679,0.9970085106382978,3.636738522158113,-1.0077123294050272,0.9927659574468083,0.3525330370447026,0.011672617946345979,195.79833404255322,3.5655687781592533,0.052864718068126315,1.1095744680851063,-0.2685269055503922,198.79689981498612,440.2548574468085,3.7739381182369782,-0.32720632495227564,2.014255319148936,-0.6260480612948736,445.6801901942645,7996.054831914892,3.7015338744478323,-0.8327966956389132,83.02365198451973,-0.08911602997323544,1127.109087482772,7360.00164042553,3.4804623951805302,-1.5426849737032857,-1.5959574468085123,-0.03768334181911097,7517.399224606847
izquierda,01,01,004,izquierda_p01_s01_r004,2,izquierda_p01_s01_r004_w02,izquierda/participante_01_sesion_01_rep_004.csv,47,31.25,1.504,1.0457808510638296,2.9960335447441833,2.224352086870171,1.0199831116674576,1.4563267643565205,0.005533026954760609,0.022046808510638304,3.5915109260076283,-1.1763196766517474,0.1314893617021277,-0.5018366533233259,0.00486077705827937,0.04775319148936172,3.227476960884131,1.3852740346862271,-0.11361702127659574,1.2715274321539196,0.03560185013876041,0.9759808510638297,3.047174565891163,1.4334074286745002,0.9853191489361701,1.4031486751902082,0.0052384828862164666,82.73242978723403,3.308868106536474,1.1073001247979768,-3.3744680851063835,-0.417673632273784,72.8963817761332,197.8260553191489,3.535230012941794,-0.07477011644252896,8.645106382978723,0.8706947541608042,125.7640211840888,4157.569219148936,3.3554772253735683,-1.144968839136089,46.22398786338747,0.6936961122534602,2064.8450383098725,3877.010734042553,3.37662017132444,-1.1975388231651112,-41.15978723404256,-0.6521218096692208,2230.3366195189637
izquierda,01,01,005,izquierda_p01_s01_r005,0,izquierda_p01_s01_r005_w00,izquierda/participante_01_sesion_01_rep_005.csv,47,31.25,1.504,1.0526638297872342,3.5537569364157697,-0.21359713432688343,1.0219461180436873,0.8450008706446104,0.008470178159251879,0.011236170212765958,3.7357815441167004,-1.0330981813833182,0.07808510638297873,0.27993911342648053,0.005250601295097132,0.12939148936170214,3.7965209690586867,-1.1898904959905507,0.19659574468085111,-0.1056923159488288,0.09271424606845517,0.9120361702127661,3.1630222986157643,0.8789885376278268,0.9538297872340425,-0.6987968276882156,0.002293709528214617,349.5668340425531,3.524250086460178,-0.40990532401799396,-5.355744680851064,-0.15006025369391046,327.8585467160037,60.3608,3.5941853306687515,-0.5297373736255766,4.149787234042553,0.5418187293476308,44.07789343200741,8759.871625531914,3.665904682092354,-0.9662929742787001,84.16981127305901,-0.6770994895614129,1711.7343761327952,8349.943991489361,3.5804866440561303,-1.3922984979248014,16.32978723404255,-0.3404158312007688,8259.005562997223
izquierda,01,01,005,izquierda_p01_s01_r005,1,izquierda_p01_s01_r005_w01,izquierda/participante_01_sesion_01_rep_005.csv,47,31.25,1.504,1.0728085106382976,3.4975050583137866,0.007436219678269129,1.0323310014745102,0.8805276319840654,0.007255588251039999,0.029972340425531915,3.3168619732994666,-1.4464613129172852,0.14063829787234045,-0.4898068016928599,0.010414801110083258,0.12134680851063825,3.5486170444969156,-1.4314432178446843,0.10872340425531918,0.467611311382384,0.11190703052728955,0.9214893617021276,3.652799958374357,-0.10166894535026616,0.9591489361702126,-0.13144314022843515,0.0015557816836262713,192.95467659574473,3.336741384496201,1.174584992505764,6.425531914893618,-0.689905896107328,154.96432960222018,56.347574468085114,3.520000491987418,-0.23214856972508535,2.4642553191489363,0.6821230131617514,51.36795541165588,5495.890536170214,3.5620624582362637,-1.4234964568434323,60.73579522189442,0.02664896597093035,1846.3374913459352,5246.588285106383,3.6129211715461187,-0.5100239523183556,-43.191914893617025,0.42248719125660195,3454.547789731729
izquierda,01,01,005,izquierda_p01_s01_r005,2,izquierda_p01_s01_r005_w02,izquierda/participante_01_sesion_01_rep_005.csv,47,31.25,1.504,1.0008404255319148,2.712442045642707,6.666570546415418,1.0000969457535327,-2.1465759031418417,0.0006605795095518667,0.05779787234042555,2.8276339209656167,-0.15713304300112707,0.23936170212765953,-0.7690774959673334,0.0005148011100832564,0.023357446808510637,3.157391181456394,0.03567798826494206,-0.13617021276595745,-0.49537358878959814,0.004919796484736355,0.9196851063829787,2.8969321406013697,3.820481193386735,0.9587234042553192,-1.6217776237022727,0.000546160962072155,76.37792978723404,3.3275455652296135,0.6196653393898242,2.175531914893617,1.3029335400909179,73.20249047178538,9.258344680851062,3.2408639924392535,2.302635433894788,0.10765957446808515,-1.2398285578304993,9.44777049028677,1606.582661702128,2.1155178652762956,0.13739916102250582,23.96009807857772,1.350155555653766,1054.9419348489566,1520.9463872340423,2.431312521476122,-0.015191018275906298,-19.543829787234042,-1.2853021468709225,1163.7456502312673
izquierda,01,01,006,izquierda_p01_s01_r006,0,izquierda_p01_s01_r006_w00,izquierda/participante_01_sesion_01_rep_006.csv,47,31.25,1.504,1.0367595744680853,2.995084865113862,3.6195509599528854,1.0159111368502283,1.1979406759085314,0.0047859655459309616,0.054012765957446814,3.116157281889988,-1.3688964447767038,0.20553191489361705,-0.6189245700110353,0.012025254394079558,0.07052765957446809,3.2328991606401103,0.4886922786163752,-0.03446808510638296,-0.1819815012000923,0.07084699352451435,0.9122191489361702,3.289479920580255,0.9696500924422979,0.9538297872340425,0.36392037645527253,0.002480666049953747,200.07045744680846,2.706660393264172,2.2483688662522265,-0.3134042553191492,0.4182424590867252,204.31945772432928,168.07593404255323,3.681966118308598,-0.7224488928623161,-5.824893617021276,-0.44254695150808726,137.06277770582793,5973.922140425532,3.169946297749648,-0.563921996754094,54.21082107323378,0.8239955248978652,3101.089649839002,5605.775748936169,3.3101251427183107,-0.8190991607528577,42.479574468085104,0.7093847558689632,3883.897621554116
izquierda,01,01,006,izquierda_p01_s01_r006,1,izquierda_p01_s01_r006_w01,izquierda/participante_01_sesion_01_rep_006.csv,47,31.25,1.504,1.0700127659574468,3.646278543768893,-0.16098643918489586,1.028689622618679,0.8432517814510064,0.012067174671349466,0.02192553191489362,3.5269244911213016,-0.41339741369413296,0.10957446808510639,0.7550759227183346,0.01013459759481961,0.11338297872340423,3.7271353322748553,-0.6097901850069678,0.07914893617021276,-0.37572837437790535,0.10944708603145234,0.9347042553191489,3.5694776826106627,-0.2897299432109519,0.9636170212765958,0.7308711358755251,0.006280111008325626,250.13616170212768,3.333041397448183,0.4436296279714238,1.5685106382978717,0.06839427863729987,253.060195559667,355.65968723404256,3.8459981596819315,-1.1863121059925703,0.4980851063829788,0.19489198968938462,363.1379375578169,10409.472219148936,3.7036586716842126,-0.38995007119341585,93.2743853638564,-0.12490652809542524,1746.5212814077404,9803.676370212768,3.701965493940102,-1.4697999848951866,5.13617021276596,0.12533366759731798,9989.846041535615
izquierda,01,01,006,izquierda_p01_s01_r006,2,izquierda_p01_s01_r006_w02,izquierda/participante_01_sesion_01_rep_006.csv,47,31.25,1.504,1.0802723404255319,3.111295824251366,1.367972015203443,1.035170987949738,1.2587982983640467,0.008882352352971745,0.05325957446808509,3.2095691866892047,-1.4046075981921982,0.19404255319148941,-0.5392634455658943,0.01594634597594819,0.08350851063829787,3.4462147255116617,-0.48445017384410693,-0.00829787234042554,0.9015718656813877,0.08525356151711377,0.9435042553191488,3.444833202825052,0.46738725295217076,0.9687234042553193,0.8757855849881766,0.005189639222941722,71.68407021276595,3.6923380551812444,-0.6044316623302226,2.441489361702128,0.190418414461751,67.15196512488436,219.05798297872343,3.0943440905890274,-0.07738241987351469,7.550212765957447,0.4004510281881955,165.57514560592045,4791.015814893616,3.2863700478474347,-1.4705460109913762,51.326579967797265,0.43106740758741086,2203.4805690008184,4500.273761702128,3.2352328752798822,-1.3723817118728232,-44.72978723404257,-0.29315603631426906,2553.857284736355
izquierda,01,01,007,izquierda_p01_s01_r007,0,izquierda_p01_s01_r007_w00,izquierda/participante_01_sesion_01_rep_007.csv,47,31.25,1.504,1.0029808510638298,3.1510167897472527,1.0666963125547237,1.001247906987784,-0.03662906101942108,0.0004939902472035327,0.050189361702127656,2.5288136884506502,-0.9841716733902759,0.18659574468085116,-0.8666833594957215,0.015705550416281223,0.020948936170212765,3.3614525448771304,-0.4446929611993715,-0.001702127659574473,0.009727123408290362,0.02140138760407031,0.9318425531914895,2.8225967667008707,1.4057889091895657,0.9651063829787234,0.6696691451129185,0.00042118408880666066,72.88650638297872,3.02551455980224,1.8316055006642156,1.1944680851063825,0.5659527067095121,73.01322525439407,100.64750425531918,3.298097097458249,-1.0635444279786364,-6.556808510638297,-0.5965553984441025,58.90915263644772,4577.269114893617,2.8142311390930677,-1.3579801491925882,47.03941052048398,0.5519164435207267,2415.9665156654983,4403.735104255319,2.7799834694241996,-1.4106644039870013,42.22446808510638,0.5159158704271781,2677.8039513413505
izquierda,01,01,007,izquierda_p01_s01_r007,1,izquierda_p01_s01_r007_w01,izquierda/participante_01_sesion_01_rep_007.csv,47,31.25,1.504,1.0612553191489362,3.473050683128972,0.29569941216338114,1.0270537814781355,1.1297520831440895,0.006555324080841911,0.012140425531914894,3.453138724645545,0.17020469549829897,0.046808510638297864,0.9807745805608137,0.010165679925994448,0.07460212765957448,3.6836918433394,-1.1024468298440793,0.12234042553191489,-0.0714487733180261,0.0609313598519889,0.9745127659574468,3.525689991331015,-0.26196815966745346,0.9857446808510638,0.8052574736170022,0.0028814986123959327,154.01049574468087,3.782584330078823,-0.8614170946271149,4.188297872340426,0.19042207971477987,139.43536660499538,241.79078085106383,3.641226068998116,-0.8851210041891502,-0.7002127659574471,0.5514748475995616,246.5461456059204,8850.761738297873,3.7384559487778235,-0.6485020195091487,87.23484121549669,-0.6130840840861169,1267.8190906746254,8454.960461702129,3.6211683111823856,-1.5129431260579498,11.743617021276597,-0.3029600404501535,8497.853310545792
izquierda,01,01,007,izquierda_p01_s01_r007,2,izquierda_p01_s01_r007_w02,izquierda/participante_01_sesion_01_rep_007.csv,47,31.25,1.504,1.0709851063829787,3.170928748230679,0.5879844788909101,1.0320659755393722,1.188810242428001,0.005951557397745631,0.02150212765957447,3.4518493549938736,-1.4980399331104868,0.0953191489361702,-0.055779771870771155,0.012686308973172989,0.07390000000000001,3.7287689042707206,-1.0887616061075305,0.05085106382978725,0.4071201357261245,0.07286447733580018,0.9755829787234043,3.553416246394419,0.062329602692103414,0.9863829787234042,0.8903569598832888,0.0026888066604995407,122.35029148936171,3.2763461618984073,0.12235253401789192,1.4159574468085105,0.32164679900806875,122.96155938945418,160.03353191489364,3.546492247260535,0.2531264967608169,6.998723404255319,0.4858341127360302,113.46556355226645,5098.783863829787,3.5746175745295172,-1.5569126987832533,55.62256329064648,0.2343944373382865,2048.499410651463,4816.400040425531,3.547932152131372,-1.062460616418051,-39.18148936170213,0.018574011550057334,3352.5416042553184
izquierda,01,01,008,izquierda_p01_s01_r008,0,izquierda_p01_s01_r008_w00,izquierda/participante_01_sesion_01_rep_008.csv,47,31.25,1.504,1.0145829787234044,3.4322780865317983,1.118789389755129,1.0071154578872932,0.9475763556771779,0.00030798610369538393,0.007817021276595747,3.3745863035589787,-0.16953871347581417,0.07787234042553191,-1.009995900216528,0.0017910268270120257,0.01691276595744681,2.9377047371985427,0.9495225426221081,-0.06446808510638298,-0.5578547806722193,0.013033950046253474,0.9898531914893616,3.018008405956922,0.9366293193679684,0.9946808510638298,-0.5966025738235403,0.0004732654949121191,20.345210638297875,3.082656735350317,2.4426164417151703,1.038936170212766,0.1689682485563336,19.684644495837187,39.46345319148936,3.195636396288768,1.6358670884660427,-1.9091489361702132,-1.4464806231064498,36.59726882516188,2203.0833680851065,2.184562812038775,-0.7067443825091173,28.996359281091884,1.0249255702623608,1391.9096147123112,2143.274704255319,2.349341509871168,-0.7664126157516549,25.666170212765962,0.9949674975322484,1516.7946371877892
izquierda,01,01,008,izquierda_p01_s01_r008,1,izquierda_p01_s01_r008_w01,izquierda/participante_01_sesion_01_rep_008.csv,47,31.25,1.504,1.0552297872340426,3.224311330982493,0.6940002595071433,1.0255461687136265,1.0714282959145784,0.0035606005289060536,0.0031999999999999997,3.438458811115911,-0.3669918241391379,0.013191489361702126,0.2569868683628068,0.0030917668825161887,0.04124255319148936,3.823562331756547,-0.7015169933175658,0.031063829787234036,0.09221251818669449,0.04115319148936169,1.0107872340425532,3.3633240692402375,-0.338883430870931,1.004255319148936,0.48283973551922876,0.002307585568917672,52.719665957446786,3.4557547471224415,0.523398782222972,2.097234042553191,0.4903488537467082,49.371737835337655,139.60147872340426,3.6709861918269815,-0.699872386575835,0.16617021276595764,0.41722693729672133,142.60808066604997,4736.655176595744,3.7566421822304474,-1.1410192557405208,60.27889679113768,-0.4706342663120826,1127.0904255921407,4544.334031914894,3.691103555390958,-1.2078011757612837,12.35127659574468,-0.39165063112212245,4487.253476595744
izquierda,01,01,008,izquierda_p01_s01_r008,2,izquierda_p01_s01_r008_w02,izquierda/participante_01_sesion_01_rep_008.csv,47,31.25,1.504,1.0664106382978722,3.2785293413190146,0.5912795111006313,1.03104807427538,0.8647017384563852,0.003423343935922154,0.0051978723404255325,3.6289826077623624,-0.9338170182712702,0.026595744680851064,0.24717922160349545,0.004588159111933395,0.04857446808510639,3.7705788212103117,-0.6798340930552715,-0.006808510638297871,0.17699793018477084,0.04958307123034227,1.0126382978723405,3.5272651811426523,-0.6210651187863157,1.0051063829787232,0.3950657313319146,0.0024516188714153596,50.67674255319149,3.4183414475519345,0.5860091799222227,0.998936170212766,0.6956068261600249,50.75884449583718,122.24918297872341,3.4392020856656815,-0.12499397982969773,4.093617021276596,-0.15274365231325127,107.78477576318224,3502.995693617021,3.505572627767038,-1.5660518739759817,48.64485734739193,-0.01541002894256132,1161.3838417747584,3330.0697680851067,3.512244577591667,-1.1078984956422817,-23.283191489361702,0.17169592269038375,2848.570648288622
izquierda,01,01,009,izquierda_p01_s01_r009,0,izquierda_p01_s01_r009_w00,izquierda/participante_01_sesion_01_rep_009.csv,47,31.25,1.504,1.042204255319149,3.1664041320339815,2.05459899849858,1.0193304340583211,0.9344304773306108,0.0032386285112238717,0.011759574468085109,3.4951423087101645,-1.6765625458612643,0.04531914893617021,-0.17881645756022693,0.009916743755781686,0.03324255319148936,3.0315053253722044,0.832700120022952,0.07276595744680851,0.16983024400663757,0.028555226641998145,0.9972021276595746,3.283633387445193,0.6453787367203381,0.997659574468085,0.051123147212099235,0.0019183163737280311,214.31965106382975,3.088346234693914,2.575321686570695,-2.2178723404255316,-1.0577241323988333,213.9528823311749,75.97970000000002,3.331659874761573,0.8524456500865378,-4.011276595744681,-1.050834840619817,61.19130268270119,3574.1406148936176,3.169946297749648,-1.577284931840509,44.92039159382287,0.27014204746646564,1590.1316216458158,3283.8412638297873,3.1243780115778117,-1.5519034613423057,41.02638297872341,0.2942354136051774,1635.474493154487
izquierda,01,01,009,izquierda_p01_s01_r009,1,izquierda_p01_s01_r009_w01,izquierda/participante_01_sesion_01_rep_009.csv,47,31.25,1.504,1.0456106382978725,3.3512276309008078,0.6525560743573191,1.020687415954043,0.754986066156183,0.0038906162807325726,0.0031361702127659583,3.833443043388678,-0.8097069595336039,-0.03531914893617021,0.30549498047357454,0.001929787234042553,0.04502978723404256,3.81787283241295,-0.7291769841537361,0.11319148936170212,-0.1264619348433238,0.03291785383903793,0.9974446808510639,3.281544436001489,-0.395295190955117,0.9976595744680851,0.222787120496158,0.0021661424606845545,302.17679148936173,3.585879808848258,-0.15628965155483288,5.300851063829786,-0.2440012235884508,280.03598186864014,105.49947021276597,3.593295033222658,0.27119899500491584,1.5078723404255316,-0.7975820280504089,105.4698301572618,5176.968585106382,3.3727731613800986,-0.025377063521818233,68.18837122309168,-0.5229833668341045,538.7779762449246,4769.292323404256,3.3802758029025757,-1.6883306629360393,0.3936170212765954,0.18554301344675908,4872.814288806662
izquierda,01,01,009,izquierda_p01_s01_r009,2,izquierda_p01_s01_r009_w02,izquierda/participante_01_sesion_01_rep_009.csv,47,31.25,1.504,1.0126595744680853,3.373813994045357,2.0906846180898624,1.0057061586396843,1.1204131178916577,0.0012411033975630137,0.0047744680851063825,3.8143665124899595,-1.1152673388545593,0.028936170212765965,-0.2751902867826143,0.004022756706753007,0.021340425531914897,3.453629949886061,0.0329104018544899,0.01148936170212766,0.4409932018447916,0.02166947271045328,0.9865446808510637,3.466185066179315,-0.8772761733135712,0.9927659574468086,0.1133294800018343,0.0009813135985198907,261.8328234042553,3.5108630549050575,-0.1481135525931383,2.599361702127659,0.09211622947010373,260.6212756706753,55.16472765957446,3.7622732993898182,-0.5408937195398558,4.497021276595745,0.3405604581085081,35.701125716928765,2598.706168085106,3.537501833074498,-1.5474482955936482,42.13605450768212,0.316049799334719,841.1560151022859,2281.7086170212765,3.2910486118195923,-1.5904766368909404,-38.47702127659575,-0.35088889658484856,818.645438760407
izquierda,01,01,010,izquierda_p01_s01_r010,0,izquierda_p01_s01_r010_w00,izquierda/participante_01_sesion_01_rep_010.csv,47,31.25,1.504,1.0149851063829787,3.4453244280655677,2.382277209914954,1.0059478209227712,1.138395867743649,0.003120481180308959,0.010336170212765958,3.4428589408078367,0.32375882335241846,0.09191489361702125,-0.5186401561386963,0.0019288621646623499,0.022685106382978725,3.1864989592064075,1.2064799547478433,0.022127659574468085,-0.3567102925583172,0.022677983348751162,0.9819638297872342,3.289106683272211,1.9027715035695616,0.9895744680851063,0.7380833779733585,0.0027650323774283084,213.29515319148936,3.0740979406565505,4.9680178821985805,3.4140425531914897,2.0134207487039615,206.0229333024977,61.76550212765957,3.5433266173588964,0.5074337276963972,-0.41574468085106403,-0.7718638967067133,62.93162932469936,1475.481174468085,2.75865937838741,3.4299853391039363,25.253923644534257,2.037548613188057,855.9318305681214,1200.4205191489361,2.922932670633971,2.368895509073541,7.148936170212766,1.7490836551626545,1174.2983010175763
izquierda,01,01,010,izquierda_p01_s01_r010,1,izquierda_p01_s01_r010_w01,izquierda/participante_01_sesion_01_rep_010.csv,47,31.25,1.504,1.0996553191489362,3.700643577001738,-0.30329345313493894,1.0451693487770992,0.6911527718385826,0.007434533080699052,0.004506382978723405,3.7566421822304474,-0.9777369664695423,0.007659574468085109,-0.11389055244806434,0.004544403330249768,0.06628297872340425,3.7379063413530806,-0.9348753164881178,0.09723404255319147,0.12501993126325978,0.05806392229417205,1.0288659574468084,3.7804595328424426,-0.49005716101890995,1.012127659574468,0.4575525969084973,0.004560592044403333,289.2338787234043,3.33215110000209,1.9424289915805435,5.447446808510639,0.8559001313666527,265.20179333950045,151.92143617021276,3.6228018831782496,-0.3512665003826889,1.8568085106382974,0.3161188183431951,151.70138741905643,4723.898734042554,3.7167050132179824,-1.4566183891496312,57.50018548852589,0.3183496933494996,1448.4453898456618,4282.7434191489365,3.6944628524176255,-0.7949734672609696,14.511702127659571,-0.14797139301963458,4160.67900573543
izquierda,01,01,010,izquierda_p01_s01_r010,2,izquierda_p01_s01_r010_w02,izquierda/participante_01_sesion_01_rep_010.csv,47,31.25,1.504,1.091536170212766,3.2650839275796666,0.4319319614548154,1.0413892990038038,0.6320950085358148,0.0071976393968949445,0.01538297872340426,3.6129211715461182,-1.4880650575292869,0.05148936170212766,0.22463776377348135,0.013008603145235897,0.07953617021276597,3.8355678406250577,-1.181486733252394,0.03574468085106383,0.23091052298327217,0.07995975948196116,0.9966170212765958,3.523015586669892,-0.5144944581640898,0.9957446808510638,0.2886448477617065,0.00522062904717854,176.54465319148937,3.639412926819236,-0.22152250179524735,-3.302765957446809,0.3216072091813162,169.2371813135985,170.38962127659573,3.711073896058612,-0.8883326004211383,5.951489361702128,0.20467742006620623,137.90351295097133,4862.626404255319,3.620677085941869,-1.5464701936219356,58.21479013850042,0.1261960475193286,1505.7008006331882,4515.692129787234,3.6741518217286204,-0.7779799861861365,-11.584042553191487,0.2907839876015448,4476.752133302498
izquierda,01,01,011,izquierda_p01_s01_r011,0,izquierda_p01_s01_r011_w00,izquierda/participante_01_sesion_01_rep_011.csv,47,31.25,1.504,1.062972340425532,3.3833505033332956,0.8742328426504162,1.0291952501655457,1.189624692650379,0.0038105530592164342,0.009485106382978723,3.5230155866698922,-1.607576366546366,0.05617021276595745,-0.1861851676772194,0.006467622571692877,0.08016808510638299,3.366339163922712,-0.6560980787809152,0.12787234042553192,0.22924092374935504,0.0652040703052729,0.9733191489361701,3.636738522158113,-0.28122699595056266,0.9859574468085106,-0.349069817997782,0.001233302497687328,276.79562340425525,3.3402512167420326,0.9744542089575092,-1.0312765957446806,-0.9304868181282913,281.7262679000925,15.608506382978725,3.4022800113356904,0.6759718405679189,0.7051063829787234,-0.15855991319008927,15.439838575393152,3344.3671872340424,3.1578201759332556,-1.5098670460988657,42.736096726140545,0.40220964419802757,1550.99307654035,3051.9630574468083,3.2095691866892047,-1.4599873056394759,34.56744680851064,0.33940237419519076,1897.4254324699357
izquierda,01,01,011,izquierda_p01_s01_r011,1,izquierda_p01_s01_r011_w01,izquierda/participante_01_sesion_01_rep_011.csv,47,31.25,1.504,1.063782978723404,3.650675161137977,-0.29871112232075836,1.0286390999269814,0.33357461639331004,0.005808158668832028,0.0031574468085106377,3.4796304799186633,-1.0065563674534894,0.017446808510638293,0.1863695899303886,0.0029150786308973177,0.10004893617021274,3.8578100014254155,-1.276947418099106,0.1321276595744681,-0.06253115809950109,0.08438667900092509,0.9605765957446807,3.4156670428908114,0.15575454475175876,0.9789361702127656,-0.37347142949350165,0.0023097132284921385,362.5233787234043,3.5023638659595364,0.23109990711127804,2.518723404255319,-0.9004961374863013,363.92244181313595,71.47191702127658,3.7162137879774666,-0.8238236512736226,1.7985106382978722,-0.14839717494165863,69.72069555966696,5592.393521276596,3.6233514906029924,-0.6847647122426626,68.69902584413389,-0.6642666748404936,891.8120947641328,5158.398225531915,3.6429192467422262,-1.5784869084428992,-0.18297872340425497,0.17257142148265692,5270.503108325625
izquierda,01,01,011,izquierda_p01_s01_r011,2,izquierda_p01_s01_r011_w02,izquierda/participante_01_sesion_01_rep_011.csv,47,31.25,1.504,1.0258042553191487,3.333784671997954,0.9344387599874224,1.0113186842583837,-0.08625644975746369,0.003104834497497934,0.011453191489361704,3.635163332346476,-0.6960667768866697,0.08914893617021276,-0.11283184531861844,0.0035818686401480116,0.03591702127659573,3.513566494530031,0.5341916084605107,-0.00617021276595745,0.5576370705790643,0.036658926919518976,0.9784340425531912,3.3674827342420794,0.9585574742901124,0.988085106382979,-0.8717629628722229,0.00216799259944496,136.4637234042553,3.521784599202447,-0.7839576287865091,2.6944680851063834,0.5871050046010097,132.0123382978723,90.82977446808512,3.567693575395634,-0.4504844120489375,3.771063829787233,-0.28156991122775643,78.27426188714153,2615.814355319149,3.377260708220101,-1.2863338744495398,38.536319516970394,0.5767393483670891,1155.3483123921833,2388.520857446809,3.2933562777449725,-1.4121212520356305,-29.386595744680857,-0.5128104506065823,1558.0999098982427
izquierda,01,01,012,izquierda_p01_s01_r012,0,izquierda_p01_s01_r012_w00,izquierda/participante_01_sesion_01_rep_012.csv,47,31.25,1.504,1.1354872340425533,3.529540513598197,-0.4309804435524045,1.060210868634809,0.1392203775760028,0.011688846942289197,0.014812765957446804,3.714088990741086,-0.8458101289169502,-0.1072340425531915,0.22033321921058127,0.003385661424606846,0.08639574468085107,3.4218477674749246,-0.20379487716866684,0.01191489361702127,0.6438767615895635,0.08812886216466234,1.0342787234042554,3.466185066179315,0.3556398754723178,1.0138297872340423,-0.3611420258637338,0.006567622571692879,665.1704765957446,3.0067461716381807,2.7107418026950363,-6.4348936170212765,-0.5242408740791196,637.3226777058279,432.083685106383,3.1210187145511457,3.0979190932152987,-4.07531914893617,-1.696960600243031,424.50753413506004,5137.8462574468085,3.361539962025209,-1.01203347230028,55.77511713995157,0.6153023789775601,2071.047403851306,4040.5920957446815,3.549507341943009,-0.9201502585786754,30.00787234042553,0.6136511777803358,3208.3831649398703
izquierda,01,01,012,izquierda_p01_s01_r012,1,izquierda_p01_s01_r012_w01,izquierda/participante_01_sesion_01_rep_012.csv,47,31.25,1.504,1.1225872340425531,3.692338055181245,-0.021361846462354173,1.0531442675182923,-0.2796959020296892,0.013767307267128277,0.013729787234042553,3.601600555043151,-0.04417246042479128,-0.06872340425531916,0.8655163671690018,0.00920268270120259,0.11927659574468083,3.849504479604922,-1.256643769203639,0.007659574468085105,0.298609462239084,0.1218096207215541,0.9895808510638298,3.3823131829908775,0.14818221400183784,0.9904255319148939,-0.7214534983774922,0.008825901942645702,770.4710319148938,3.3024937148273326,1.5172081813485718,-0.9551063829787234,-0.6437888531389931,786.2883429232195,202.89143829787236,3.4739409805750654,0.05205513253656546,5.326382978723407,0.16761975351039152,178.31501924144314,8118.444893617022,3.8495044796049216,-1.0262115194834738,82.14408208776294,-0.10096506578414029,1400.594555740577,7145.082423404256,3.787874757216842,-1.3505538740324596,-3.152553191489361,0.29174005055453617,7290.255654209067
izquierda,01,01,012,izquierda_p01_s01_r012,2,izquierda_p01_s01_r012_w02,izquierda/participante_01_sesion_01_rep_012.csv,47,31.25,1.504,1.0610212765957447,3.7831339375035657,-0.6169027108765084,1.022111951119721,-0.3155961922360744,0.0166629671908073,0.010423404255319152,3.5641872554726435,-1.280434413490649,-0.001489361702127663,-0.141276178213759,0.010647733580018503,0.07960425531914891,3.3132682362283985,0.24595691700690336,-0.11106382978723406,1.0343090357838998,0.06873145235892691,0.9709936170212764,3.7831339375035653,-0.756416546676641,0.9785106382978722,-0.3229039465474105,0.013804255319148934,703.8444425531914,3.567352885374283,0.28814301221886796,9.752340425531916,0.37511068828209737,621.9696965772431,337.9353808510638,3.4162166503155538,0.1103025345897799,2.8878723404255324,0.06012314247455287,336.7606953746531,4449.029689361702,3.67277029904201,-0.6552022933436703,57.55332301395618,0.5368711109593562,1161.354366791467,3407.2498659574467,3.7423064710450062,-1.0829245985907958,-37.82106382978723,-0.5009660662761867,2019.7912792784457
izquierda,01,01,013,izquierda_p01_s01_r013,0,izquierda_p01_s01_r013_w00,izquierda/participante_01_sesion_01_rep_013.csv,47,31.25,1.504,1.1707234042553192,3.665355074667611,0.003236293433821924,1.0769741025963373,0.8634005511759013,0.011086060213701262,0.020551063829787233,3.6081219696486153,-1.386635180765347,0.006170212765957452,-0.2316902614190892,0.020958926919518964,0.1464063829787234,3.627601085075753,-0.659329910516607,0.04446808510638298,-0.2575667594674108,0.1475687326549491,1.0037659574468085,3.5013230332942773,0.5642997944226424,0.9978723404255321,-0.6648294373404494,0.008191026827012027,299.08826382978725,3.4518493549938736,0.393447202138816,2.8944680851063826,-0.4651481054919192,297.0301078630897,493.61071702127657,3.648209673880246,-0.6391159527593127,-3.3997872340425523,0.0007797746181294232,492.5315586493988,10689.05249148936,3.52098171890443,-1.2721725360818397,80.17203761125334,0.4877828205980162,4354.138113200206,9896.353510638297,3.5195092667469017,-0.4559630772458241,30.789361702127657,-0.004120512412641661,9142.898471322851
izquierda,01,01,013,izquierda_p01_s01_r013,1,izquierda_p01_s01_r013_w01,izquierda/participante_01_sesion_01_rep_013.csv,47,31.25,1.504,1.1164382978723404,3.6944628524176246,-0.3254740758859054,1.0494603436366008,0.6777819195329468,0.015398921637064104,0.02111702127659575,3.5590473635537894,-1.189422414369367,-0.010000000000000004,0.2183237316490839,0.02147391304347826,0.12951063829787235,3.8164913097263393,-1.282928711178898,0.029787234042553186,0.30960568282724477,0.1314195189639223,0.9658106382978722,3.7878747572168416,-0.8750481730669706,0.9785106382978722,0.13579321978665776,0.008508603145235894,220.4761170212766,3.6580903855123763,-0.1668602038007463,-3.961489361702128,-0.4876675483679915,209.23451729879747,558.1476404255319,3.7613830019437247,-0.9824343557282553,-0.4329787234042547,-0.1570196897885244,570.0897387604069,14204.296040425535,3.6158778840443655,-1.505728045638373,100.25016060305786,-0.0331930219201025,4244.510064258081,13425.672282978723,3.80132017095619,-0.9929859528329903,-11.45,0.3285905898900391,13583.582169565212
izquierda,01,01,013,izquierda_p01_s01_r013,2,izquierda_p01_s01_r013_w02,izquierda/participante_01_sesion_01_rep_013.csv,47,31.25,1.504,1.001795744680851,3.7162137879774666,-0.5710244567272258,0.9991423078994552,-0.5343832022669273,0.0035867061428577944,0.02589148936170213,3.051662112731166,0.7506844575991605,0.13340425531914896,-1.3729103145375667,0.00827076780758557,0.04380638297872341,3.3817861119576857,0.3772918721563916,-0.15382978723404256,-0.5429771767628053,0.020580666049953743,0.9320978723404252,3.489749143918037,-0.5786691374916786,0.963404255319149,-0.5932968470770198,0.004035985198889918,84.44161914893617,3.5676935753956336,0.037981482276812084,-2.5593617021276596,0.25848851706709813,79.5845756706753,157.84432978723405,3.5099727574589634,0.6292241311375317,4.169148936170213,1.0421722297907905,143.51606012950973,5592.847895744681,2.604869263954204,0.21358310037670103,47.718414654079695,1.3497674546017189,3387.8834247035147,5350.56194680851,2.924251962556927,-0.07758071712164627,-35.57212765957446,-1.232658688077705,4173.99406493987
izquierda,01,01,014,izquierda_p01_s01_r014,0,izquierda_p01_s01_r014_w00,izquierda/participante_01_sesion_01_rep_014.csv,47,31.25,1.504,1.1147936170212767,3.0639792766571774,2.4831837886403365,1.0518104811023599,1.5857782495060913,0.00867285775285742,0.01790212765957447,2.875239587225755,-1.8822513716929958,0.0148936170212766,-0.04653247552491178,0.01806466234967623,0.09545744680851065,3.5917198434110205,-0.6377675223645323,0.0925531914893617,0.06102387969123806,0.08878029602220168,1.0014340425531916,3.22163692632137,2.69303577554121,0.9991489361702128,1.136017624301033,0.0032036077705827936,162.6824,3.4271965767971704,-0.33868374728242223,0.7842553191489363,-0.2075024259057771,165.59054671600367,204.07657021276594,3.0147110034373235,1.456780715479101,-1.7480851063829788,0.9876615614260792,205.3907853839038,8597.939576595745,3.102675069371064,-1.5307467697214485,66.55289714730415,0.3965451148856859,4259.274315676449,8231.180606382979,3.134797941803552,-0.6095634209311394,35.40234042553191,0.059943128282633804,7129.547396577244
izquierda,01,01,014,izquierda_p01_s01_r014,1,izquierda_p01_s01_r014_w01,izquierda/participante_01_sesion_01_rep_014.csv,47,31.25,1.504,1.0763744680851064,3.265083927579667,1.553465565521635,1.0321722775149225,1.2486855099932908,0.011233876258563744,0.01748936170212766,3.3165212832781155,-1.663821587299727,-0.0004255319148936186,0.3180963661066977,0.01786938020351526,0.0923744680851064,3.770029213785569,-1.178505572747234,0.0748936170212766,0.43666082997186,0.08865161887141534,0.9665106382978724,3.3220649832894082,1.4484780367090275,0.9808510638297872,0.9436612287987768,0.004538390379278446,188.19390425531918,3.6997532795556447,-0.7930927303644064,-0.10531914893616998,-0.06199974831214298,192.27374283071228,352.29026382978725,3.4683098634156955,-1.1146486577833985,2.3344680851063826,0.4648648343340076,354.38053395004624,11902.204687234047,3.747446362963861,-1.216227252707613,94.71403871078671,-0.33119188878971567,2995.1828530718512,11361.720519148936,3.6594123024507406,-1.1620028520174905,-9.870212765957447,0.48981951963509485,11509.175493432009
izquierda,01,01,014,izquierda_p01_s01_r014,2,izquierda_p01_s01_r014_w02,izquierda/participante_01_sesion_01_rep_014.csv,47,31.25,1.504,0.9810659574468087,3.264556856546475,0.6873587251872562,0.9896678270997175,-0.8049943395559089,0.0016588440038037432,0.02675744680851064,2.1448564629113362,2.91400806631502,0.14042553191489365,-1.9907321193189975,0.007191119333950047,0.021999999999999995,3.113420621487746,1.2579054910428393,-0.11361702127659576,0.10215205774586672,0.009288806660499539,0.9323085106382979,3.1405864706903794,0.974454763412262,0.9648936170212766,-1.212481807893855,0.0013168362627197032,63.94256595744681,2.967211587154135,1.906896272012097,1.085957446808511,0.3440486161463191,64.12768112858464,183.11423829787236,2.493642386508109,0.5036501485728784,5.135744680851063,1.2128997139036535,160.14572062904713,4725.034329787234,2.549996932036534,-1.0542411093472284,43.482561018280066,0.8513273696158459,2895.916460928324,4477.9775255319155,2.9081905263406824,-1.1302611001209004,-39.600212765957444,-0.8105282160650708,2973.0572108233123
izquierda,01,01,015,izquierda_p01_s01_r015,0,izquierda_p01_s01_r015_w00,izquierda/participante_01_sesion_01_rep_015.csv,47,31.25,1.504,1.0125872340425532,3.5486170444969156,0.7796156915974817,1.005928398811634,0.2760946522780366,0.0007104055178335828,0.0042234042553191496,3.3280951726543564,-1.0123601774592859,0.05595744680851063,-0.4308468644523134,0.0011159111933395005,0.01054468085106383,3.7643980966261985,-1.027299268637936,-0.060000000000000005,0.15042991870452416,0.007095652173913044,0.9978191489361701,3.408951961160319,0.67321348264861,0.9985106382978725,0.4625899385737365,0.0008129509713228507,34.75382127659575,3.471816183338686,0.25499447966206157,-3.5051063829787243,-0.7658396781474824,22.956486401480117,16.96735531914894,3.0481557928081755,4.511384772166479,-2.2908510638297868,-1.3570318763851243,11.974125346901019,1644.2174340425538,3.3004598470618713,-1.6763965923284034,33.43676608673855,-0.28173285423671096,537.639240479442,1592.4962574468084,3.294188193006839,-1.6629201299111778,32.30659574468085,-0.2934964821870102,560.7101316373728
izquierda,01,01,015,izquierda_p01_s01_r015,1,izquierda_p01_s01_r015_w01,izquierda/participante_01_sesion_01_rep_015.csv,47,31.25,1.504,1.0061702127659575,3.746211863173574,-0.39054342503070005,1.0026070936693325,0.33890157448681646,0.0009698638918453909,0.0013446808510638297,3.556372958892666,-0.5950303409544708,0.014468085106382977,0.060647236887021394,0.0011600370027752078,0.010582978723404255,3.4540615693783314,0.20440774175969478,0.06468085106382979,0.3176894209923017,0.006538482886216467,0.9942425531914891,3.5090789476900284,-0.4278493540850925,0.9965957446808509,0.4597184330508761,0.0010620721554116578,78.69873191489361,3.7218449051368365,-0.8707781039555522,-7.051063829787235,0.3038507746754981,29.611257539315453,23.02720638297872,3.391509002257465,0.9035848469193986,-1.5402127659574467,-0.46262362256458245,21.103971692876968,2536.696572340426,3.5507418417332954,-0.860339272158479,50.01055329539164,0.3027308968163297,36.41593863420162,2434.9706340425532,3.375594588937545,-0.652301492745309,48.96127659574468,0.39134283473697307,38.584985291396855
izquierda,01,01,015,izquierda_p01_s01_r015,2,izquierda_p01_s01_r015_w02,izquierda/participante_01_sesion_01_rep_015.csv,47,31.25,1.504,1.0113744680851064,3.863441118584786,-0.8129392352466311,1.0053348150486536,0.09293619917539328,0.0006910816000263491,0.0009808510638297872,3.3068938445192577,0.0054598397774863194,-0.01468085106382979,0.5751851955879573,0.0007819611470860316,0.032259574468085105,3.687597235467969,-1.2268343293124115,0.16340425531914896,-0.051986408483155486,0.005679463459759485,0.9781340425531916,3.095703076884087,-0.16961630119197446,0.9887234042553192,0.41616980652115343,0.0005722479185938956,62.48285531914893,3.837498970736411,-1.3148627252240306,-4.154893617021276,0.13043681975233995,46.20275161887141,14.219163829787231,3.616771693813301,-0.3202643693549576,0.6623404255319151,-0.5065390738212139,14.08004440333025,1296.3511829787235,3.3923409175193324,-1.5328854358616262,32.38386908807814,-0.316368006510867,253.01960164461295,1219.6491638297875,2.9663177773852,-1.67821235104374,20.68234042553191,-0.425487948530125,809.1049574468085
izquierda,01,01,016,izquierda_p01_s01_r016,0,izquierda_p01_s01_r016_w00,izquierda/participante_01_sesion_01_rep_016.csv,47,31.25,1.504,1.0042170212765957,3.363233139769319,1.266345210997951,1.0016267697448207,-0.3895608201877872,0.000981723133393974,0.005519148936170213,3.634613724921733,-1.0428830823156623,0.03957446808510638,-0.3178048217640219,0.004038945420906569,0.028285106382978726,3.583414321590527,-0.061087492462950976,0.08085106382978724,-0.7433938479003644,0.022220999074930615,0.970412765957447,3.1956947784729945,1.554146969324453,0.9846808510638303,-0.8196160906545021,0.0008341350601295104,127.3975765957447,3.5079353773706607,0.28903275857934885,-8.62404255319149,0.8035660387318986,54.17615069380203,17.659040425531916,3.5247996938849213,0.3729274839022976,-3.023191489361703,-0.09742445455130586,8.70455698427382,2721.6031553191488,3.362342842323225,0.5880121133131309,51.23299800313659,0.1559076901546501,98.88705073257137,2576.5465382978723,3.33249179002344,0.9043583629841372,49.83382978723403,0.43882287187481583,95.16064153561517
izquierda,01,01,016,izquierda_p01_s01_r016,1,izquierda_p01_s01_r016_w01,izquierda/participante_01_sesion_01_rep_016.csv,47,31.25,1.504,1.029917021276596,3.556431341076893,-0.0865746473309259,1.0138695940143296,0.6631105527082478,0.0020286299491580335,0.0030999999999999995,3.8069512881155596,-1.2545003430303419,-0.025744680851063826,0.20720989376316637,0.0024901942645698433,0.06352978723404255,3.5061222351917807,0.4292370081073895,0.23382978723404255,0.9911957595877056,0.009045883441258092,0.9632872340425536,3.2656625699682604,-0.487604905303892,0.981063829787234,-0.11754280326336781,0.0008184088806660508,102.89356382978723,3.6953531498637187,-1.3350051651853003,-3.6980851063829787,0.12778903119146426,91.15724625346901,55.670821276595746,3.776953212919452,-0.9891025176106298,2.345531914893617,0.5651699161576165,51.25993829787234,2075.2355382978726,3.371538661589812,1.576253864458475,44.355225841200784,-1.4415719792948511,110.19403276251002,1916.671153191489,2.9210901812347148,-1.5518942064234726,12.547234042553193,-0.5859263796766819,1797.4823769657723
izquierda,01,01,016,izquierda_p01_s01_r016,2,izquierda_p01_s01_r016_w02,izquierda/participante_01_sesion_01_rep_016.csv,47,31.25,1.504,1.0255234042553194,3.4926768214524326,0.23530154023659522,1.0117413311903383,0.8692781117115216,0.0019442500386198768,0.00759148936170213,3.40578633125868,-1.556716115469031,0.028936170212765965,-0.3664247214085941,0.006901017576318224,0.05096595744680853,3.4445215477675517,0.006098707406589021,0.19276595744680852,0.8913713682137021,0.014107400555041628,0.9669659574468084,3.216005809161999,-0.4239203940312586,0.9829787234042552,0.08769186781269193,0.0007344125809435717,32.508393617021284,3.752392587757688,-0.7735518874297806,3.0972340425531923,0.111241449477279,23.413698704902867,50.030821276595745,3.5508002239175234,-0.6012110241527822,3.7319148936170214,0.6678467749716813,36.88849407955596,1299.0366574468085,3.770029213785569,-0.6263169622636151,33.507720133432834,-0.19936447956515335,180.10129127387802,1216.4974425531916,3.3722819361395824,0.3426750053412748,-21.820851063829785,1.152466986077659,756.442420999075
izquierda,01,01,017,izquierda_p01_s01_r017,0,izquierda_p01_s01_r017_w00,izquierda/participante_01_sesion_01_rep_017.csv,47,31.25,1.504,1.017021276595745,3.5641872554726435,-0.04286555388940716,1.007932306612826,0.41554956914589436,0.001117518879325277,0.0006978723404255322,3.0436682459681723,-0.5827349032339413,-0.01148936170212766,-0.6010475132774169,0.0005781683626271971,0.025646808510638303,2.8929345954378634,0.12355860232337301,0.024680851063829785,0.3919718096723704,0.025581961147086035,0.9906765957446808,3.371882863934004,-0.5730030067223901,0.9948936170212764,-0.2671058015851389,0.0008820536540240533,154.91509999999997,3.4961831413754227,-0.6411949381319055,-7.813404255319148,-0.15161682293236006,95.90637511563368,68.76038510638298,3.750461457646334,-1.0499091988776708,5.80659574468085,0.23125233993940272,35.80565337650323,5286.423657446809,2.7684302620402836,-1.8042999004576092,54.82106447158885,0.06930647028434657,2330.663124771506,5062.748172340424,2.7622495374561704,-1.8031361006168212,51.387872340425545,0.07193250475880326,2474.6876779833487
izquierda,01,01,017,izquierda_p01_s01_r017,1,izquierda_p01_s01_r017_w01,izquierda/participante_01_sesion_01_rep_017.csv,47,31.25,1.504,1.0182,3.573324692555004,-0.2614089745811268,1.0083798531408084,0.6498879332011082,0.0013998559488461002,0.0007127659574468087,2.854125676238734,-0.8157256497970788,-0.017659574468085106,-0.49818479518434555,0.0004096207215541164,0.06790425531914894,3.360434248603423,-0.15094758167300482,0.2138297872340425,-0.825014527683811,0.022663274745605918,0.9495829787234041,3.309417713961216,0.3732774891801993,0.9740425531914892,0.6097832917184816,0.0008419981498612399,153.70101914893618,3.634273034900382,-0.6169349961297446,-7.73468085106383,-0.042680143392023626,95.91650804810361,51.31456170212766,3.811007215463293,-1.2282854545611317,4.154893617021276,0.30335494842114413,34.79166901017576,5469.002434042553,3.1864989592064075,-1.605404504987634,59.59016972577736,-0.039136437100048924,1959.7100649237661,5263.98685319149,3.24031438501451,-1.5979030294010406,54.59510638297872,-0.1263011893011074,2332.9994994449585
izquierda,01,01,017,izquierda_p01_s01_r017,2,izquierda_p01_s01_r017_w02,izquierda/participante_01_sesion_01_rep_017.csv,47,31.25,1.504,1.0170021276595744,3.1734526176726376,1.1647191896552727,1.0080956451591043,0.9794993204119077,0.0007614999984504982,0.000374468085106383,2.453236528646679,-0.700391730259311,-0.01319148936170213,-0.14926100010908175,0.00020481036077705822,0.08732978723404257,2.757109645537316,2.8693758281413366,0.2912765957446808,1.6991655414345934,0.0025418131359851988,0.9292978723404254,2.7992706413293917,-0.6813232550744268,0.9638297872340423,-0.24513456299493633,0.0003371877890841812,26.401829787234043,3.207359597320155,1.1625345638279105,-2.450638297872341,-1.2624733639569417,20.839597409805737,8.296010638297872,3.6706455018056303,-0.14714408591064432,-0.178936170212766,0.5883864802278583,8.443644495837187,595.5038489361702,2.1665378068052554,1.4886107487445512,14.491217848093042,1.7826012856023314,393.88907278517723,560.8060085106383,2.2720728054919994,1.4045311327120835,7.301702127659576,1.7588743982873607,518.5235709528215
izquierda,01,01,018,izquierda_p01_s01_r018,0,izquierda_p01_s01_r018_w00,izquierda/participante_01_sesion_01_rep_018.csv,47,31.25,1.504,1.0131829787234043,3.351571833245,2.670389320951756,1.0060650195158354,-1.3025599982056917,0.0010382455610931504,0.0012851063829787234,3.096102149089665,2.140605600916931,0.00851063829787234,-1.632683457176775,0.0012390379278445884,0.03617872340425532,3.201875503057108,-0.9478790606479839,0.04297872340425532,0.5831616135863144,0.035077890841813134,0.9757191489361703,3.418341447551935,0.7539041387151424,0.9868085106382978,-1.113411513322235,0.001970027752081407,289.3593276595745,3.336741384496201,-0.688064310944974,-11.350212765957448,-0.7660692463541764,164.02182386679,207.45704255319149,3.147198814766763,-0.09648734818018356,9.147234042553192,0.9840828184331591,126.47613348751156,3724.6304106382977,2.9843103437127962,-1.5534030614411718,44.944624076253184,0.2549856516557308,1741.6679420061137,3227.8140404255328,2.9645851758461053,-1.6098985478854073,40.127446808510626,0.2414479069761767,1652.7673150786309
izquierda,01,01,018,izquierda_p01_s01_r018,1,izquierda_p01_s01_r018_w01,izquierda/participante_01_sesion_01_rep_018.csv,47,31.25,1.504,1.0168957446808509,3.3662517467746342,1.2525617169967225,1.0077086907905906,-0.5080348636449251,0.0014497856900080857,0.0026425531914893623,3.4522484271994522,0.49044465823553196,0.022978723404255327,-0.8857029932253342,0.0021604995374653103,0.10959361702127661,3.2621562500452708,0.6640325393032742,0.28191489361702127,-1.2069563495202054,0.030772340425531917,0.9046595744680852,3.450123629963071,-0.6815047925400086,0.9497872340425532,0.40609607629144806,0.0026195189639222948,271.6855595744681,3.374154684066708,-0.3378878467624453,-11.036382978723408,-0.8057860576654782,153.1421540240518,256.18297872340423,3.547041854685278,-0.06600599048642586,12.281702127659576,0.43944095925871085,107.63283182238669,4303.873563829787,3.582032798903917,-0.9475799305615307,56.70532955173827,0.005909320170182416,1112.039580872862,3776.005025531915,3.659723957508241,-0.8813029463242938,52.63276595744681,-0.11283138908853386,1027.6621247918595
izquierda,01,01,018,izquierda_p01_s01_r018,2,izquierda_p01_s01_r018_w02,izquierda/participante_01_sesion_01_rep_018.csv,47,31.25,1.504,1.0145468085106382,3.259944035660812,2.9269824592164113,1.0069036001274927,1.0558214159745973,0.0007069909209530001,0.0025276595744680858,2.925577728074718,0.8350511376311731,0.045957446808510626,0.3710450912193543,0.0004246068455134136,0.1388531914893617,3.4742816705964166,0.6160797612214797,0.3682978723404255,0.7827075599079336,0.003279648473635523,0.8731659574468087,3.24243918225089,1.3939983272098235,0.9340425531914894,0.00838428397775146,0.0007463459759481947,20.128563829787236,3.3632366520921604,1.7779330072074675,-1.3657446808510634,-0.7405396771774785,18.660333672525436,57.25673404255319,3.521234991777704,0.13094274959347674,3.601914893617021,1.0432764217214436,45.245615818686396,765.5384659574466,2.7534917141510817,-0.35556116389460035,18.74894107334764,1.062241727690789,423.01601533744525,688.1531680851064,2.8966788677280957,-0.6393350807240612,14.887021276595746,0.9347184479718418,476.67171702127655
izquierda,01,01,019,izquierda_p01_s01_r019,0,izquierda_p01_s01_r019_w00,izquierda/participante_01_sesion_01_rep_019.csv,47,31.25,1.504,1.0217936170212765,3.478740182472569,0.37200099036554946,1.0105534985942226,-0.02591361430118311,0.0005877487937370077,0.015721276595744682,3.2912314805085923,-0.6353784638506146,0.11765957446808513,-0.7790494106429626,0.0019183163737280296,0.017704255319148935,3.5068296639488747,-0.031150666169785346,0.02404255319148936,0.3033728700934315,0.017498519888991673,0.988368085106383,3.0957904940321646,1.9192175416742305,0.9938297872340423,-0.7885721654837601,0.0006850138760407036,126.10887021276595,3.06803520400491,2.630341833944601,1.7785106382978728,0.7508962014403682,125.61850425531914,48.444670212765956,3.360767652511587,0.971480952305714,4.551702127659575,1.2807450535486202,28.32943182238668,4759.563493617022,2.867081088301585,-1.693086008610685,49.15614596749612,0.40194521723703375,2394.1767378313925,4585.009953191489,2.9038457509041193,-1.6899431770487678,46.60893617021275,0.3878368924311231,2465.0652184088804
izquierda,01,01,019,izquierda_p01_s01_r019,1,izquierda_p01_s01_r019_w01,izquierda/participante_01_sesion_01_rep_019.csv,47,31.25,1.504,1.0212936170212763,3.6380314041326263,-0.08303352330576885,1.01026111419341,-0.09961035080984311,0.0006805785649658542,0.011740425531914895,3.2790205665595304,0.04555836914568667,0.10297872340425532,-0.8455726594443754,0.0011604995374653098,0.052814893617021276,3.301112192140723,-0.5319505901686239,0.14829787234042555,-0.9804646734081183,0.03149269195189639,0.9567382978723404,3.2891066832722125,0.26246526042180784,0.977659574468085,-0.3551088222107187,0.0009400555041628123,136.85927021276598,3.186007733965892,1.8237472695931753,1.7202127659574473,0.6997664123678501,136.81101082331173,49.60838085106383,3.5834143215905265,0.4003557598580678,4.115106382978723,1.0240607897221978,33.384590749306206,5286.061702127659,3.6429192467422267,-1.5718006017494701,58.42406128953272,0.14892282961413142,1913.4014333594655,5099.59405106383,3.6415377240556164,-1.5641561521358511,56.911914893617016,0.14082483683517583,1901.0764288621647
izquierda,01,01,019,izquierda_p01_s01_r019,2,izquierda_p01_s01_r019_w02,izquierda/participante_01_sesion_01_rep_019.csv,47,31.25,1.504,1.0214531914893616,3.679291713647475,-0.58449266528363,1.0103907841866135,-0.22207493008782137,0.0005759080836028033,0.014842553191489362,2.2265697780126827,-0.16717935172311682,0.12127659574468086,0.1646128673454351,0.00013746530989824243,0.06384468085106382,3.771813321000598,-0.9269894654194224,0.24914893617021278,0.43723552429026874,0.0018079555966697505,0.9427659574468086,3.061854479420797,-0.1949299308387844,0.9706382978723403,-0.7969318938826911,0.0006408880666049952,19.47476170212766,3.0328388547057203,4.115304894902667,0.007234042553191449,1.5322681185157716,19.898072617946347,12.440551063829789,3.1504671823225103,3.78033546524998,1.2100000000000002,1.4483766001547826,11.21506956521739,748.8162723404256,2.7136765454329934,2.444439135616216,17.301365915488628,1.787878212869671,459.250292620507,716.9009595744682,3.1404394477940563,1.6672022774192357,11.447446808510641,1.4963472653830294,598.5929411655875
izquierda,01,01,020,izquierda_p01_s01_r020,0,izquierda_p01_s01_r020_w00,izquierda/participante_01_sesion_01_rep_020.csv,47,31.25,1.504,1.0096851063829788,3.652459268353006,-0.46028634401071145,1.0030250689541118,-0.07822745823280795,0.0037046395506779555,0.0042,3.6602151827487566,-0.21711810075158722,-0.03702127659574469,0.26912492965096746,0.0028909343200740063,0.01842127659574468,3.460553949019945,0.20664365743728164,0.07829787234042553,-0.686516556463023,0.012557909343200738,0.987063829787234,3.5543065438405126,-0.5186084296966977,0.9919148936170212,-0.16650043676816279,0.0032375578168362656,80.7308170212766,3.566861660133767,-0.12323629119603563,-1.4736170212765958,-0.5390717872301665,80.26708011100834,147.62398510638297,3.841748565209171,-0.9871663015140193,4.755531914893618,0.17442617130177857,127.72648612395929,3702.9957617021278,3.102952445533291,-1.7953522087850968,46.47886317945106,0.3010077962724204,1576.248235753388,3474.640959574468,2.9811482261339983,-1.8054611974521508,42.42574468085106,0.29463649016183396,1711.1036075855693
izquierda,01,01,020,izquierda_p01_s01_r020,1,izquierda_p01_s01_r020_w01,izquierda/participante_01_sesion_01_rep_020.csv,47,31.25,1.504,1.020808510638298,3.6471688412149867,-0.5831887447324418,1.0084216565890156,-0.36403563044607395,0.003978931272749678,0.003817021276595745,3.5938446406474007,-0.7255217928434003,-0.03531914893617021,-0.13244990187114344,0.0026254394079555966,0.058878723404255325,3.5751087997700335,-0.292370014520563,0.18829787234042555,-0.7986245698612942,0.023931822386679,0.9581127659574467,3.5963101279051317,-0.24420990968477874,0.9772340425531915,-0.0949147888832935,0.0031943570767807602,118.52506808510638,3.7831339375035657,-0.9585467082299712,-5.742127659574468,0.1455492904097309,87.41288667900093,224.18311914893616,3.7379063413530806,-0.48487675835394217,12.919574468085107,-0.24813990649104034,58.51266503237743,5586.320853191489,3.734891246670606,-0.9140842620800083,71.00016797546566,-0.43099299229759275,557.151283269916,5243.6126659574475,3.622461193156899,-1.0660237816688316,68.51808510638298,-0.3556390985103862,560.8169549491212
izquierda,01,01,020,izquierda_p01_s01_r020,2,izquierda_p01_s01_r020_w02,izquierda/participante_01_sesion_01_rep_020.csv,47,31.25,1.504,1.0185574468085106,3.587663916063287,-0.2188263677124418,1.0081491572749897,-0.5851256005905485,0.002240391396287452,0.0013106382978723405,3.0775752256156896,0.01182721900183692,0.02085106382978724,-1.0220969772994855,0.0008949121184088805,0.08572340425531914,3.2885570758474687,0.6249624353146919,0.28851063829787227,0.5386214641643977,0.002539037927844589,0.9315234042553191,3.5247996938849213,0.2815894844927018,0.9642553191489361,-0.5854549639425727,0.001772802960222017,59.51201063829789,3.617170766018879,-0.5883521729382353,-3.6176595744680853,-0.6300841326204665,47.433779185938945,116.08117659574468,3.556372958892666,-0.6316595952554982,7.456382978723405,0.5405619769933728,61.7983888066605,1978.3892914893609,3.2458210156691076,-1.253622053709443,33.212687571026784,0.515820969402378,894.3350817943492,1802.796104255319,3.3450469063166945,-1.205035471599327,30.325744680851063,0.5149086965081782,902.3441249768733
izquierda,01,01,021,izquierda_p01_s01_r021,0,izquierda_p01_s01_r021_w00,izquierda/participante_01_sesion_01_rep_021.csv,47,31.25,1.504,1.0318234042553192,3.4020863442106632,0.5199085117333633,1.0141257760992015,0.5524521234587914,0.0034456256914352505,0.011327659574468085,3.4037524634932197,-0.5019210821015943,0.04808510638297872,-0.816966775541518,0.009211470860314524,0.02532553191489362,3.172035249193352,0.15438724325179587,0.049574468085106384,-0.30182231136400645,0.02336503237742831,0.9951702127659576,3.495691916134907,-0.27662082249713293,0.9961702127659574,0.2214890736111419,0.0028763182238667924,252.196514893617,3.343266311424506,0.2543063864013382,2.1391489361702125,-0.1895336069195526,253.00361230342273,87.22506382978722,3.084766212080667,2.6120010063605523,-1.3842553191489362,-1.1295414370760606,87.1634423681776,5738.11476170213,2.8690484738105084,-1.841272675071727,56.996510849669136,0.0778071259028033,2543.6323498975394,5398.693182978724,2.8264952823211464,-1.8610611438030018,53.41531914893617,0.10441553312554541,2600.8337515263647
izquierda,01,01,021,izquierda_p01_s01_r021,1,izquierda_p01_s01_r021_w01,izquierda/participante_01_sesion_01_rep_021.csv,47,31.25,1.504,1.0386425531914893,3.375788256062572,1.2969615794534546,1.0169380603874654,0.9283154790324729,0.004576915712235399,0.005640425531914893,3.793014649135696,-0.9116692681051775,-0.008723404255319147,-0.45506805416083457,0.005685291396854765,0.06576382978723404,3.578123894452508,-0.43865039968554687,0.1870212765957447,-0.7541933181439661,0.03145615171137836,0.9672382978723403,3.496926415925194,0.6649971786648083,0.9817021276595743,0.6355457649736795,0.0035753006475485677,228.0231170212766,3.340990978968961,0.3874065714056769,-0.7946808510638297,-0.043536755327187454,232.33489500462534,216.67235531914892,3.617170766018879,0.19350768594156076,5.116382978723403,-0.4969036528148402,194.63617576318222,7090.178991489362,3.601941245064502,-0.9283594798939392,74.31461138459468,-0.5716636794485467,1601.593994207902,6645.483519148937,3.5013230332942777,-0.8273870690634184,69.35659574468085,-0.6632390400613328,1875.0406272895464
izquierda,01,01,021,izquierda_p01_s01_r021,2,izquierda_p01_s01_r021_w02,izquierda/participante_01_sesion_01_rep_021.csv,47,31.25,1.504,1.0388659574468087,2.8720381115314395,5.973011408436808,1.0179382054099442,1.98823976231548,0.0027257623573643487,0.006672340425531916,3.230612020001376,0.8156662902847716,0.044255319148936184,-1.338344737764316,0.00481628122109158,0.0704404255319149,3.4174511501058404,0.10567386375992083,0.2546808510638297,1.0370221967955662,0.005699352451433857,0.9617531914893617,2.865300493409397,3.887049722723499,0.9795744680851064,0.9163617634245486,0.0022345975948196125,49.45504468085106,2.8803210969603827,7.332942934458343,-0.8197872340425534,-2.4378654352124802,49.84349343200739,148.16412340425532,3.4760657778114457,-0.44514111941037315,8.20340425531915,0.853456689502296,82.62628815911192,1771.4916787234044,2.7988599567286614,-0.23048762400493228,28.739522799487222,1.1000445727951358,966.0865407633572,1573.8725106382983,2.883511913246445,-0.5694516559221245,17.80765957446808,0.9975199751951683,1284.0806357076785
izquierda,01,01,022,izquierda_p01_s01_r022,0,izquierda_p01_s01_r022_w00,izquierda/participante_01_sesion_01_rep_022.csv,47,31.25,1.504,1.0435744680851062,3.3620021523018733,1.6553300814331706,1.019778998235314,0.5356765363051376,0.0037040729050963213,0.011410638297872342,3.55375693641577,-1.361331387375049,-0.01085106382978723,-0.2921351859481637,0.01153839037927845,0.032680851063829786,3.524250086460178,0.13912329410479618,0.05617021276595745,0.6970437411773185,0.030167622571692875,0.9994829787234043,3.450065247778844,0.49565844995702424,0.9985106382978722,-0.04007695158122034,0.002512950971322852,296.68401702127665,3.3925192641383295,0.9078468851303492,0.5195744680851061,0.39023258184172593,302.857843293247,150.6506957446809,3.559047363553789,-0.09066224452031024,-4.193404255319148,0.0001570134315865396,135.9587968547641,8163.033874468087,3.314499223695844,-1.7235667820863432,72.91837533134468,-0.17528345479216365,2907.8127703205596,7715.69916170213,3.3011121921407227,-1.6930845675699158,69.59063829787233,-0.1767065833646524,2935.29531480111
izquierda,01,01,022,izquierda_p01_s01_r022,1,izquierda_p01_s01_r022_w01,izquierda/participante_01_sesion_01_rep_022.csv,47,31.25,1.504,1.0682617021276597,3.412710330392564,0.7062313695170901,1.031679219725877,0.15104157120546155,0.003984465576801308,0.011693617021276593,3.594185330668752,0.028831026965995044,-0.09361702127659575,-0.026170478267899866,0.002993154486586494,0.06714893617021275,3.5599376609998834,-0.28495476782312146,0.20510638297872338,-0.47409593566554104,0.025625531914893612,0.9894191489361703,3.3637278773326758,-0.07511322790147057,0.9934042553191489,0.14906454156281845,0.0026229417206290497,235.06124255319153,3.3754475660412218,0.5501325765880982,-3.9021276595744676,0.10783771672342489,224.61365624421833,200.48042340425533,3.815256809936054,-0.885265397362569,-0.5338297872340428,-0.12415770193164449,204.54752414431078,9699.629957446808,3.4790808724939204,-1.5061238004821904,85.11882921339141,-0.41198842279260894,2507.771715805451,9264.088291489363,3.400990641684018,-1.1543781200759484,31.98021276595744,-0.3935132254437422,8420.5141586494
izquierda,01,01,022,izquierda_p01_s01_r022,2,izquierda_p01_s01_r022_w02,izquierda/participante_01_sesion_01_rep_022.csv,47,31.25,1.504,1.0366702127659573,3.628982607762363,-0.5130299605841784,1.0162757710228483,-0.3535472518108087,0.003937547606522364,0.005380851063829788,3.363233139769319,-0.08258883235404824,-0.03723404255319149,0.06497692391604645,0.004081313598519889,0.0530872340425532,3.8556852041890353,-1.240457787263782,0.14319148936170212,-0.14706610459852626,0.033291766882516186,0.9782021276595744,3.5004327358481837,0.037645377690537885,0.9870212765957448,-0.10711338834112864,0.004077890841813137,672.5889276595744,2.7017000715283332,7.617067192801571,-3.1808510638297864,-2.1677068764883303,676.8726601295097,393.36548085106386,3.5116949701669244,0.3656403971304001,-2.4948936170212757,-0.924517476808659,395.55709509713233,8437.125321276597,3.616859110961379,-1.0485590590322704,73.09125184817752,0.5527555272955864,3162.0723598590325,7371.170912765959,3.817381607172434,-1.1270760911321487,-65.11765957446809,-0.38765707649154396,3198.9235270120266
izquierda,01,01,023,izquierda_p01_s01_r023,0,izquierda_p01_s01_r023_w00,izquierda/participante_01_sesion_01_rep_023.csv,47,31.25,1.504,1.024436170212766,3.479630479918663,0.6157746745959471,1.0111522472141163,-0.43494656935032167,0.0020509401919692033,0.016646808510638298,3.5160029468239116,-0.08108778562896202,0.11957446808510637,-0.6418011646493296,0.00239981498612396,0.023929787234042557,3.268930937524008,-1.4817930583764167,0.03595744680851063,0.024432724996046377,0.023128954671600366,0.9838595744680853,3.4876243466816566,0.6214052421099274,0.9906382978723405,-0.46554374399965925,0.002549583718778911,163.31526170212769,3.6572000880662823,-0.648680095074122,5.458085106382977,0.5219865207068507,136.42727668825162,150.70063191489362,3.4766153852361885,0.11480843800186724,2.068297872340425,0.29989454636502444,149.60587964847363,5885.58709787234,3.5571387698339874,-1.4100239922739632,61.92434462014379,0.10536420420762564,2095.5487856127484,5571.571204255319,3.6168591109613786,-1.4169270796405122,58.48297872340427,0.05986152749574149,2198.0800648473637
izquierda,01,01,023,izquierda_p01_s01_r023,1,izquierda_p01_s01_r023_w01,izquierda/participante_01_sesion_01_rep_023.csv,47,31.25,1.504,1.0300212765957446,3.515259672274141,0.4533670449096707,1.0138445695287035,-0.4921925650090048,0.002186997290140012,0.00923404255319149,3.5746175745295172,0.7206037723853189,0.08978723404255319,-0.5005272860168305,0.0011977798334875114,0.02798936170212766,3.107913990833149,1.9899795868050978,0.14702127659574468,-1.2387146822158903,0.006512673450508788,0.9927978723404256,3.5525259489483254,0.6971265657883441,0.9951063829787234,-0.6639203147097862,0.002616836262719706,154.95103404255318,3.687597235467968,-0.39204506226367286,6.260425531914892,0.6406395191471417,118.27458677150783,138.65910425531914,3.529540513598197,0.43434255700210045,1.1521276595744678,0.4132741436302852,140.31717798334873,5341.07559787234,3.408460735919803,-1.3489999308660148,56.429756494031906,0.33912669676486284,2203.644227285661,5047.465459574469,3.473050683128972,-1.3836519185671292,51.74340425531915,0.254392389227361,2421.609175115634
izquierda,01,01,023,izquierda_p01_s01_r023,2,izquierda_p01_s01_r023_w02,izquierda/participante_01_sesion_01_rep_023.csv,47,31.25,1.504,1.0260170212765958,3.4787401824725697,0.4434783225621577,1.012518088125896,0.07977130001161059,0.0008420586356608261,0.00982340425531915,2.8601884128903747,0.08805843948917369,0.09723404255319151,-0.5587645487228668,0.0003769657724329326,0.020102127659574462,3.1265876009468614,1.0719558915439862,0.1323404255319149,1.0242401396249587,0.002644403330249768,0.9960914893617021,3.3139052608012194,0.9263353614651328,0.9976595744680853,-0.47551949888691586,0.0007835337650323779,18.2014170212766,3.356312652958276,0.9324120011144075,-1.1651063829787234,0.6162801678494204,17.210116836262717,17.12396170212766,3.6046156497256248,0.07221790040501253,1.4336170212765957,0.23068915208549962,15.396284458834415,342.26357659574467,2.583390559656879,2.5020647490439067,11.938654441420747,1.922701674876861,204.07410904417824,306.9381978723404,2.4235566070803714,2.303876510343512,4.577659574468086,1.864113296754139,292.20025744680845
izquierda,01,01,024,izquierda_p01_s01_r024,0,izquierda_p01_s01_r024_w00,izquierda/participante_01_sesion_01_rep_024.csv,47,31.25,1.504,1.0106425531914895,3.397140119416836,1.4770890683669062,1.0048798656901354,-0.6693947426234016,0.0008776828247183383,0.007074468085106384,3.6462785437688927,-1.6290524933258992,-0.04319148936170213,-0.04511198343512544,0.005322201665124884,0.010778723404255322,3.535570702963146,-0.8689186335165582,-0.021276595744680844,-0.12183815690698589,0.010550508788159111,0.9927893617021275,3.3909593948327226,1.683639596913662,0.9959574468085105,-0.8927215510600822,0.0008767807585568922,65.20911702127661,3.711964193504706,-0.6189086019536512,-4.8138297872340425,-0.356971691406459,42.94998936170213,48.38414468085106,3.523015586669892,0.16057672032870451,-4.512340425531914,-0.8614390518655874,28.63212266419981,3159.3306872340427,3.564187255472644,-1.1107909642693228,48.257801752761175,-0.4273703328425321,848.5699367301393,3045.737425531915,3.4879360017391567,-1.0500544204127653,46.56510638297872,-0.49022253158182577,896.5028211840888
izquierda,01,01,024,izquierda_p01_s01_r024,1,izquierda_p01_s01_r024_w01,izquierda/participante_01_sesion_01_rep_024.csv,47,31.25,1.504,1.0166595744680853,3.397140119416836,1.8959625988440951,1.0078223703572216,-1.09334783138612,0.0009743756729327044,0.01412978723404255,3.116563714997834,0.09966845692246551,-0.11595744680851063,0.8980637235188299,0.0006985198889916743,0.0071957446808510635,3.367482734242079,-0.10354049652365438,0.06,-0.5640484037545577,0.0036739130434782605,0.9953340425531916,3.3376351942651366,1.8480255559924998,0.9972340425531913,-1.0502498674332612,0.0008769657724329333,58.513593617021286,3.462825769152649,0.25470247795354384,-4.973829787234043,-0.35345520214397835,34.508841535615176,39.1784,3.5843046190366206,0.2505879878577937,-1.9689361702127661,0.48238270238441144,36.06911840888067,2929.422512765957,3.569477682610663,-1.479324626825967,47.38991692307161,0.07603726566945045,698.4795538944658,2831.7305191489368,3.6307083327931644,-1.5166617914685747,46.31872340425531,0.05471871833148678,701.2260852913968
izquierda,01,01,024,izquierda_p01_s01_r024,2,izquierda_p01_s01_r024_w02,izquierda/participante_01_sesion_01_rep_024.csv,47,31.25,1.504,1.009214893617021,3.3731138514014494,1.7952743211934301,1.0043273081389035,-0.8815405731506739,0.0005533246074743726,0.012302127659574467,3.0934429947069058,-0.8873273437752376,-0.10851063829787233,-0.13415473226416105,0.0005390379278445884,0.004480851063829788,3.654924755610737,-0.03181292396701885,0.05234042553191489,0.6842923602582176,0.001779185938945421,0.9924319148936169,3.0333288563822176,1.7007721250449777,0.9959574468085107,-0.8722839106209266,0.0005115633672525445,10.813906382978724,3.2543094061786006,1.711813604497105,-1.5272340425531916,0.3937947960404941,8.665842183163736,20.48438085106383,3.3319456949215387,1.1653137634734012,1.292127659574468,0.4199317188536139,19.223804070305274,565.0718340425533,3.1361314711370682,1.1020585631642783,17.33290311629844,1.3574778798074916,270.39539716016435,533.7735468085107,3.240922374623479,0.6959496379682042,14.820212765957448,1.1720630233883949,320.96385864939873
izquierda,01,01,025,izquierda_p01_s01_r025,0,izquierda_p01_s01_r025_w00,izquierda/participante_01_sesion_01_rep_025.csv,47,31.25,1.504,1.0107340425531914,3.279910864005624,0.6762540500317762,1.004554778999061,0.5851977242495298,0.001638602424716208,0.00208936170212766,3.709839396268325,-0.2995927244919039,-0.015744680851063828,0.40159469799505465,0.0018814986123959294,0.012582978723404257,3.421847767474924,-0.27467452387056657,-0.05106382978723405,-0.1324521281375273,0.010192321924144309,0.9960617021276594,3.4817552771550435,0.7368434719260417,0.9972340425531915,0.681021909089196,0.0016204440333024996,81.58673829787233,3.622952418397414,0.32166807421576493,-3.6091489361702123,0.6147893986870998,70.05123404255319,26.661602127659574,3.605656482390884,-0.2028908568577643,-0.25127659574468075,-0.04230537469651534,27.176689639222946,2778.740359574468,3.4370189062450747,-1.4504922016906172,41.051831253800685,0.4735334896751234,1117.258977898809,2670.492019148936,3.4965238313967744,-1.441914308337767,37.88148936170213,0.4122156026139177,1262.34314773358
izquierda,01,01,025,izquierda_p01_s01_r025,1,izquierda_p01_s01_r025_w01,izquierda/participante_01_sesion_01_rep_025.csv,47,31.25,1.504,1.015404255319149,3.3858195029138685,0.7830848744993437,1.0073104791753964,0.13945495434313965,0.0007457202508992049,0.0015319148936170212,3.218281141617545,-0.3850226632113145,-0.028510638297872343,-0.6842841712253733,0.0007346901017576318,0.019568085106382978,3.4370189062450747,-0.23949821947547756,0.04148936170212767,-0.8321893760834291,0.01823469010175763,0.9943042553191488,3.224802556223009,1.3381157053452721,0.9968085106382979,0.19866892308672832,0.00069176688251619,68.61263191489363,3.387600097806056,0.8591398250492004,-5.316808510638298,0.3012955740668309,41.22122654949121,8.675178723404256,3.352802820712445,0.5356676258201216,-0.050212765957446864,0.01822207513578551,8.8611934320074,3038.417619148937,3.592060533432371,-1.5418754162835466,44.01197530236886,0.1874196929210462,1125.3063371572316,2961.1298085106396,3.5334459057267655,-1.5161552772535818,41.08851063829787,0.08281306970468219,1300.5350607770583
izquierda,01,01,025,izquierda_p01_s01_r025,2,izquierda_p01_s01_r025_w02,izquierda/participante_01_sesion_01_rep_025.csv,47,31.25,1.504,1.0195127659574468,3.5325556082806715,-0.2584553605827815,1.009538795817829,-0.2746968690372207,0.00035166799387675,0.0003106382978723404,2.304378276036368,0.33760407719576424,-0.01148936170212766,-0.8225865968391316,0.00018251618871415354,0.014682978723404254,3.078747830898908,1.5375251794858897,0.11212765957446809,1.2641005658594715,0.0021562442183163735,1.00451914893617,2.658908927671729,-0.019265177996393934,1.002127659574468,-0.42249022173968065,0.0002649398704902873,16.749382978723403,3.0609867183662534,3.5670769896973322,-1.4689361702127657,-1.5787159325685145,14.908818408880665,3.1906276595744685,3.524799693884921,-0.01250464936943585,0.2406382978723405,-0.08714506739435673,3.2008234967622573,616.3012340425531,2.3072328993936173,2.329052902309469,14.844987535767347,1.7803571237184417,404.53470039036677,596.3612234042553,2.5056704317681704,1.5770326371229073,9.815531914893617,1.6196736112071706,510.8864817761332
izquierda,01,01,026,izquierda_p01_s01_r026,0,izquierda_p01_s01_r026_w00,izquierda/participante_01_sesion_01_rep_026.csv,47,31.25,1.504,0.9836148936170213,3.2611750231282572,1.3050586614552273,0.9877536419392744,-0.582254856359129,0.00813062854951984,0.018174468085106383,3.5018726407190206,-0.21270739446477194,-0.1170212765957447,-0.24652579545458567,0.004577890841813137,0.026129787234042558,3.4683098634156955,0.6461997221556057,0.0721276595744681,-1.1429412745663008,0.02138233117483811,0.9393106382978721,3.191445184000234,1.730175972803587,0.9655319148936172,-0.6191385961835362,0.007212210915818689,199.01249787234045,3.4181477804269065,0.2888599074723266,-4.972340425531915,0.13537092494925007,178.07720527289544,83.66954893617022,3.627601085075753,-0.4447215293055611,5.13063829787234,-0.06585864748279774,58.59275393154485,6032.561995744682,3.2825268864825206,-1.228088933037708,61.27110408167966,0.3574043476782697,2327.94453514702,5749.879948936171,3.381419373221943,-1.3309532595554223,55.84255319148938,0.2723724610078002,2688.6954889916747
izquierda,01,01,026,izquierda_p01_s01_r026,1,izquierda_p01_s01_r026_w01,izquierda/participante_01_sesion_01_rep_026.csv,47,31.25,1.504,1.017659574468085,3.5646784807131597,-0.439018162542685,1.007700851584857,0.027180260789213637,0.0022463631437444733,0.014523404255319148,3.6798413210722183,-0.48568846265359333,-0.09404255319148937,-0.613325400742201,0.0058028677150786315,0.036265957446808515,3.1890779123266086,1.2088398847702049,0.17170212765957443,-0.8693979873321314,0.006931822386679002,0.9668702127659575,3.47483127802116,-0.44403650706832565,0.9823404255319149,-0.09003748586154078,0.0019183163737280307,149.89810212765957,3.1070236933870548,1.945386241276279,-4.808510638297872,0.10015863502440935,129.53233469010175,65.81434468085106,3.7259008324845695,-0.6861959073277624,5.499148936170212,-0.11425611930459204,36.34704708603146,5720.918082978724,3.632833130029545,-0.9131559555178024,60.95520052292006,0.5970373403231046,2048.976864628228,5505.2056361702125,3.7866402574265554,-0.9936715105703344,52.424468085106376,0.2227442293287106,2816.8129730804803
izquierda,01,01,026,izquierda_p01_s01_r026,2,izquierda_p01_s01_r026_w02,izquierda/participante_01_sesion_01_rep_026.csv,47,31.25,1.504,1.0120574468085108,3.640244842081103,-0.4491615115712362,1.0042747902845408,0.014256677809652878,0.00356545311196228,0.009304255319148937,3.4070208310489667,0.7121851128563557,-0.06361702127659576,-0.8193231044518994,0.0053714153561517115,0.0459936170212766,3.4322780865317983,1.8342105869218281,0.1823404255319149,-1.185048063479213,0.013022664199814986,0.9567595744680855,3.817381607172434,-0.6097699104978069,0.976808510638298,-0.053475707883857054,0.0026613320999074944,130.45586808510637,2.918965383998335,4.456023465741354,-1.1323404255319152,-1.0200096563903323,131.9817965772433,144.15542765957449,3.421847767474924,0.6904244625974849,3.423191489361702,0.17214143647387792,135.31625698427382,5055.709174468085,3.618552288705489,-1.5522664975982394,58.96649621683491,0.21654584996984505,1612.9802266036888,4781.097878723405,3.725010535038476,-1.6112125271188287,-38.94106382978723,0.030412668785307,3335.662979278445
izquierda,01,01,027,izquierda_p01_s01_r027,0,izquierda_p01_s01_r027_w00,izquierda/participante_01_sesion_01_rep_027.csv,47,31.25,1.504,1.0064510638297872,3.5299395858037754,0.873097906919206,1.0027612435511664,-0.6970919958800615,0.0009409729628427829,0.004844680851063829,3.068958048737696,-0.8046409573617543,-0.0653191489361702,-0.35803320754622614,0.0005906567992599445,0.005840425531914896,3.5963101279051317,-0.7399866538390483,0.031702127659574475,-0.18756773773526464,0.004940518038852915,0.9957659574468084,3.335166194684564,0.7836325012785612,0.9974468085106384,-0.7140922914764514,0.0008846438482886223,108.06344468085103,3.2644280701779747,0.9896610133087584,2.487872340425531,-0.35581239237907786,104.08858667900091,21.141427659574468,3.4400340009275485,1.3882114668878422,0.017659574468085033,-1.1576856869562082,21.60070527289547,1370.9498148936168,3.2272680434807404,-1.637136579683781,30.740128187140954,-0.15125229005914165,435.2550803215797,1241.7449425531915,3.400646439339826,-1.5887104388530469,28.087872340425534,-0.05772853501665128,462.6602040703052
izquierda,01,01,027,izquierda_p01_s01_r027,1,izquierda_p01_s01_r027_w01,izquierda/participante_01_sesion_01_rep_027.csv,47,31.25,1.504,1.025376595744681,3.726585724850113,-0.16442370289660246,1.0117620884038634,-0.28757120467646285,0.0017513346527536406,0.006748936170212767,2.783425408629726,1.322708344600076,-0.08,0.7285380501691361,0.00035652173913043475,0.008051063829787236,3.5147100648493983,-0.1001780010566029,0.058297872340425515,0.6666546036274602,0.004753561517113784,1.0105765957446808,3.6206770859418693,-0.3764500464157474,1.004468085106383,-0.2231371740204714,0.001655689176688253,98.61061702127658,3.643662521291997,-0.14790660101155106,-1.5131914893617022,-0.1538232371397009,98.41480046253467,28.422536170212762,3.6533495657991,-0.1227034816698147,-0.5808510638297874,-0.3035655518876607,28.69569491211841,1340.7843340425534,3.5013230332942777,-1.5122023342193072,31.09456643344177,-0.07729756219896612,382.0408000188038,1213.751180851064,3.5007734258695344,-1.571553949547189,25.87893617021276,-0.10591392485324358,555.8586227567068
izquierda,01,01,027,izquierda_p01_s01_r027,2,izquierda_p01_s01_r027_w02,izquierda/participante_01_sesion_01_rep_027.csv,47,31.25,1.504,1.0281382978723406,3.5387363328647847,0.716330630516433,1.0117414506368962,-0.7295680541122658,0.004615742216695337,0.00706808510638298,3.352253213287702,0.75505281796476,-0.06936170212765959,1.05995411460439,0.0023061054579093434,0.020785106382978723,3.5911702359862767,-0.21403693761036235,0.10319148936170214,0.5756769860467286,0.010356984273820537,1.0002851063829787,3.215694154104499,1.1676574194162281,0.9982978723404254,-0.8155269351316957,0.0037666049953746553,151.06373617021276,3.5547977690810284,0.16193062894528776,-5.539999999999998,-0.10458890756270046,122.98892173913043,94.73810638297871,3.189173363867531,1.8238174902723916,2.5906382978723403,0.0806909867739589,89.94032349676226,1596.5711659574467,3.5560322688713155,-1.4117415603014942,32.486809145487655,0.3132153758023163,552.9431452738908,1350.7693234042556,3.4340912287106784,-1.2749539773968814,-18.708085106382978,-0.0786694496184228,1022.5328940795561
izquierda,01,01,028,izquierda_p01_s01_r028,0,izquierda_p01_s01_r028_w00,izquierda/participante_01_sesion_01_rep_028.csv,47,31.25,1.504,1.0469297872340424,3.467998208358195,0.05834276615190159,1.0217110461614634,-0.1986223778709747,0.0031023324592930565,0.0031468085106382986,3.4528270695880448,-1.1628907463176106,0.02148936170212766,-0.4653543322885218,0.0027433857539315436,0.026708510638297878,2.8246614581499414,1.598773677071816,0.018936170212765956,-1.296656494968894,0.02692275670675301,1.0170744680851065,3.4188910549766773,0.8347032657681517,1.0074468085106383,-0.34778464622487254,0.002171600370027754,152.33192765957446,3.390274502467179,1.5126105275262427,3.3953191489361703,0.926110119106692,143.86468630897318,97.04177234042554,3.2782176862615144,1.4466648657580379,-1.093404255319149,0.05371514595858011,97.92985337650326,2881.640855319149,3.084839914770924,-0.9166245100037855,39.41921845111672,0.6460128231742267,1356.6305518488598,2632.267155319149,3.1083061865304344,-1.047276053663121,35.587446808510634,0.5834328553421815,1395.4921063829788
izquierda,01,01,028,izquierda_p01_s01_r028,1,izquierda_p01_s01_r028_w01,izquierda/participante_01_sesion_01_rep_028.csv,47,31.25,1.504,1.0312893617021277,3.5746175745295177,0.03076736510175193,1.0141333981998284,-0.22299026866388363,0.0028841778438349437,0.0014936170212765964,3.57421850232394,-0.4228546164419553,0.004255319148936169,-0.47202948079816504,0.001507585568917669,0.01805531914893617,2.7680380663429975,11.035024742618308,0.08297872340425531,-2.2446615981537863,0.011412673450508788,1.011740425531915,3.3888929797805694,0.27029428529481114,1.0046808510638296,-0.3255550332615896,0.0024080481036077724,152.28051914893618,3.332344767127117,1.5281631523171075,2.444255319148936,1.0669514583647153,149.48670323774283,108.92083191489361,3.153977014568341,0.8855836359224121,1.4738297872340427,-0.5384418161629566,109.06928066604995,3345.143897872341,3.5781238944525073,-0.8271237731322936,47.97040199912312,0.436775603337043,1066.6797436086665,3083.9425468085105,3.7845154601901756,-1.1198325894119585,20.92702127659574,0.08357661313312426,2703.5241170212767
izquierda,01,01,028,izquierda_p01_s01_r028,2,izquierda_p01_s01_r028_w02,izquierda/participante_01_sesion_01_rep_028.csv,47,31.25,1.504,1.0123340425531915,3.5834143215905265,-0.1996509709217893,1.0055138629564213,-0.1282723314155225,0.0013036512155518865,0.002812765957446809,3.746211863173574,-0.6915217847550101,0.037021276595744695,0.1826244060425898,0.0014735430157261796,0.01305957446808511,3.5164941720644274,0.2440292461164053,0.010212765957446805,-0.8746444129770896,0.01323691026827012,0.9964617021276596,3.5625536834767795,-0.5111723444044345,0.9976595744680853,-0.40661110497900244,0.001161794634597596,62.0006170212766,3.3861601929352196,1.2168950013067636,-1.3029787234042551,-0.4531382210048951,61.61379528214616,35.89234468085106,3.8230127243318046,-0.9742914043443385,2.1506382978723413,-0.35975320371436537,31.946819148936168,1937.588008510638,3.5826114412925105,-1.288133653453271,34.69099416598284,0.5527986639203776,750.082126466521,1839.6950468085108,3.7006435770017383,-1.2882337981892895,-31.090212765957446,-0.4169561867717699,892.0740151711382
izquierda,01,01,029,izquierda_p01_s01_r029,0,izquierda_p01_s01_r029_w00,izquierda/participante_01_sesion_01_rep_029.csv,47,31.25,1.504,1.002144680851064,3.5447116523683473,0.31730607892927054,1.0006919869025506,-0.1336836391559505,0.0007767549000912475,0.004312765957446808,2.9645851758461053,-1.3130621757543859,-0.03510638297872341,-0.6128766434319639,0.0031472710453284004,0.011436170212765957,3.40015521409931,-0.24304667115781386,-0.04489361702127661,-0.16554119487523664,0.009625531914893617,0.986395744680851,3.3302199698907367,0.09673143118546923,0.9927659574468087,-0.489275611941263,0.0008291396854764114,143.11772127659572,3.1929581430482177,0.25997916203025895,-2.9074468085106377,-0.3851674315644438,137.59196290471783,44.46284042553191,3.411417448418051,0.08213244664702302,-3.9117021276595736,-1.0243944855258251,29.79537095282147,2228.1917042553187,2.9843103437127962,-1.6956650191722162,34.5616081656635,0.26523258254263654,1056.1584005901675,2040.611142553192,3.241204682460604,-1.6914972167223874,31.617659574468096,0.26493493146844793,1063.5637617946347
izquierda,01,01,029,izquierda_p01_s01_r029,1,izquierda_p01_s01_r029_w01,izquierda/participante_01_sesion_01_rep_029.csv,47,31.25,1.504,1.0179893617021278,3.6388633193944933,-0.19409573797614899,1.0081007298841014,0.49182003848120215,0.0017597209812105098,0.007046808510638298,3.54600102202002,-0.9135444817581675,-0.07404255319148935,0.23229786419935575,0.001598519888991674,0.013606382978723408,3.5547977690810297,0.3638723899878391,0.028723404255319156,-0.8682697444335755,0.013059204440333028,0.997336170212766,3.6845821407854937,-0.5220758020252245,0.9978723404255321,0.2728245104370514,0.0016214616096207237,151.90468297872343,3.535171630757567,-0.15357276783255003,-3.867872340425532,-0.22918451586222002,139.9212953746531,70.88613617021277,3.88162735203741,-0.8575070058149663,-0.8578723404255321,-0.16929702499061516,71.6751953746531,2602.8976872340427,3.7462118631735737,-1.3398790558710179,44.76370095535287,0.09827682512051378,612.1328675793002,2380.1068680851063,3.614852301657472,-1.1563151142506425,35.538723404255315,-0.38763630972847124,1141.3909200740056
izquierda,01,01,029,izquierda_p01_s01_r029,2,izquierda_p01_s01_r029_w02,izquierda/participante_01_sesion_01_rep_029.csv,47,31.25,1.504,1.0370531914893617,3.7322752241937107,-0.11574120693064893,1.0175598108039439,0.09985183348036757,0.0016605538591774806,0.003963829787234042,3.591510926007628,-0.39025865776480906,-0.043191489361702126,0.0797723827246956,0.002143940795559667,0.011589361702127661,3.533445905726766,-0.08421262332481394,0.03553191489361702,-0.6272776244173944,0.010551341350601293,1.0214999999999999,3.676276618965001,-0.3271490414347613,1.0099999999999998,-0.09820673598265169,0.0014304347826086974,59.05058510638299,3.4114209607408923,0.23857726852386696,2.8836170212765957,-0.25949509678906196,51.838280111008324,86.1602425531915,3.103517373464064,3.780768849537056,7.252340425531914,-0.9214734940165263,34.29344875115634,2270.167761702128,3.7748284156830723,-0.9557307674160915,42.03207346113528,0.2459191199162043,514.4176179611551,2124.9569340425533,3.6259675130798885,-0.9626932667912618,-20.051702127659574,0.2853790892484498,1760.3402231267344
izquierda,01,01,030,izquierda_p01_s01_r030,0,izquierda_p01_s01_r030_w00,izquierda/participante_01_sesion_01_rep_030.csv,47,31.25,1.504,1.0041617021276596,2.9322206429354956,2.91338637166006,1.0002152643584101,-0.28632070489708605,0.003812238530184224,0.0057063829787234056,3.3414822042094774,1.642578985044203,0.05574468085106384,0.913117877565758,0.0026554116558741903,0.015151063829787235,3.504829353217268,0.06867653627894965,-0.08617021276595745,-0.31987986344523717,0.007893709528214615,0.9833042553191491,2.92609830053561,2.7594820226914285,0.9895744680851066,-0.38476148677204497,0.004134597594819612,161.74396808510636,3.2989873949043425,2.2318344707872235,1.5563829787234047,0.9460340554361283,162.78515402405182,154.97265319148934,2.839365631674209,4.69713584184747,-3.97,-0.9485262079292002,142.2380956521739,1564.3799276595744,3.6185522887054886,-1.622906019825867,33.461458149332955,0.22439241408453486,454.3783710969711,1247.663306382979,3.323299483079694,-1.2950198549354612,22.14893617021277,0.16985128079401507,773.5463662349676
izquierda,01,01,030,izquierda_p01_s01_r030,1,izquierda_p01_s01_r030_w01,izquierda/participante_01_sesion_01_rep_030.csv,47,31.25,1.504,1.0208234042553193,3.684922830806846,-0.649922455823249,1.0097527385198861,-0.06337960995074898,0.001249394161407265,0.0011148936170212764,3.1421616605020164,-0.432827170058097,0.024255319148936173,0.09903857414095503,0.0005380203515263645,0.012304255319148936,3.5620624582362637,0.0814563099873924,-0.04659574468085107,-0.7068844008313339,0.010353376503237744,1.007404255319149,3.5947349380934948,-0.8501209433158432,1.002978723404255,-0.037567177260083406,0.0014691951896392257,55.31554255319149,3.2060667153456417,2.428917567211558,1.7491489361702128,0.6650372204866584,53.39202099907492,43.57765319148936,3.8390741605480483,-1.0196887917235302,-3.7248936170212765,-0.21067639845979094,30.348534227567068,1534.1590148936168,3.5013230332942773,-1.6814391704269638,31.78931283591389,0.023091642628443473,534.9811826686702,1435.2658191489354,3.7405807460142038,-1.6275418327956828,29.311702127659576,-0.025552890524278386,588.6136318223868
izquierda,01,01,030,izquierda_p01_s01_r030,2,izquierda_p01_s01_r030_w02,izquierda/participante_01_sesion_01_rep_030.csv,47,31.25,1.504,1.0201297872340425,3.308215761457622,0.325918980638749,1.0089851763231326,-0.8572460200164271,0.002123890350615174,0.001974468085106383,3.372773161380098,0.5422937960726721,0.03319148936170214,0.7355597905780521,0.0008917668825161888,0.0023297872340425534,3.454951866824425,-0.3352319765159937,0.017659574468085106,0.2535660222108445,0.002061794634597595,1.0158255319148937,3.332091494253844,0.39074447312893223,1.0068085106382978,-0.9014636456037549,0.0022091581868640166,157.84909148936168,3.365595889372942,0.09330194415362048,-4.954255319148936,-1.1178964637304623,136.20236845513412,76.99152127659573,3.6185522887054886,-0.39321035640676927,4.102340425531915,0.08016331355413012,61.47020092506938,1252.5768574468086,3.6247330132896023,-1.374934564147,28.634036177673043,0.20901360797012447,442.07467374474845,1017.7362446808512,3.563443980922873,-0.7990228200058529,-9.081063829787235,0.17639667183253932,955.602492321924
izquierda,01,01,031,izquierda_p01_s01_r031,0,izquierda_p01_s01_r031_w00,izquierda/participante_01_sesion_01_rep_031.csv,47,31.25,1.504,1.0183702127659577,2.982379213601444,1.856070979177419,1.0032301657807678,-0.02893379194011642,0.012158130868960395,0.03420851063829787,2.7163474377712755,5.649920990967637,0.18085106382978727,1.781323495611936,0.0015340425531914896,0.008993617021276597,3.5186189693008076,0.14716824391937378,-0.07851063829787235,-0.5887929836300846,0.002891211840888066,0.9751680851063829,2.8990859728016,1.765506940125066,0.9814893617021275,-0.06818174555625342,0.012104255319148936,229.7765446808511,2.980837358617385,2.9868044986213382,2.200425531914894,1.7094538853784174,229.82455633672527,73.64380638297872,3.056714587501942,4.177564208124826,-0.7691489361702126,-1.0127363775299754,74.64030795559667,327.23218510638293,2.8609003637174717,5.2946828382258815,12.865347057731743,2.1374316422147333,165.23057432507218,23.811834042553194,3.314499223695844,1.2690920945398387,-1.737872340425532,-0.7220572377795789,21.243625809435706
izquierda,01,01,031,izquierda_p01_s01_r031,1,izquierda_p01_s01_r031_w01,izquierda/participante_01_sesion_01_rep_031.csv,47,31.25,1.504,0.9730787234042553,3.0679768218206833,2.5444909340268618,0.9830468946523037,-1.597655701792285,0.006843124716950785,0.017257446808510636,3.5283060138079114,-1.203237104656674,0.0870212765957447,-0.5857362174933864,0.009895282146160962,0.034617021276595744,3.323903960365823,0.02918095631326212,-0.08723404255319148,0.20077414110731417,0.027594357076780755,0.9212042553191491,3.293847502985488,1.8326943356510288,0.9561702127659576,-1.3028272740723774,0.007093709528214618,117.5190425531915,3.357602022609948,0.5783959694316678,-5.034468085106383,-0.7766894938784623,94.17693829787233,72.56688936170212,3.568243182820377,-0.028287429222463523,-5.534042553191489,0.2892727211061665,42.85302895467159,4019.3475872340427,2.9889521338828424,-1.3402634920397727,45.088277905010116,0.6525724646406914,2029.5772780727625,3829.2616553191488,2.951637863855565,-1.4266016289104837,38.50382978723404,0.6032955211552901,2397.732328492137
izquierda,01,01,031,izquierda_p01_s01_r031,2,izquierda_p01_s01_r031_w02,izquierda/participante_01_sesion_01_rep_031.csv,47,31.25,1.504,1.0795085106382978,3.5508002239175234,-0.2226632906353565,1.0380078519925298,0.6242406200090184,0.002092736141025174,0.00506808510638298,3.7628229068145607,-0.7028298971619416,0.025957446808510642,0.07010207211647604,0.0044898242368177615,0.0646468085106383,3.524250086460178,-0.8978804721340805,0.07574468085106383,-0.7318756774050227,0.06019019426456985,1.0097936170212767,3.430153289295417,-0.2969151518130535,1.0036170212765958,0.14782592426664173,0.0026018501387604096,111.47530212765956,3.4900024167913095,0.8736683145090871,-2.0178723404255323,-0.9279689736648861,109.73835189639223,136.63687872340427,3.7348912466706063,-0.3750492088438522,0.042340425531914784,0.5827168318985583,139.60541396854768,6144.147882978724,3.8230127243318046,-1.323262524627643,67.93408591603635,-0.24759698782073555,1562.3493288124284,5896.035702127659,3.7518429803329445,-0.9670517912864147,25.334893617021276,-0.45147187182524257,5368.400147271045
izquierda,01,01,032,izquierda_p01_s01_r032,0,izquierda_p01_s01_r032_w00,izquierda/participante_01_sesion_01_rep_032.csv,47,31.25,1.504,1.0065425531914893,3.186839649227759,2.13660086751337,1.0022214344671414,-0.8793360947063711,0.0021402875184216388,0.006970212765957447,3.023016525257817,1.4147605932403966,-0.07787234042553193,-1.3237132806499392,0.0009258094357076783,0.009219148936170214,3.160988430850303,0.3978676051243095,-0.01680851063829787,-1.2367692030174458,0.009130897317298796,0.9903531914893619,3.2456631943367564,1.178447848038278,0.9940425531914894,-0.7045428065885821,0.00228112858464385,38.244131914893615,3.24867828901923,0.9279101180229974,1.9348936170212765,-0.3534658078554331,35.250325531914896,43.53770000000001,3.197507920651875,1.5821338680951005,1.3355319148936171,0.7926609156309649,42.6617513413506,800.3279382978723,2.3619268846922914,1.492888218306943,18.141138765173796,1.6537607588832914,481.4710883092892,718.5461063829788,2.4631172402788093,1.4854344331324763,12.461276595744682,1.7008737261747289,575.5075331174838
izquierda,01,01,032,izquierda_p01_s01_r032,1,izquierda_p01_s01_r032_w01,izquierda/participante_01_sesion_01_rep_032.csv,47,31.25,1.504,1.01973829787234,3.464400958964286,0.28448064295063213,1.0091716658188656,-0.2010267499532359,0.001339343449862192,0.013655319148936172,3.512588779935859,-1.202956389987676,-0.1097872340425532,0.0887737246429315,0.00163691026827012,0.01886382978723404,3.558244483255773,-0.5391682317904314,0.01829787234042553,-0.1328454725345513,0.018931822386679006,0.9872191489361701,3.479080872493921,0.15805643548184234,0.9929787234042552,-0.4210180004339841,0.0012387604070305282,185.44245106382976,3.505572627767038,-0.7495856520830801,-5.917021276595744,-0.3494433484411954,153.70155615171137,31.956014893617024,3.7197201079004567,-0.2851517281806366,-0.6687234042553194,-0.6196256080306525,32.19379833487512,2784.157378723404,3.6414793418713898,-1.254178862008252,45.418150431855466,-0.3357264201309065,737.0304898569416,2566.758912765957,3.548957734518267,-1.2436493900797903,42.49468085106384,-0.35222106064798936,777.5036428307122
izquierda,01,01,032,izquierda_p01_s01_r032,2,izquierda_p01_s01_r032_w02,izquierda/participante_01_sesion_01_rep_032.csv,47,31.25,1.504,1.046676595744681,3.6411386518500386,-0.10516079701637526,1.0221766302478548,-0.2281062501268619,0.0018713482398170593,0.013053191489361703,3.3906187048113714,-0.9472459842210506,-0.10914893617021278,-0.3981390770405608,0.0011644773358001849,0.029840425531914894,3.3359094692343336,0.6268622971892595,0.14404255319148934,-0.6489293711739006,0.00928982423681776,1.0037829787234043,3.423972564711305,0.24165600936583687,1.001276595744681,-0.48073157708544517,0.00125485661424607,161.2860659574468,3.3644676395596056,-0.5137434385894575,-6.464893617021276,-0.8336096788948876,122.0888516188714,53.46356595744681,3.400987129361177,0.7343378854169802,2.6421276595744683,0.04286817738216997,47.493221461609615,2697.060874468085,3.6715357992517244,-1.4131804859554835,44.20448840642642,-0.23587098198129508,759.1767765679837,2482.3112425531917,3.5317527279826555,-0.8329452513427436,21.448936170212757,-0.485531514316218,2066.216431452359
izquierda,01,01,033,izquierda_p01_s01_r033,0,izquierda_p01_s01_r033_w00,izquierda/participante_01_sesion_01_rep_033.csv,47,31.25,1.504,1.0119255319148937,3.1887707793391113,2.6108212310183543,1.0057302560421417,1.0121573109476436,0.0004415793005691656,0.002306382978723404,2.9258893831322186,-1.179474755722236,0.028085106382978717,-0.6942276782331421,0.0015506012950971323,0.016955319148936172,2.8448424398240686,1.7335650697828022,-0.07723404255319151,-1.276694565197785,0.01122913968547641,0.9926638297872339,2.6837300415922876,1.598211135876955,0.9961702127659574,-0.7969124093681796,0.00031544865864939926,25.610576595744682,2.861483305969793,3.5741100209975407,-0.31170212765957445,-0.7638010596595719,26.068057909343196,15.281500000000003,2.9554845375433207,0.9527192401628044,-1.3002127659574467,-0.9839561912135684,13.88640212765957,2511.987891489362,2.221681935403083,-1.4764739177940323,32.216765242896955,0.6435426289334335,1506.1128837467638,2471.0958148936174,2.3508450080974526,-1.4910389539547628,29.994680851063833,0.6336360251850173,1605.5761297872343
izquierda,01,01,033,izquierda_p01_s01_r033,1,izquierda_p01_s01_r033_w01,izquierda/participante_01_sesion_01_rep_033.csv,47,31.25,1.504,1.0327489361702127,3.3971401194168362,0.9770130561597759,1.0155937308485854,1.033469905411976,0.0013469689449872619,0.0009319148936170214,3.1778527473645632,-0.7082310523226729,-0.005957446808510639,0.4938747742943241,0.0009159111933395006,0.027963829787234037,3.585879808848258,-0.061709263825734606,0.011276595744680854,-0.5619858127659974,0.0284418131359852,1.0038531914893616,3.195145171048252,0.696762656005868,1.0014893617021274,0.6841525359050908,0.0008912118408880683,54.36838723404255,3.5286502161521036,0.025198079624450198,-1.8063829787234045,-0.6363141938003919,52.21635402405182,46.46716595744682,3.7292601295112364,-0.6776772631338397,-1.6408510638297866,0.1660870622886311,44.7263992599445,3792.55355744681,3.6741518217286204,-1.5586930354163875,52.31285584162921,-0.24744729471439725,1078.873424860158,3691.7180042553196,3.647660066455503,-1.4761408088990846,45.92468085106382,-0.40368032841113055,1617.0469471785386
izquierda,01,01,033,izquierda_p01_s01_r033,2,izquierda_p01_s01_r033_w02,izquierda/participante_01_sesion_01_rep_033.csv,47,31.25,1.504,1.0329702127659577,3.319789650833863,0.321930783908722,1.015349783844151,0.7759127635351549,0.0020792689791063086,0.0012872340425531914,3.716705013217982,-0.3171291013755382,-0.00021276595744680883,-0.47909074553658815,0.0013151711378353375,0.03145531914893617,3.744087065937194,-0.41890789365210024,0.08127659574468084,-0.4710142502862017,0.02538963922294172,1.0002276595744681,3.358151630034691,0.11814359381348183,0.9989361702127658,0.31876064025956785,0.002405365402405183,256.5012085106383,3.3272922923563404,-0.2960369022105107,4.908510638297873,0.7539264921608074,237.46007382053654,149.54637872340427,3.5751087997700335,-0.4576525215622951,4.422978723404255,0.2404572599812396,132.80936919518962,5114.438655319149,3.7705788212103117,-1.3682469052141926,62.368282116558554,-0.16887405884205442,1251.258563782175,4708.391068085107,3.570367980056757,-1.278803814785138,-24.0931914893617,0.2776992619811841,4217.646348288622
izquierda,01,01,034,izquierda_p01_s01_r034,0,izquierda_p01_s01_r034_w00,izquierda/participante_01_sesion_01_rep_034.csv,47,31.25,1.504,0.994055319148936,2.8343463776806996,3.5832387629850952,0.994770216631177,-1.3793834948899402,0.004585090366682101,0.01185744680851064,3.0422867232815625,1.2953391959166778,-0.09893617021276596,-1.34253019972775,0.002114061054579093,0.02063829787234043,3.06785233531591,0.64921649451566,-0.12170212765957449,-1.2245638160607064,0.005953561517113783,0.9615595744680853,2.7703206849117294,3.5586473479732206,0.9785106382978722,-1.2449358324967137,0.0041651248843663285,50.320729787234036,3.2368080650915196,1.452364207544524,0.6580851063829789,0.027289330961989485,50.97216799259946,76.26152340425531,2.9994218767347003,1.9508927372850522,-1.9940425531914894,0.6098097866174218,73.85673765032375,631.685774468085,2.983672095575957,0.6957779356365865,16.67886160943369,1.3889064984563901,361.18616183538865,505.10352127659576,2.585463851217325,1.165150602079577,10.314255319148936,1.6269995040067011,407.38747715078637
izquierda,01,01,034,izquierda_p01_s01_r034,1,izquierda_p01_s01_r034_w01,izquierda/participante_01_sesion_01_rep_034.csv,47,31.25,1.504,1.015540425531915,3.6849228308068454,-0.39050092048625595,1.0069663917844207,-0.17774463222805179,0.0015930050735482695,0.021240425531914887,3.2112066072644967,-0.706083396720242,-0.13893617021276597,-0.2778673058468718,0.001979278445883441,0.021687234042553193,3.5116949701669244,-0.17137530005548962,-0.08744680851063828,0.15250568254407781,0.014345513413506015,0.972612765957447,3.4670753636254092,-0.29140440675517354,0.9855319148936171,-0.024595120885251245,0.001368732654949122,134.67462340425533,3.442708405588672,0.43546283314038803,-5.1670212765957455,-0.757059249467964,110.32383006475483,74.22789574468084,3.7191705004757134,-0.9703375492365138,-6.46531914893617,-0.3781584168309479,33.132490656799256,1998.344757446808,3.3836947056774873,-1.4892824347442537,37.65690386872371,-0.4402404988764006,592.9176169134782,1789.4422382978726,3.5272651811426523,-1.4642527471726672,35.227659574468085,-0.42001487707837326,560.3771574468085
izquierda,01,01,034,izquierda_p01_s01_r034,2,izquierda_p01_s01_r034_w02,izquierda/participante_01_sesion_01_rep_034.csv,47,31.25,1.504,1.0395787234042553,3.746211863173574,-0.43182322699627473,1.0185887748285667,-0.5275439714149408,0.0021003188322231527,0.026797872340425532,3.4709258858925915,-0.05010626973057608,-0.16021276595744682,-0.3595962937634514,0.0011543015726179467,0.008325531914893618,3.4361869909832072,-0.15092997979624023,0.018510638297872344,-0.42068823011558293,0.008156429232192414,1.0044553191489363,3.617661991259395,-0.5545308299534133,1.0012765957446808,-0.3582699772483751,0.0019418131359852,140.91592978723403,3.5590473635537894,0.07348845552908179,-4.208297872340426,-0.7110253199757878,125.8845535615171,132.37984255319148,3.6997532795556443,-0.867362031412882,0.3157446808510634,0.5350364761883049,135.1558032377428,2574.945414893617,3.598984532566255,-0.8633918284857409,46.274250541046946,-0.704881916195985,443.06608983972905,2301.649642553191,3.4335125863220846,-1.3086771955941134,11.276170212765955,-0.45673760409923314,2221.7693154486587
izquierda,01,01,035,izquierda_p01_s01_r035,0,izquierda_p01_s01_r035_w00,izquierda/participante_01_sesion_01_rep_035.csv,47,31.25,1.504,1.0198191489361703,2.5253545743398673,12.103911504487618,1.0095097879834551,2.827231513103056,0.0007245529213737573,0.0029893617021276592,1.8536396261756498,5.2682230593903405,-0.04276595744680851,-2.3577326332128177,0.0011856614246068457,0.04631489361702127,1.7466370090710086,2.8902735128107606,-0.17276595744680853,-1.9870089609258652,0.016824791859389458,0.9705148936170214,2.397970399531711,2.7408254681270634,0.9842553191489359,-0.8707646951421368,0.0017945420906567994,82.72665957446809,2.214879911808874,3.8403279879798573,1.8063829787234038,1.797530691192966,81.19111054579093,68.6047765957447,2.147138797435544,3.524071582364808,-1.47468085106383,-0.16854276816746058,67.87422543940797,1204.9178319148934,1.591188998587482,1.7080119938254414,17.133775639020286,1.7773045206861033,931.1635547941437,1053.5863957446809,1.4900211793925149,2.2127650429335306,13.94340425531915,1.9106919584775128,877.8454359851988
izquierda,01,01,035,izquierda_p01_s01_r035,1,izquierda_p01_s01_r035_w01,izquierda/participante_01_sesion_01_rep_035.csv,47,31.25,1.504,1.0430191489361702,3.264859689670244,1.2008690584475694,1.0198412964972436,0.569282990876259,0.003006854523143262,0.009685106382978724,3.2915137883457164,-0.6524813425191214,-0.07659574468085108,-0.598839322683634,0.0039012025901942636,0.05678510638297873,3.5112037449264086,-0.47192875836363735,-0.05680851063829787,-0.34476201362045467,0.05472220166512489,0.976548936170213,3.4999415106076674,-0.05353774328211136,0.9863829787234042,0.06133189581100239,0.0036757631822386706,363.82064680851056,3.054930480286913,1.2907720540718604,-4.21531914893617,-0.9652953578851305,353.5745950046253,99.51624680851064,3.3736634588261922,0.7451863115580513,-2.67531914893617,0.14942744820069076,94.36671674375577,4669.153385106384,3.4549518668244255,-1.707823023024392,54.334292789451446,-0.08105122762027579,1754.2627515716893,4205.816491489361,3.234192042614624,-1.7183726716302745,49.089148936170204,-0.10213686404445854,1835.1169905642923
izquierda,01,01,035,izquierda_p01_s01_r035,2,izquierda_p01_s01_r035_w02,izquierda/participante_01_sesion_01_rep_035.csv,47,31.25,1.504,1.0378042553191489,3.341141514188126,2.1887886010755224,1.0151589000677872,-1.2824687067715361,0.0074144164743162825,0.01167659574468085,3.298097097458249,0.9693542200384693,-0.07659574468085105,0.5804413889324974,0.005935985198889916,0.030395744680851065,3.694462852417625,-1.3196552554017327,0.07617021276595747,-0.32299094246711385,0.025128492136910263,0.9957319148936171,3.278130269113437,2.5079964059547404,0.9944680851063828,-1.4468882624940702,0.006912210915818691,357.44763829787234,3.408892355412074,0.9570372779132597,-6.814893617021277,-1.162387737419303,317.76583857539316,275.96353829787233,3.615595576207242,0.048032043609960606,5.424042553191489,0.45011234260462163,251.9029376503238,7515.531240425532,3.633723427475639,-0.3461457430036141,80.71722784010628,-0.8806640705683062,1022.0051608911663,6882.120063829788,3.535570702963146,-1.6913318148807572,2.2625531914893604,-0.07607047712150464,7026.500936817762
izquierda,01,01,036,izquierda_p01_s01_r036,0,izquierda_p01_s01_r036_w00,izquierda/participante_01_sesion_01_rep_036.csv,47,31.25,1.504,1.0252297872340426,3.6605558727701077,-0.14526977006369668,1.0097226656614262,0.4446583087097622,0.005813619720225955,0.014065957446808509,3.197269968284633,-0.5101628256007387,0.051702127659574465,-0.8580642322502743,0.011640518038852911,0.04067659574468085,3.161447108804127,1.8955772224784457,-0.17574468085106382,-1.282723634522044,0.01000323774283071,0.970487234042553,3.320679948279957,0.78377337129134,0.9827659574468085,0.4481621253574368,0.004759574468085107,207.66021702127657,3.580248691688888,-0.7897080256430624,-1.8893617021276594,0.21131463059415684,208.5272800185014,147.1907063829787,3.2478170265369877,-0.04266063094191397,-6.926808510638296,-0.4040201722089418,101.3667700277521,2388.797589361702,2.7223452936663888,1.478181247490789,32.478796800854106,1.606283045267745,1362.9237248551085,2033.9466659574468,2.528780353623071,1.569295984821479,17.46659574468085,1.7401795560916677,1766.4487142460682
izquierda,01,01,036,izquierda_p01_s01_r036,1,izquierda_p01_s01_r036_w01,izquierda/participante_01_sesion_01_rep_036.csv,47,31.25,1.504,1.0398553191489361,3.562062458236264,-0.5658998475233359,1.0178449374832057,0.36784622315134796,0.003930632875457301,0.009493617021276596,3.5470418546852778,-0.5851668171420301,-0.04425531914893617,0.7408829184820757,0.007698889916743756,0.030968085106382975,3.570367980056757,0.3778205718621317,-0.08404255319148937,-0.6320451656858583,0.02442460684551342,0.9993936170212766,3.387600097806056,0.5450780090075451,0.998085106382979,-0.14047029063818983,0.0032897317298797414,214.70437234042552,3.628982607762363,-0.9279663118555237,-0.8057446808510632,0.15469121555837764,218.7085206290472,166.84902978723406,3.7831339375035653,-1.1216724741261357,-9.140851063829787,-0.2012087609337179,85.10460795559668,4156.187108510638,3.496926415925193,-1.0789503728994458,51.832329177572326,0.5825405101841736,1501.5445162023022,3774.633706382979,3.567352885374283,-1.37399070555242,38.827659574468086,0.3747847868037134,2316.3301791859385
izquierda,01,01,036,izquierda_p01_s01_r036,2,izquierda_p01_s01_r036_w02,izquierda/participante_01_sesion_01_rep_036.csv,47,31.25,1.504,1.037914893617021,3.1690201545108776,1.1304807375944925,1.0178028224765372,0.4711124689222967,0.00203561922311574,0.00678936170212766,3.6388633193944937,-0.7961039033391533,-0.07085106382978723,-0.17769577350238913,0.00180795559666975,0.009795744680851065,3.42095747002883,0.4358534650555077,-0.016595744680851062,-0.1823672336629976,0.009727289546716004,1.0213297872340426,3.3727731613800986,0.9748776358422466,1.0095744680851064,0.021492580176207404,0.0021345975948196126,154.42514893617022,3.2611750231282577,1.0947556452417473,2.5029787234042553,-0.15180777012389846,151.3811213691027,255.44862340425533,3.482246502395559,-0.3789144668779185,3.414255319148936,0.3877108896127358,249.0912988899168,4831.471048936171,3.7908898518993164,-1.21003389092206,60.54019143024248,-0.10287048844654617,1191.7118416241503,4421.597276595744,3.7908898518993164,-1.2048048495201138,-2.202978723404255,0.29621745480021394,4512.760338760407
izquierda,01,01,037,izquierda_p01_s01_r037,0,izquierda_p01_s01_r037_w00,izquierda/participante_01_sesion_01_rep_037.csv,47,31.25,1.504,1.0620851063829786,3.3655084722248634,1.0980124237466464,1.0272915368109539,1.3001762845636482,0.006904100535645232,0.018978723404255316,3.3443728123871788,0.43293593060277624,-0.12425531914893614,-0.04560285175150899,0.003616281221091582,0.037404255319148934,3.2051764178995477,0.8814968880968825,-0.03489361702127659,0.13019861958417683,0.036973358001850136,1.0057021276595746,3.2985883226987642,1.3232540220920361,1.0004255319148936,1.0860934418929307,0.004956336725254394,378.4636170212766,3.1211765358834964,0.7789587497359003,-1.3289361702127662,0.43738113016891894,384.8866227567068,120.83783191489361,3.582864714165784,-0.3004801490595188,-3.0895744680851065,-0.09738738664205995,113.71176068455135,4944.085580851064,3.540369904860649,-1.4632547043039792,55.192784667014585,0.21555699818848775,1939.0995385418737,4444.784131914894,3.606978399329248,-1.3746707080423417,47.76851063829788,0.19680920262643783,2209.9742520814066
izquierda,01,01,037,izquierda_p01_s01_r037,1,izquierda_p01_s01_r037_w01,izquierda/participante_01_sesion_01_rep_037.csv,47,31.25,1.504,1.0289680851063827,3.106683003365703,3.2573754043219108,1.0114848662191105,1.8631573096464393,0.00599398204904907,0.007704255319148937,3.726245034828762,-0.4177276358964095,-0.06659574468085107,-0.27745286928324964,0.003340333024976873,0.01791914893617021,3.2242529487982656,3.2359236010654087,0.06893617021276595,1.6513236340609994,0.013453191489361704,1.003344680851064,3.2737301394215113,2.327682061952766,0.9995744680851066,1.4472247324902945,0.004286771507863091,241.45317872340425,3.448339522748042,-0.41207308131209297,-5.973191489361702,-0.4961456933054777,210.24751350601292,165.80486170212768,3.572984002533653,-0.9364406114335777,1.1414893617021276,-0.4798081976282916,168.07799121184092,4165.980180851064,3.617661991259395,-0.7522762682887425,57.19370488793629,0.15875197264952792,914.3137868697331,3758.722140425532,3.5221252892237978,-1.3029906518450465,5.9519148936170225,0.39507866713558737,3804.2380853839036
izquierda,01,01,037,izquierda_p01_s01_r037,2,izquierda_p01_s01_r037_w02,izquierda/participante_01_sesion_01_rep_037.csv,47,31.25,1.504,1.0206191489361702,3.5711998953186237,0.022182458730875876,1.0081560851838973,0.16405449415211493,0.004332640687258388,0.0065000000000000014,3.4951423087101645,0.1676970626105696,0.013404255319148933,0.9946111994549759,0.006457724329324698,0.04545744680851063,3.470434660652076,-0.6493895674362076,-0.08617021276595745,-0.7645275840075512,0.03885892691951896,0.9686617021276596,3.4626203640720976,0.7698562660907666,0.9819148936170212,-0.6252850237145557,0.0046027752081406114,348.69407446808503,3.100524815173141,1.8559432572006935,5.721489361702127,0.12963339686784017,322.82729990749306,230.44872553191487,3.390706121959449,0.5707651372650915,10.270851063829786,0.7165063878120075,127.67482969472711,2895.040217021277,3.756642182230448,-1.416249581217123,48.44149994709898,-0.24563278517023374,560.3843716333657,2315.897417021277,3.6167716938133005,-1.2309722061737396,-38.181276595744684,0.3999424175500598,876.7416113783535
izquierda,01,01,038,izquierda_p01_s01_r038,0,izquierda_p01_s01_r038_w00,izquierda/participante_01_sesion_01_rep_038.csv,47,31.25,1.504,1.0174297872340425,3.383694705677488,1.6955379230192804,1.008277065033959,-0.5906665586678647,0.0008246940422987056,0.024765957446808515,3.66639590733287,-1.0333056644659682,-0.1519148936170213,-0.22731126149531466,0.001724514338575393,0.015895744680851063,3.3953560122018067,-0.7302340624560455,0.059361702127659566,-0.41427526545006244,0.012640888066604994,0.9767680851063829,3.2837578739499653,0.9370512987769466,0.987872340425532,-0.3547900932639002,0.0008953746530989831,188.85920425531916,3.39803041686293,0.1416730750593831,4.187234042553191,0.4880262212103079,175.05075957446812,47.57370212765957,3.361851617082709,0.509176063752764,0.17404255319148937,0.9468229835403623,48.576963737280295,3409.2628872340433,3.0575426541843824,-1.5821377449143905,45.60312887388904,0.02919769862381092,1358.5222529312823,3172.8299808510637,2.999733531792201,-1.688901347306588,41.34574468085106,0.045549338305545084,1495.1715380203516
izquierda,01,01,038,izquierda_p01_s01_r038,1,izquierda_p01_s01_r038_w01,izquierda/participante_01_sesion_01_rep_038.csv,47,31.25,1.504,1.0330212765957443,3.515259672274141,0.8891707061842902,1.015724280083752,-0.8486225014267264,0.0013542778667859751,0.021085106382978724,3.7643980966261985,-0.8109912399480321,-0.13531914893617022,-0.005650896761081452,0.0028341350601295097,0.006212765957446808,3.234192042614624,1.4731576871599072,0.0323404255319149,-0.43416768096815356,0.005279185938945421,1.0057234042553191,3.5837550116118773,0.33317710427451885,1.002127659574468,-0.6351147341482271,0.0014953746530989836,157.3684723404255,3.5243084686444055,-0.03090838093414927,1.7051063829787227,0.17029995498048695,157.81893422756707,58.65990425531915,3.8304279487062036,-0.7686918080798328,1.8768085106382977,0.2655350086457225,56.33613524514339,3640.335923404255,3.6875972354679685,-1.2553205548558652,52.18722742720334,0.042689907781369406,936.7602867974728,3424.3075468085112,3.747446362963861,-1.2766050979509975,38.98872340425532,-0.34433763587065946,1945.582363552266
izquierda,01,01,038,izquierda_p01_s01_r038,2,izquierda_p01_s01_r038_w02,izquierda/participante_01_sesion_01_rep_038.csv,47,31.25,1.504,1.0294872340425534,3.5703679800567567,0.07002587990549758,1.0136799498277131,-0.708412110943143,0.0019823714763562445,0.009646808510638299,3.4696913861023053,-0.4532382421703365,-0.09021276595744679,-0.46971077790488824,0.0015412580943570773,0.013806382978723405,3.397140119416836,0.17406056233321543,0.007446808510638303,-0.7578103531350078,0.014049861239592967,1.0060340425531917,3.647660066455502,-0.15323538029005324,1.0021276595744681,-0.586218289092588,0.0018127659574468102,139.40421276595745,3.623633798440117,-0.6047262314563882,-3.0570212765957447,-0.5731335682203281,132.88619962997225,122.95921276595746,3.622608216053222,0.41044392828732956,5.079148936170212,0.6366963157353467,99.27366447733579,3073.378446808511,3.9185494263674014,-1.344702346722238,48.20587363903014,0.04985019424483913,765.8672411912913,2811.0150212765957,3.8152568099360535,-0.9295176643786647,-29.686382978723397,0.4100134885329987,1971.684419241443
izquierda,01,01,039,izquierda_p01_s01_r039,0,izquierda_p01_s01_r039_w00,izquierda/participante_01_sesion_01_rep_039.csv,47,31.25,1.504,1.0447085106382978,3.282182684138328,0.5911248219150003,1.0196905698224121,-0.3544830598083283,0.005047036202532817,0.006578723404255321,3.5920605334323708,-0.4541181287115399,-0.04127659574468086,-0.10336913524215327,0.004980943570767809,0.06607659574468085,3.499198236057897,-0.40195523210757633,-0.19319148936170208,-0.544586862554986,0.029378723404255316,0.9720531914893616,3.5039390557711734,0.676110961761156,0.9814893617021274,-0.5338884444472052,0.008921646623496761,1062.5540489361701,2.9236618482417294,4.284704373481578,3.0244680851063825,-0.15788944546641326,1076.306786123959,413.335270212766,3.7015338744478328,-0.9197835087868804,-9.154255319148936,-0.2239953535871481,336.6986814986123,5038.424010638298,3.6867069380218744,-1.3805041715125201,61.91731230529593,0.10833482999629256,1230.8589355164584,3562.5346914893616,3.849504479604922,-1.5044178705479898,42.012127659574475,0.1478619194070495,1836.5922518963926
izquierda,01,01,039,izquierda_p01_s01_r039,1,izquierda_p01_s01_r039_w01,izquierda/participante_01_sesion_01_rep_039.csv,47,31.25,1.504,1.0547000000000002,2.7801318796670196,7.361370344473352,1.021672603735971,1.229133008648291,0.011121723183521653,0.006514893617021277,3.599816447828122,-0.6151521939482869,-0.05404255319148936,-0.4347335321110272,0.003672432932469935,0.01571063829787234,3.5477267470508216,0.12317944529006741,-0.07744680851063829,-0.09465629302893334,0.00992377428307123,1.0324744680851066,2.737087462937142,6.63541537782768,1.0104255319148936,1.1174265809097232,0.011765032377428307,601.8512340425532,2.621986853341738,7.864501902989563,-5.343829787234043,-1.4967072513896327,585.7576458834411,563.6612553191488,3.360276427271072,0.08420197916351668,-1.7953191489361697,0.1735311942399067,572.6215210915818,6755.682319148937,3.5235651940946346,-0.34459438820528954,74.2853738098293,-0.03410723006026581,1264.2648083237964,5590.169829787234,3.8473796823685413,-1.474321735565862,-6.785957446808509,0.1378402631514302,5664.644972432932
izquierda,01,01,039,izquierda_p01_s01_r039,2,izquierda_p01_s01_r039_w02,izquierda/participante_01_sesion_01_rep_039.csv,47,31.25,1.504,1.0421702127659576,2.8525983542198197,6.979781339855773,1.015283460224928,1.3769134998528898,0.011616875728342512,0.005768085106382979,3.788215447238193,-0.8158820638532367,0.010851063829787231,-0.021846901317158066,0.005773172987974099,0.0177063829787234,3.6709861918269815,-0.25066882664745016,-0.08297872340425531,0.16234108146254647,0.011056151711378354,1.0186957446808511,2.8259786001190874,7.181452321147734,1.0036170212765956,1.4795723849407916,0.011697502312673452,641.1850234042553,2.8427141302648473,7.167777135788086,-9.764468085106381,-1.6038571656709255,557.7062774283071,341.15785531914895,3.30194410740259,2.0775283666067086,8.1,0.6181163747146019,281.5380260869565,4503.6428297872335,3.460495566835718,0.1250077987178,56.14364834990724,0.727970984013209,1380.9147445263498,3521.2999510638297,3.673660596488105,-1.1289762846381242,-46.03170212765957,-0.2730317251604918,1432.8689231267347
izquierda,01,01,040,izquierda_p01_s01_r040,0,izquierda_p01_s01_r040_w00,izquierda/participante_01_sesion_01_rep_040.csv,45,30.303030303030305,1.4849999999999999,1.0375999999999999,3.4465397626117253,0.23780112572700052,1.0169332995326672,0.5840565020694947,0.0035249975811849593,0.020866666666666662,3.3917754637959434,-0.5254371218517222,-0.12577777777777777,-0.5833803757153695,0.005161313131313131,0.044855555555555565,3.2722941219596406,0.8640002357237502,-0.13977777777777778,-1.141169607487525,0.025893131313131316,0.9718777777777777,3.3441819204609153,0.2489158448766311,0.9837777777777779,-0.272952780067717,0.004151313131313132,559.7565999999999,3.349133443272559,0.8455812614034999,2.282222222222222,0.5595285649300306,567.1514267676768,263.11448444444443,3.3256382125467674,-1.2943779528044184,-10.60711111111111,-0.5214492842937161,154.02648919191918,3915.9302311111114,3.1514312887783418,-1.4776192746582952,50.9983803411167,-0.2605893926452422,1344.9839662778656,3093.0591466666665,3.3069082314972227,-1.2314498754214473,43.14266666666666,0.046374948385394625,1259.76422
izquierda,01,01,040,izquierda_p01_s01_r040,1,izquierda_p01_s01_r040_w01,izquierda/participante_01_sesion_01_rep_040.csv,45,30.303030303030305,1.4849999999999999,1.0447933333333335,3.5863285193995766,-0.5060009038129074,1.0204144676935831,0.16376404157377014,0.003628275806204147,0.021911111111111114,3.4579467088778872,0.28459557949152314,-0.13244444444444445,-0.3684861513269569,0.004468888888888889,0.021637777777777777,3.738656363227873,-0.725246396949347,-0.07177777777777779,0.09700270726922545,0.01686040404040404,1.0012444444444446,3.580960187839884,-0.5221082005027813,0.9982222222222221,-0.1405474764814445,0.004905858585858589,548.2360488888888,3.507759484882025,0.11222890050342915,-4.5488888888888885,0.2214642622664064,539.5332873737374,472.26057111111106,3.521446640765265,-0.20796204040299093,-3.112222222222221,0.6025978218313064,473.08770404040393,3778.510202222222,3.594429141101805,-1.3476914503329864,52.54407049696611,-0.10683012024758387,1040.7588318737162,2758.0135822222223,3.4765853875727717,-0.796434445833798,22.07733333333333,-0.18072502531510942,2322.209592727272
izquierda,01,01,040,izquierda_p01_s01_r040,2,izquierda_p01_s01_r040_w02,izquierda/participante_01_sesion_01_rep_040.csv,45,30.303030303030305,1.4849999999999999,1.044535555555556,3.5236658734343735,-0.09112206058548722,1.020240608854345,-0.3108318252096803,0.0037274886818905594,0.009684444444444445,3.488764974387061,0.4938030256132171,-0.06711111111111111,0.8260053519339603,0.005298282828282828,0.02438,3.638873585546249,-1.0765684391802879,-0.06911111111111112,-0.10342333190391394,0.02004919191919192,1.010471111111111,3.3305557415256444,-0.3457483983372893,1.0035555555555555,-0.2247463669124103,0.0034234343434343464,304.27368888888884,3.3774679466672057,0.07139862072332903,-9.10977777777778,-0.9000408651065653,226.3148567676768,356.13592222222223,3.455727476208779,-0.1783035952650076,10.612222222222222,0.8293769126339511,249.0511313131313,3828.565602222222,3.5586593527809867,-1.7032205237552724,50.21455608837467,0.15384778396277357,1336.7699581394618,3168.1559911111112,3.4041122762835823,-1.3682284432954224,-41.528444444444446,-0.09900815370822877,1476.352117979798
